Time(Minutes);EntityID;ObjectName;ProcessID;StepName;Action
0;--;--;--;--;System initialization completed.
0;--;--;--;--;Time until next event of timer 'Source_InitModel.EntityArrivals' is '0' Minutes.
0;--;--;--;--;Time until next event of timer 'Source_LotesProduccion.EntityArrivals' is '0' Minutes.
0;--;--;--;--;Created object 'Worker_Manipulador_1[1]'.
0;Worker_Manipulador_1[1];Worker_Manipulador_1[1];0.OnCreated;[Begin];Process 'Worker_Manipulador_1[1].OnCreated' execution started.
0;Worker_Manipulador_1[1];Worker_Manipulador_1[1];0.OnCreated;[Assign] OnCreatedAssignments;Assigning state variable 'Worker_Manipulador_1[1].OnEvaluatingRiderReservation.Enabled' the value '1'. Previous value was '1'.
0;Worker_Manipulador_1[1];Worker_Manipulador_1[1];0.OnCreated;[Assign] OnCreatedAssignments;Assigning state variable 'Worker_Manipulador_1[1].OnEvaluatingRiderReservation.ReturnValue' the value '1'. Previous value was '1'.
0;Worker_Manipulador_1[1];Worker_Manipulador_1[1];0.OnCreated;[Assign] OnCreatedAssignments;Assigning state variable 'Worker_Manipulador_1[1].OnEvaluatingSeizeRequest.Enabled' the value '1'. Previous value was '1'.
0;Worker_Manipulador_1[1];Worker_Manipulador_1[1];0.OnCreated;[Assign] OnCreatedAssignments;Assigning state variable 'Worker_Manipulador_1[1].OnEvaluatingSeizeRequest.ReturnValue' the value '1'. Previous value was '1'.
0;Worker_Manipulador_1[1];Worker_Manipulador_1[1];0.OnCreated;[Assign] OnCreatedAssignments;Assigning state variable 'Worker_Manipulador_1[1].OnEvaluatingRiderAtPickup.Enabled' the value '1'. Previous value was '1'.
0;Worker_Manipulador_1[1];Worker_Manipulador_1[1];0.OnCreated;[Assign] OnCreatedAssignments;Assigning state variable 'Worker_Manipulador_1[1].OnEvaluatingRiderAtPickup.ReturnValue' the value '1'. Previous value was '1'.
0;Worker_Manipulador_1[1];Worker_Manipulador_1[1];0.OnCreated;[Assign] OnCreatedAssignments;Assigning state variable 'Worker_Manipulador_1[1].HomeNode' the value 'Node_BaseManipulador'. Previous value was 'Nothing'.
0;Worker_Manipulador_1[1];Worker_Manipulador_1[1];0.OnCreated;[End];Process 'Worker_Manipulador_1[1].OnCreated' execution ended.
0;--;--;--;--;Created object 'Worker_Panadero_1[1]'.
0;Worker_Panadero_1[1];Worker_Panadero_1[1];0.OnCreated;[Begin];Process 'Worker_Panadero_1[1].OnCreated' execution started.
0;Worker_Panadero_1[1];Worker_Panadero_1[1];0.OnCreated;[Assign] OnCreatedAssignments;Assigning state variable 'Worker_Panadero_1[1].OnEvaluatingRiderReservation.Enabled' the value '1'. Previous value was '1'.
0;Worker_Panadero_1[1];Worker_Panadero_1[1];0.OnCreated;[Assign] OnCreatedAssignments;Assigning state variable 'Worker_Panadero_1[1].OnEvaluatingRiderReservation.ReturnValue' the value '1'. Previous value was '1'.
0;Worker_Panadero_1[1];Worker_Panadero_1[1];0.OnCreated;[Assign] OnCreatedAssignments;Assigning state variable 'Worker_Panadero_1[1].OnEvaluatingSeizeRequest.Enabled' the value '1'. Previous value was '1'.
0;Worker_Panadero_1[1];Worker_Panadero_1[1];0.OnCreated;[Assign] OnCreatedAssignments;Assigning state variable 'Worker_Panadero_1[1].OnEvaluatingSeizeRequest.ReturnValue' the value '1'. Previous value was '1'.
0;Worker_Panadero_1[1];Worker_Panadero_1[1];0.OnCreated;[Assign] OnCreatedAssignments;Assigning state variable 'Worker_Panadero_1[1].OnEvaluatingRiderAtPickup.Enabled' the value '1'. Previous value was '1'.
0;Worker_Panadero_1[1];Worker_Panadero_1[1];0.OnCreated;[Assign] OnCreatedAssignments;Assigning state variable 'Worker_Panadero_1[1].OnEvaluatingRiderAtPickup.ReturnValue' the value '1'. Previous value was '1'.
0;Worker_Panadero_1[1];Worker_Panadero_1[1];0.OnCreated;[Assign] OnCreatedAssignments;Assigning state variable 'Worker_Panadero_1[1].HomeNode' the value 'Node_Silla_Panadero_1'. Previous value was 'Nothing'.
0;Worker_Panadero_1[1];Worker_Panadero_1[1];0.OnCreated;[End];Process 'Worker_Panadero_1[1].OnCreated' execution ended.
0;--;--;--;--;Created object 'Worker_Panadero_2[1]'.
0;Worker_Panadero_2[1];Worker_Panadero_2[1];0.OnCreated;[Begin];Process 'Worker_Panadero_2[1].OnCreated' execution started.
0;Worker_Panadero_2[1];Worker_Panadero_2[1];0.OnCreated;[Assign] OnCreatedAssignments;Assigning state variable 'Worker_Panadero_2[1].OnEvaluatingRiderReservation.Enabled' the value '1'. Previous value was '1'.
0;Worker_Panadero_2[1];Worker_Panadero_2[1];0.OnCreated;[Assign] OnCreatedAssignments;Assigning state variable 'Worker_Panadero_2[1].OnEvaluatingRiderReservation.ReturnValue' the value '1'. Previous value was '1'.
0;Worker_Panadero_2[1];Worker_Panadero_2[1];0.OnCreated;[Assign] OnCreatedAssignments;Assigning state variable 'Worker_Panadero_2[1].OnEvaluatingSeizeRequest.Enabled' the value '1'. Previous value was '1'.
0;Worker_Panadero_2[1];Worker_Panadero_2[1];0.OnCreated;[Assign] OnCreatedAssignments;Assigning state variable 'Worker_Panadero_2[1].OnEvaluatingSeizeRequest.ReturnValue' the value '1'. Previous value was '1'.
0;Worker_Panadero_2[1];Worker_Panadero_2[1];0.OnCreated;[Assign] OnCreatedAssignments;Assigning state variable 'Worker_Panadero_2[1].OnEvaluatingRiderAtPickup.Enabled' the value '1'. Previous value was '1'.
0;Worker_Panadero_2[1];Worker_Panadero_2[1];0.OnCreated;[Assign] OnCreatedAssignments;Assigning state variable 'Worker_Panadero_2[1].OnEvaluatingRiderAtPickup.ReturnValue' the value '1'. Previous value was '1'.
0;Worker_Panadero_2[1];Worker_Panadero_2[1];0.OnCreated;[Assign] OnCreatedAssignments;Assigning state variable 'Worker_Panadero_2[1].HomeNode' the value 'Node_Silla_Panadero_2'. Previous value was 'Nothing'.
0;Worker_Panadero_2[1];Worker_Panadero_2[1];0.OnCreated;[End];Process 'Worker_Panadero_2[1].OnCreated' execution ended.
0;--;--;--;--;Created object 'Worker_Panadero_3[1]'.
0;Worker_Panadero_3[1];Worker_Panadero_3[1];0.OnCreated;[Begin];Process 'Worker_Panadero_3[1].OnCreated' execution started.
0;Worker_Panadero_3[1];Worker_Panadero_3[1];0.OnCreated;[Assign] OnCreatedAssignments;Assigning state variable 'Worker_Panadero_3[1].OnEvaluatingRiderReservation.Enabled' the value '1'. Previous value was '1'.
0;Worker_Panadero_3[1];Worker_Panadero_3[1];0.OnCreated;[Assign] OnCreatedAssignments;Assigning state variable 'Worker_Panadero_3[1].OnEvaluatingRiderReservation.ReturnValue' the value '1'. Previous value was '1'.
0;Worker_Panadero_3[1];Worker_Panadero_3[1];0.OnCreated;[Assign] OnCreatedAssignments;Assigning state variable 'Worker_Panadero_3[1].OnEvaluatingSeizeRequest.Enabled' the value '1'. Previous value was '1'.
0;Worker_Panadero_3[1];Worker_Panadero_3[1];0.OnCreated;[Assign] OnCreatedAssignments;Assigning state variable 'Worker_Panadero_3[1].OnEvaluatingSeizeRequest.ReturnValue' the value '1'. Previous value was '1'.
0;Worker_Panadero_3[1];Worker_Panadero_3[1];0.OnCreated;[Assign] OnCreatedAssignments;Assigning state variable 'Worker_Panadero_3[1].OnEvaluatingRiderAtPickup.Enabled' the value '1'. Previous value was '1'.
0;Worker_Panadero_3[1];Worker_Panadero_3[1];0.OnCreated;[Assign] OnCreatedAssignments;Assigning state variable 'Worker_Panadero_3[1].OnEvaluatingRiderAtPickup.ReturnValue' the value '1'. Previous value was '1'.
0;Worker_Panadero_3[1];Worker_Panadero_3[1];0.OnCreated;[Assign] OnCreatedAssignments;Assigning state variable 'Worker_Panadero_3[1].HomeNode' the value 'Node_Silla_Panadero_3'. Previous value was 'Nothing'.
0;Worker_Panadero_3[1];Worker_Panadero_3[1];0.OnCreated;[End];Process 'Worker_Panadero_3[1].OnCreated' execution ended.
0;Worker_Manipulador_1[1];Worker_Manipulador_1[1];0.OnRunInitialized;[Begin];Process 'Worker_Manipulador_1[1].OnRunInitialized' execution started.
0;Worker_Manipulador_1[1];Worker_Manipulador_1[1];0.OnRunInitialized;[Park] AtInitialNode;Entity 'Worker_Manipulador_1[1]' transferring from '[FreeSpace] Model_Panaderia' into station 'Node_BaseManipulador.ParkingStation'.
0;Worker_Manipulador_1[1];Node_BaseManipulador;1.OnEnteredParking;[Begin];Process 'Node_BaseManipulador.OnEnteredParking' execution started.
0;Worker_Manipulador_1[1];Node_BaseManipulador;1.OnEnteredParking;[EndTransfer] EndTransfer;Entity 'Worker_Manipulador_1[1]' ending transfer into station 'Node_BaseManipulador.ParkingStation'.
0;Worker_Manipulador_1[1];Node_BaseManipulador;1.OnEnteredParking;[End];Process 'Node_BaseManipulador.OnEnteredParking' execution ended.
0;Worker_Panadero_1[1];Worker_Panadero_1[1];1.OnRunInitialized;[Begin];Process 'Worker_Panadero_1[1].OnRunInitialized' execution started.
0;Worker_Panadero_1[1];Worker_Panadero_1[1];1.OnRunInitialized;[Park] AtInitialNode;Entity 'Worker_Panadero_1[1]' transferring from '[FreeSpace] Model_Panaderia' into station 'Node_Silla_Panadero_1.ParkingStation'.
0;Worker_Panadero_1[1];Node_Silla_Panadero_1;2.OnEnteredParking;[Begin];Process 'Node_Silla_Panadero_1.OnEnteredParking' execution started.
0;Worker_Panadero_1[1];Node_Silla_Panadero_1;2.OnEnteredParking;[EndTransfer] EndTransfer;Entity 'Worker_Panadero_1[1]' ending transfer into station 'Node_Silla_Panadero_1.ParkingStation'.
0;Worker_Panadero_1[1];Node_Silla_Panadero_1;2.OnEnteredParking;[End];Process 'Node_Silla_Panadero_1.OnEnteredParking' execution ended.
0;Worker_Panadero_2[1];Worker_Panadero_2[1];2.OnRunInitialized;[Begin];Process 'Worker_Panadero_2[1].OnRunInitialized' execution started.
0;Worker_Panadero_2[1];Worker_Panadero_2[1];2.OnRunInitialized;[Park] AtInitialNode;Entity 'Worker_Panadero_2[1]' transferring from '[FreeSpace] Model_Panaderia' into station 'Node_Silla_Panadero_2.ParkingStation'.
0;Worker_Panadero_2[1];Node_Silla_Panadero_2;3.OnEnteredParking;[Begin];Process 'Node_Silla_Panadero_2.OnEnteredParking' execution started.
0;Worker_Panadero_2[1];Node_Silla_Panadero_2;3.OnEnteredParking;[EndTransfer] EndTransfer;Entity 'Worker_Panadero_2[1]' ending transfer into station 'Node_Silla_Panadero_2.ParkingStation'.
0;Worker_Panadero_2[1];Node_Silla_Panadero_2;3.OnEnteredParking;[End];Process 'Node_Silla_Panadero_2.OnEnteredParking' execution ended.
0;Worker_Panadero_3[1];Worker_Panadero_3[1];3.OnRunInitialized;[Begin];Process 'Worker_Panadero_3[1].OnRunInitialized' execution started.
0;Worker_Panadero_3[1];Worker_Panadero_3[1];3.OnRunInitialized;[Park] AtInitialNode;Entity 'Worker_Panadero_3[1]' transferring from '[FreeSpace] Model_Panaderia' into station 'Node_Silla_Panadero_3.ParkingStation'.
0;Worker_Panadero_3[1];Node_Silla_Panadero_3;4.OnEnteredParking;[Begin];Process 'Node_Silla_Panadero_3.OnEnteredParking' execution started.
0;Worker_Panadero_3[1];Node_Silla_Panadero_3;4.OnEnteredParking;[EndTransfer] EndTransfer;Entity 'Worker_Panadero_3[1]' ending transfer into station 'Node_Silla_Panadero_3.ParkingStation'.
0;Worker_Panadero_3[1];Node_Silla_Panadero_3;4.OnEnteredParking;[End];Process 'Node_Silla_Panadero_3.OnEnteredParking' execution ended.
0;Worker_Manipulador_1[1];Worker_Manipulador_1[1];0.OnRunInitialized;[Decide] IfOnShift;Token branching on condition 'ResourceState!=List.ResourceStateName.OffShift'.
0;Worker_Manipulador_1[1];Worker_Manipulador_1[1];0.OnRunInitialized;[Decide] IfOnShift;Token sent to 'True' exit.
0;Worker_Manipulador_1[1];Worker_Manipulador_1[1];0.OnRunInitialized;[PlanVisit] InitialMoveOrTransportRequests;Entity 'Worker_Manipulador_1[1]' searching 'Model_Panaderia.Global.VisitRequestQueue' which contains '0' request(s).
0;Worker_Manipulador_1[1];Worker_Manipulador_1[1];0.OnRunInitialized;[PlanVisit] InitialMoveOrTransportRequests;Entity 'Worker_Manipulador_1[1]' failed to find and plan an eligible visit request.
0;Worker_Manipulador_1[1];Worker_Manipulador_1[1];0.OnRunInitialized;[End];Process 'Worker_Manipulador_1[1].OnRunInitialized' execution ended.
0;Worker_Panadero_1[1];Worker_Panadero_1[1];1.OnRunInitialized;[Decide] IfOnShift;Token branching on condition 'ResourceState!=List.ResourceStateName.OffShift'.
0;Worker_Panadero_1[1];Worker_Panadero_1[1];1.OnRunInitialized;[Decide] IfOnShift;Token sent to 'True' exit.
0;Worker_Panadero_1[1];Worker_Panadero_1[1];1.OnRunInitialized;[PlanVisit] InitialMoveOrTransportRequests;Entity 'Worker_Panadero_1[1]' searching 'Model_Panaderia.Global.VisitRequestQueue' which contains '0' request(s).
0;Worker_Panadero_1[1];Worker_Panadero_1[1];1.OnRunInitialized;[PlanVisit] InitialMoveOrTransportRequests;Entity 'Worker_Panadero_1[1]' failed to find and plan an eligible visit request.
0;Worker_Panadero_1[1];Worker_Panadero_1[1];1.OnRunInitialized;[End];Process 'Worker_Panadero_1[1].OnRunInitialized' execution ended.
0;Worker_Panadero_2[1];Worker_Panadero_2[1];2.OnRunInitialized;[Decide] IfOnShift;Token branching on condition 'ResourceState!=List.ResourceStateName.OffShift'.
0;Worker_Panadero_2[1];Worker_Panadero_2[1];2.OnRunInitialized;[Decide] IfOnShift;Token sent to 'True' exit.
0;Worker_Panadero_2[1];Worker_Panadero_2[1];2.OnRunInitialized;[PlanVisit] InitialMoveOrTransportRequests;Entity 'Worker_Panadero_2[1]' searching 'Model_Panaderia.Global.VisitRequestQueue' which contains '0' request(s).
0;Worker_Panadero_2[1];Worker_Panadero_2[1];2.OnRunInitialized;[PlanVisit] InitialMoveOrTransportRequests;Entity 'Worker_Panadero_2[1]' failed to find and plan an eligible visit request.
0;Worker_Panadero_2[1];Worker_Panadero_2[1];2.OnRunInitialized;[End];Process 'Worker_Panadero_2[1].OnRunInitialized' execution ended.
0;Worker_Panadero_3[1];Worker_Panadero_3[1];3.OnRunInitialized;[Decide] IfOnShift;Token branching on condition 'ResourceState!=List.ResourceStateName.OffShift'.
0;Worker_Panadero_3[1];Worker_Panadero_3[1];3.OnRunInitialized;[Decide] IfOnShift;Token sent to 'True' exit.
0;Worker_Panadero_3[1];Worker_Panadero_3[1];3.OnRunInitialized;[PlanVisit] InitialMoveOrTransportRequests;Entity 'Worker_Panadero_3[1]' searching 'Model_Panaderia.Global.VisitRequestQueue' which contains '0' request(s).
0;Worker_Panadero_3[1];Worker_Panadero_3[1];3.OnRunInitialized;[PlanVisit] InitialMoveOrTransportRequests;Entity 'Worker_Panadero_3[1]' failed to find and plan an eligible visit request.
0;Worker_Panadero_3[1];Worker_Panadero_3[1];3.OnRunInitialized;[End];Process 'Worker_Panadero_3[1].OnRunInitialized' execution ended.
0;--;--;--;--;Firing event 'Source_InitModel.EntityArrivals.Event'.
0;--;--;--;--;Timer ‘Source_InitModel.EntityArrivals’ stopping condition detected.
0;Source_InitModel;Source_InitModel;3.OnEntityArrival;[Begin];Process 'Source_InitModel.OnEntityArrival' execution started.
0;Source_InitModel;Source_InitModel;3.OnEntityArrival;[Create] Entities;Creating '1' new object(s) of entity type 'ModelEntity1'.
0;Source_InitModel;Source_InitModel;3.OnEntityArrival;[Create] Entities;Created object 'ModelEntity1.77'.
0;ModelEntity1.77;Source_InitModel;2.OnEntityArrival;[Transfer] ToProcessing;Entity 'ModelEntity1.77' transferring from '[FreeSpace] Source_InitModel' into station 'Source_InitModel.Processing'.
0;Source_InitModel;Source_InitModel;3.OnEntityArrival;[End];Process 'Source_InitModel.OnEntityArrival' execution ended.
0;ModelEntity1.77;Source_InitModel;1.OnEnteredProcessing;[Begin];Process 'Source_InitModel.OnEnteredProcessing' execution started.
0;ModelEntity1.77;Source_InitModel;1.OnEnteredProcessing;[EndTransfer] IntoProcessing;Entity 'ModelEntity1.77' ending transfer into station 'Source_InitModel.Processing'.
0;ModelEntity1.77;Source_InitModel;1.OnEnteredProcessing;[Execute] CreatedEntityAddOnProcess;Executing process 'P_InitModel'.
0;ModelEntity1.77;Model_Panaderia;3.P_InitModel;[Begin];Process 'P_InitModel' execution started.
0;ModelEntity1.77;Model_Panaderia;3.P_InitModel;[Assign] Assign_InitVectors;Assigning state variable 'Model_Panaderia.StockSala[1]' the value '126,19'. Previous value was '0'.
0;ModelEntity1.77;Model_Panaderia;3.P_InitModel;[Assign] Assign_InitVectors;Assigning state variable 'Model_Panaderia.DemandaTotal[1]' the value '0'. Previous value was '0'.
0;ModelEntity1.77;Model_Panaderia;3.P_InitModel;[Assign] Assign_InitVectors;Assigning state variable 'Model_Panaderia.DemandaSatisfecha[1]' the value '0'. Previous value was '0'.
0;ModelEntity1.77;Model_Panaderia;3.P_InitModel;[Assign] Assign_InitVectors;Assigning state variable 'Model_Panaderia.DemandaPerdida[1]' the value '0'. Previous value was '0'.
0;ModelEntity1.77;Model_Panaderia;3.P_InitModel;[Assign] Assign_InitVectors;Assigning state variable 'Model_Panaderia.StockoutCount[1]' the value '0'. Previous value was '0'.
0;ModelEntity1.77;Model_Panaderia;3.P_InitModel;[Assign] Assign_InitVectors;Assigning state variable 'Model_Panaderia.StockSala[2]' the value '107,26'. Previous value was '0'.
0;ModelEntity1.77;Model_Panaderia;3.P_InitModel;[Assign] Assign_InitVectors;Assigning state variable 'Model_Panaderia.StockSala[3]' the value '50,48'. Previous value was '0'.
0;ModelEntity1.77;Model_Panaderia;3.P_InitModel;[Assign] Assign_InitVectors;Assigning state variable 'Model_Panaderia.StockSala[4]' the value '50,48'. Previous value was '0'.
0;ModelEntity1.77;Model_Panaderia;3.P_InitModel;[Assign] Assign_InitVectors;Assigning state variable 'Model_Panaderia.StockSala[5]' the value '26,06'. Previous value was '0'.
0;ModelEntity1.77;Model_Panaderia;3.P_InitModel;[Assign] Assign_InitVectors;Assigning state variable 'Model_Panaderia.StockSala[6]' the value '15,13'. Previous value was '0'.
0;ModelEntity1.77;Model_Panaderia;3.P_InitModel;[Assign] Assign_InitVectors;Assigning state variable 'Model_Panaderia.StockSala[7]' the value '13,24'. Previous value was '0'.
0;ModelEntity1.77;Model_Panaderia;3.P_InitModel;[Assign] Assign_InitVectors;Assigning state variable 'Model_Panaderia.StockSala[8]' the value '29,17'. Previous value was '0'.
0;ModelEntity1.77;Model_Panaderia;3.P_InitModel;[Assign] Assign_InitVectors;Assigning state variable 'Model_Panaderia.StockSala[9]' the value '18,33'. Previous value was '0'.
0;ModelEntity1.77;Model_Panaderia;3.P_InitModel;[Assign] Assign_InitVectors;Assigning state variable 'Model_Panaderia.StockSala[10]' the value '12,43'. Previous value was '0'.
0;ModelEntity1.77;Model_Panaderia;3.P_InitModel;[Assign] Assign_InitVectors;Assigning state variable 'Model_Panaderia.DemandaTotal[2]' the value '0'. Previous value was '0'.
0;ModelEntity1.77;Model_Panaderia;3.P_InitModel;[Assign] Assign_InitVectors;Assigning state variable 'Model_Panaderia.DemandaTotal[3]' the value '0'. Previous value was '0'.
0;ModelEntity1.77;Model_Panaderia;3.P_InitModel;[Assign] Assign_InitVectors;Assigning state variable 'Model_Panaderia.DemandaTotal[4]' the value '0'. Previous value was '0'.
0;ModelEntity1.77;Model_Panaderia;3.P_InitModel;[Assign] Assign_InitVectors;Assigning state variable 'Model_Panaderia.DemandaTotal[5]' the value '0'. Previous value was '0'.
0;ModelEntity1.77;Model_Panaderia;3.P_InitModel;[Assign] Assign_InitVectors;Assigning state variable 'Model_Panaderia.DemandaTotal[6]' the value '0'. Previous value was '0'.
0;ModelEntity1.77;Model_Panaderia;3.P_InitModel;[Assign] Assign_InitVectors;Assigning state variable 'Model_Panaderia.DemandaTotal[7]' the value '0'. Previous value was '0'.
0;ModelEntity1.77;Model_Panaderia;3.P_InitModel;[Assign] Assign_InitVectors;Assigning state variable 'Model_Panaderia.DemandaTotal[8]' the value '0'. Previous value was '0'.
0;ModelEntity1.77;Model_Panaderia;3.P_InitModel;[Assign] Assign_InitVectors;Assigning state variable 'Model_Panaderia.DemandaTotal[9]' the value '0'. Previous value was '0'.
0;ModelEntity1.77;Model_Panaderia;3.P_InitModel;[Assign] Assign_InitVectors;Assigning state variable 'Model_Panaderia.DemandaTotal[10]' the value '0'. Previous value was '0'.
0;ModelEntity1.77;Model_Panaderia;3.P_InitModel;[Assign] Assign_InitVectors;Assigning state variable 'Model_Panaderia.DemandaSatisfecha[2]' the value '0'. Previous value was '0'.
0;ModelEntity1.77;Model_Panaderia;3.P_InitModel;[Assign] Assign_InitVectors;Assigning state variable 'Model_Panaderia.DemandaSatisfecha[3]' the value '0'. Previous value was '0'.
0;ModelEntity1.77;Model_Panaderia;3.P_InitModel;[Assign] Assign_InitVectors;Assigning state variable 'Model_Panaderia.DemandaSatisfecha[4]' the value '0'. Previous value was '0'.
0;ModelEntity1.77;Model_Panaderia;3.P_InitModel;[Assign] Assign_InitVectors;Assigning state variable 'Model_Panaderia.DemandaSatisfecha[5]' the value '0'. Previous value was '0'.
0;ModelEntity1.77;Model_Panaderia;3.P_InitModel;[Assign] Assign_InitVectors;Assigning state variable 'Model_Panaderia.DemandaSatisfecha[6]' the value '0'. Previous value was '0'.
0;ModelEntity1.77;Model_Panaderia;3.P_InitModel;[Assign] Assign_InitVectors;Assigning state variable 'Model_Panaderia.DemandaSatisfecha[7]' the value '0'. Previous value was '0'.
0;ModelEntity1.77;Model_Panaderia;3.P_InitModel;[Assign] Assign_InitVectors;Assigning state variable 'Model_Panaderia.DemandaSatisfecha[8]' the value '0'. Previous value was '0'.
0;ModelEntity1.77;Model_Panaderia;3.P_InitModel;[Assign] Assign_InitVectors;Assigning state variable 'Model_Panaderia.DemandaSatisfecha[9]' the value '0'. Previous value was '0'.
0;ModelEntity1.77;Model_Panaderia;3.P_InitModel;[Assign] Assign_InitVectors;Assigning state variable 'Model_Panaderia.DemandaSatisfecha[10]' the value '0'. Previous value was '0'.
0;ModelEntity1.77;Model_Panaderia;3.P_InitModel;[Assign] Assign_InitVectors;Assigning state variable 'Model_Panaderia.DemandaPerdida[2]' the value '0'. Previous value was '0'.
0;ModelEntity1.77;Model_Panaderia;3.P_InitModel;[Assign] Assign_InitVectors;Assigning state variable 'Model_Panaderia.DemandaPerdida[3]' the value '0'. Previous value was '0'.
0;ModelEntity1.77;Model_Panaderia;3.P_InitModel;[Assign] Assign_InitVectors;Assigning state variable 'Model_Panaderia.DemandaPerdida[4]' the value '0'. Previous value was '0'.
0;ModelEntity1.77;Model_Panaderia;3.P_InitModel;[Assign] Assign_InitVectors;Assigning state variable 'Model_Panaderia.DemandaPerdida[5]' the value '0'. Previous value was '0'.
0;ModelEntity1.77;Model_Panaderia;3.P_InitModel;[Assign] Assign_InitVectors;Assigning state variable 'Model_Panaderia.DemandaPerdida[6]' the value '0'. Previous value was '0'.
0;ModelEntity1.77;Model_Panaderia;3.P_InitModel;[Assign] Assign_InitVectors;Assigning state variable 'Model_Panaderia.DemandaPerdida[7]' the value '0'. Previous value was '0'.
0;ModelEntity1.77;Model_Panaderia;3.P_InitModel;[Assign] Assign_InitVectors;Assigning state variable 'Model_Panaderia.DemandaPerdida[8]' the value '0'. Previous value was '0'.
0;ModelEntity1.77;Model_Panaderia;3.P_InitModel;[Assign] Assign_InitVectors;Assigning state variable 'Model_Panaderia.DemandaPerdida[9]' the value '0'. Previous value was '0'.
0;ModelEntity1.77;Model_Panaderia;3.P_InitModel;[Assign] Assign_InitVectors;Assigning state variable 'Model_Panaderia.DemandaPerdida[10]' the value '0'. Previous value was '0'.
0;ModelEntity1.77;Model_Panaderia;3.P_InitModel;[Assign] Assign_InitVectors;Assigning state variable 'Model_Panaderia.StockoutCount[2]' the value '0'. Previous value was '0'.
0;ModelEntity1.77;Model_Panaderia;3.P_InitModel;[Assign] Assign_InitVectors;Assigning state variable 'Model_Panaderia.StockoutCount[3]' the value '0'. Previous value was '0'.
0;ModelEntity1.77;Model_Panaderia;3.P_InitModel;[Assign] Assign_InitVectors;Assigning state variable 'Model_Panaderia.StockoutCount[4]' the value '0'. Previous value was '0'.
0;ModelEntity1.77;Model_Panaderia;3.P_InitModel;[Assign] Assign_InitVectors;Assigning state variable 'Model_Panaderia.StockoutCount[5]' the value '0'. Previous value was '0'.
0;ModelEntity1.77;Model_Panaderia;3.P_InitModel;[Assign] Assign_InitVectors;Assigning state variable 'Model_Panaderia.StockoutCount[6]' the value '0'. Previous value was '0'.
0;ModelEntity1.77;Model_Panaderia;3.P_InitModel;[Assign] Assign_InitVectors;Assigning state variable 'Model_Panaderia.StockoutCount[7]' the value '0'. Previous value was '0'.
0;ModelEntity1.77;Model_Panaderia;3.P_InitModel;[Assign] Assign_InitVectors;Assigning state variable 'Model_Panaderia.StockoutCount[8]' the value '0'. Previous value was '0'.
0;ModelEntity1.77;Model_Panaderia;3.P_InitModel;[Assign] Assign_InitVectors;Assigning state variable 'Model_Panaderia.StockoutCount[9]' the value '0'. Previous value was '0'.
0;ModelEntity1.77;Model_Panaderia;3.P_InitModel;[Assign] Assign_InitVectors;Assigning state variable 'Model_Panaderia.StockoutCount[10]' the value '0'. Previous value was '0'.
0;ModelEntity1.77;Model_Panaderia;3.P_InitModel;[End];Process 'P_InitModel' execution ended.
0;ModelEntity1.77;Source_InitModel;1.OnEnteredProcessing;[Transfer] ToOutputBuffer;Entity 'ModelEntity1.77' transferring from '[Station] Source_InitModel.Processing' into station 'Source_InitModel.OutputBuffer'.
0;ModelEntity1.77;Source_InitModel;2.OnEntityArrival;[End];Process 'Source_InitModel.OnEntityArrival' execution ended.
0;ModelEntity1.77;Source_InitModel;3.OnEnteredOutputBuffer;[Begin];Process 'Source_InitModel.OnEnteredOutputBuffer' execution started.
0;ModelEntity1.77;Source_InitModel;3.OnEnteredOutputBuffer;[EndTransfer] IntoOutputBuffer;Entity 'ModelEntity1.77' ending transfer into station 'Source_InitModel.OutputBuffer'.
0;ModelEntity1.77;Source_InitModel;3.OnEnteredOutputBuffer;[Transfer] ToOutputNode;Entity 'ModelEntity1.77' transferring from '[Station] Source_InitModel.OutputBuffer' into node 'Output@Source_InitModel'.
0;ModelEntity1.77;Output@Source_InitModel;2.OnEnteredFromAssociatedObject;[Begin];Process 'Output@Source_InitModel.OnEnteredFromAssociatedObject' execution started.
0;ModelEntity1.77;Output@Source_InitModel;2.OnEnteredFromAssociatedObject;[Fire] EnteredEvent;Firing event 'Output@Source_InitModel.Entered'.
0;ModelEntity1.77;Output@Source_InitModel;2.OnEnteredFromAssociatedObject;[Transfer] ToOutboundLink;Entity 'ModelEntity1.77' transferring from '[Node] Output@Source_InitModel' into node 'Input@Sink_InitModel'.
0;ModelEntity1.77;Input@Sink_InitModel;0.OnEnteredToAssociatedObject;[Begin];Process 'Input@Sink_InitModel.OnEnteredToAssociatedObject' execution started.
0;ModelEntity1.77;Input@Sink_InitModel;0.OnEnteredToAssociatedObject;[Fire] EnteredEvent;Firing event 'Input@Sink_InitModel.Entered'.
0;ModelEntity1.77;Input@Sink_InitModel;0.OnEnteredToAssociatedObject;[Transfer] ToAssociatedObject;Entity 'ModelEntity1.77' transferring from '[Node] Input@Sink_InitModel' into object 'Sink_InitModel'.
0;ModelEntity1.77;Input@Sink_InitModel;0.OnEnteredToAssociatedObject;[Transfer] ToAssociatedObject;Entity 'ModelEntity1.77' transferring from '[Node] Input@Sink_InitModel' into station 'Sink_InitModel.InputBuffer'.
0;ModelEntity1.77;Source_InitModel;1.OnEnteredProcessing;[End];Process 'Source_InitModel.OnEnteredProcessing' execution ended.
0;ModelEntity1.77;Sink_InitModel;4.OnEnteredInputBuffer;[Begin];Process 'Sink_InitModel.OnEnteredInputBuffer' execution started.
0;ModelEntity1.77;Sink_InitModel;4.OnEnteredInputBuffer;[EndTransfer] IntoInputBuffer;Entity 'ModelEntity1.77' ending transfer into station 'Sink_InitModel.InputBuffer'.
0;ModelEntity1.77;Output@Source_InitModel;1.OnExited;[Begin];Process 'Output@Source_InitModel.OnExited' execution started.
0;ModelEntity1.77;Output@Source_InitModel;1.OnExited;[Fire] ExitedEvent;Firing event 'Output@Source_InitModel.Exited'.
0;ModelEntity1.77;Output@Source_InitModel;1.OnExited;[End];Process 'Output@Source_InitModel.OnExited' execution ended.
0;ModelEntity1.77;Input@Sink_InitModel;1.OnExited;[Begin];Process 'Input@Sink_InitModel.OnExited' execution started.
0;ModelEntity1.77;Input@Sink_InitModel;1.OnExited;[Fire] ExitedEvent;Firing event 'Input@Sink_InitModel.Exited'.
0;ModelEntity1.77;Input@Sink_InitModel;1.OnExited;[End];Process 'Input@Sink_InitModel.OnExited' execution ended.
0;ModelEntity1.77;Sink_InitModel;4.OnEnteredInputBuffer;[Tally] TimeInSystem;Recording ‘1’ observation value(s) of type ‘Expression’ for tally statistic ‘Sink_InitModel.TimeInSystem’.
0;ModelEntity1.77;Sink_InitModel;4.OnEnteredInputBuffer;[Tally] TimeInSystem;Recording observation value '0' Minutes for tally statistic 'Sink_InitModel.TimeInSystem'.
0;ModelEntity1.77;Sink_InitModel;4.OnEnteredInputBuffer;[Destroy] Entity;Destroying object 'ModelEntity1.77'.
0;--;--;--;--;Object 'ModelEntity1.77' destroyed.
0; ;Sink_InitModel;4.OnEnteredInputBuffer;[End];Process 'Sink_InitModel.OnEnteredInputBuffer' execution ended.
0; ;Source_InitModel;3.OnEnteredOutputBuffer;[End];Process 'Source_InitModel.OnEnteredOutputBuffer' execution ended.
0; ;Output@Source_InitModel;2.OnEnteredFromAssociatedObject;[End];Process 'Output@Source_InitModel.OnEnteredFromAssociatedObject' execution ended.
0; ;Input@Sink_InitModel;0.OnEnteredToAssociatedObject;[End];Process 'Input@Sink_InitModel.OnEnteredToAssociatedObject' execution ended.
0;--;--;--;--;Firing event 'Source_LotesProduccion.EntityArrivals.Event'.
0;--;--;--;--;Time until next event of timer 'Source_LotesProduccion.EntityArrivals' is '0' Minutes.
0;Source_LotesProduccion;Source_LotesProduccion;0.OnEntityArrival;[Begin];Process 'Source_LotesProduccion.OnEntityArrival' execution started.
0;Source_LotesProduccion;Source_LotesProduccion;0.OnEntityArrival;[Create] Entities;Creating '1' new object(s) of entity type 'ModelEntity1'.
0;Source_LotesProduccion;Source_LotesProduccion;0.OnEntityArrival;[Create] Entities;Created object 'ModelEntity1.78'.
0;ModelEntity1.78;Source_LotesProduccion;2.OnEntityArrival;[Transfer] ToProcessing;Entity 'ModelEntity1.78' transferring from '[FreeSpace] Source_LotesProduccion' into station 'Source_LotesProduccion.Processing'.
0;Source_LotesProduccion;Source_LotesProduccion;0.OnEntityArrival;[End];Process 'Source_LotesProduccion.OnEntityArrival' execution ended.
0;ModelEntity1.78;Source_LotesProduccion;3.OnEnteredProcessing;[Begin];Process 'Source_LotesProduccion.OnEnteredProcessing' execution started.
0;ModelEntity1.78;Source_LotesProduccion;3.OnEnteredProcessing;[EndTransfer] IntoProcessing;Entity 'ModelEntity1.78' ending transfer into station 'Source_LotesProduccion.Processing'.
0;ModelEntity1.78;Source_LotesProduccion;3.OnEnteredProcessing;[Execute] CreatedEntityAddOnProcess;Executing process 'P_CrearLote'.
0;ModelEntity1.78;Model_Panaderia;0.P_CrearLote;[Begin];Process 'P_CrearLote' execution started.
0;ModelEntity1.78;Model_Panaderia;0.P_CrearLote;[Assign] Assign_Values;Assigning state variable 'ModelEntity1.78.ProductoIdx' the value '1'. Previous value was '0'.
0;ModelEntity1.78;Model_Panaderia;0.P_CrearLote;[Assign] Assign_Values;Assigning state variable 'ModelEntity1.78.KgLote' the value '600'. Previous value was '0'.
0;ModelEntity1.78;Model_Panaderia;0.P_CrearLote;[Assign] Assign_Values;Assigning state variable 'ModelEntity1.78.CarrosReq' the value '1'. Previous value was '0'.
0;ModelEntity1.78;Model_Panaderia;0.P_CrearLote;[Assign] Assign_Values;Assigning state variable 'ModelEntity1.78.BandejasReq' the value '1'. Previous value was '0'.
0;ModelEntity1.78;Model_Panaderia;0.P_CrearLote;[Assign] AssignTemp;Assigning state variable 'ModelEntity1.78.FamiliaHorno' the value '1'. Previous value was '0'.
0;ModelEntity1.78;Model_Panaderia;0.P_CrearLote;[End];Process 'P_CrearLote' execution ended.
0;ModelEntity1.78;Source_LotesProduccion;3.OnEnteredProcessing;[Transfer] ToOutputBuffer;Entity 'ModelEntity1.78' transferring from '[Station] Source_LotesProduccion.Processing' into station 'Source_LotesProduccion.OutputBuffer'.
0;ModelEntity1.78;Source_LotesProduccion;2.OnEntityArrival;[End];Process 'Source_LotesProduccion.OnEntityArrival' execution ended.
0;ModelEntity1.78;Source_LotesProduccion;0.OnEnteredOutputBuffer;[Begin];Process 'Source_LotesProduccion.OnEnteredOutputBuffer' execution started.
0;ModelEntity1.78;Source_LotesProduccion;0.OnEnteredOutputBuffer;[EndTransfer] IntoOutputBuffer;Entity 'ModelEntity1.78' ending transfer into station 'Source_LotesProduccion.OutputBuffer'.
0;ModelEntity1.78;Source_LotesProduccion;0.OnEnteredOutputBuffer;[Transfer] ToOutputNode;Entity 'ModelEntity1.78' transferring from '[Station] Source_LotesProduccion.OutputBuffer' into node 'Output@Source_LotesProduccion'.
0;ModelEntity1.78;Output@Source_LotesProduccion;2.OnEnteredFromAssociatedObject;[Begin];Process 'Output@Source_LotesProduccion.OnEnteredFromAssociatedObject' execution started.
0;ModelEntity1.78;Output@Source_LotesProduccion;2.OnEnteredFromAssociatedObject;[Fire] EnteredEvent;Firing event 'Output@Source_LotesProduccion.Entered'.
0;ModelEntity1.78;Output@Source_LotesProduccion;2.OnEnteredFromAssociatedObject;[Transfer] ToOutboundLink;Entity 'ModelEntity1.78' transferring from '[Node] Output@Source_LotesProduccion' into node 'Input@Server_Pesado'.
0;ModelEntity1.78;Input@Server_Pesado;4.OnEnteredToAssociatedObject;[Begin];Process 'Input@Server_Pesado.OnEnteredToAssociatedObject' execution started.
0;ModelEntity1.78;Input@Server_Pesado;4.OnEnteredToAssociatedObject;[Fire] EnteredEvent;Firing event 'Input@Server_Pesado.Entered'.
0;ModelEntity1.78;Input@Server_Pesado;4.OnEnteredToAssociatedObject;[Transfer] ToAssociatedObject;Entity 'ModelEntity1.78' transferring from '[Node] Input@Server_Pesado' into object 'Server_Pesado'.
0;ModelEntity1.78;Input@Server_Pesado;4.OnEnteredToAssociatedObject;[Transfer] ToAssociatedObject;Entity 'ModelEntity1.78' transferring from '[Node] Input@Server_Pesado' into station 'Server_Pesado.InputBuffer'.
0;ModelEntity1.78;Source_LotesProduccion;3.OnEnteredProcessing;[End];Process 'Source_LotesProduccion.OnEnteredProcessing' execution ended.
0;ModelEntity1.78;Server_Pesado;1.OnEnteredInputBuffer;[Begin];Process 'Server_Pesado.OnEnteredInputBuffer' execution started.
0;ModelEntity1.78;Server_Pesado;1.OnEnteredInputBuffer;[Execute] EnteredAddOnProcess;Executing process 'P_WIP_Pesado_Entrar'.
0;ModelEntity1.78;Model_Panaderia;3.P_WIP_Pesado_Entrar;[Begin];Process 'P_WIP_Pesado_Entrar' execution started.
0;ModelEntity1.78;Model_Panaderia;3.P_WIP_Pesado_Entrar;[Assign] Assign11;Assigning state variable 'Model_Panaderia.WIP_Pesado' the value '1'. Previous value was '0'.
0;ModelEntity1.78;Model_Panaderia;3.P_WIP_Pesado_Entrar;[End];Process 'P_WIP_Pesado_Entrar' execution ended.
0;ModelEntity1.78;Server_Pesado;1.OnEnteredInputBuffer;[EndTransfer] IntoInputBuffer;Entity 'ModelEntity1.78' ending transfer into station 'Server_Pesado.InputBuffer'.
0;ModelEntity1.78;Output@Source_LotesProduccion;3.OnExited;[Begin];Process 'Output@Source_LotesProduccion.OnExited' execution started.
0;ModelEntity1.78;Output@Source_LotesProduccion;3.OnExited;[Fire] ExitedEvent;Firing event 'Output@Source_LotesProduccion.Exited'.
0;ModelEntity1.78;Output@Source_LotesProduccion;3.OnExited;[End];Process 'Output@Source_LotesProduccion.OnExited' execution ended.
0;ModelEntity1.78;Input@Server_Pesado;3.OnExited;[Begin];Process 'Input@Server_Pesado.OnExited' execution started.
0;ModelEntity1.78;Input@Server_Pesado;3.OnExited;[Fire] ExitedEvent;Firing event 'Input@Server_Pesado.Exited'.
0;ModelEntity1.78;Input@Server_Pesado;3.OnExited;[End];Process 'Input@Server_Pesado.OnExited' execution ended.
0;ModelEntity1.78;Server_Pesado;1.OnEnteredInputBuffer;[Seize] Server;Object 'ModelEntity1.78' waiting to seize '1' resource(s) of resource type '[ParentObject] Server_Pesado'.
0;ModelEntity1.78;Source_LotesProduccion;0.OnEnteredOutputBuffer;[End];Process 'Source_LotesProduccion.OnEnteredOutputBuffer' execution ended.
0;ModelEntity1.78;Output@Source_LotesProduccion;2.OnEnteredFromAssociatedObject;[End];Process 'Output@Source_LotesProduccion.OnEnteredFromAssociatedObject' execution ended.
0;ModelEntity1.78;Input@Server_Pesado;4.OnEnteredToAssociatedObject;[End];Process 'Input@Server_Pesado.OnEnteredToAssociatedObject' execution ended.
0;--;--;--;--;Firing event 'Source_LotesProduccion.EntityArrivals.Event'.
0;--;--;--;--;Time until next event of timer 'Source_LotesProduccion.EntityArrivals' is '0' Minutes.
0;Source_LotesProduccion;Source_LotesProduccion;4.OnEntityArrival;[Begin];Process 'Source_LotesProduccion.OnEntityArrival' execution started.
0;Source_LotesProduccion;Source_LotesProduccion;4.OnEntityArrival;[Create] Entities;Creating '1' new object(s) of entity type 'ModelEntity1'.
0;Source_LotesProduccion;Source_LotesProduccion;4.OnEntityArrival;[Create] Entities;Created object 'ModelEntity1.79'.
0;ModelEntity1.79;Source_LotesProduccion;2.OnEntityArrival;[Transfer] ToProcessing;Entity 'ModelEntity1.79' transferring from '[FreeSpace] Source_LotesProduccion' into station 'Source_LotesProduccion.Processing'.
0;Source_LotesProduccion;Source_LotesProduccion;4.OnEntityArrival;[End];Process 'Source_LotesProduccion.OnEntityArrival' execution ended.
0;ModelEntity1.79;Source_LotesProduccion;0.OnEnteredProcessing;[Begin];Process 'Source_LotesProduccion.OnEnteredProcessing' execution started.
0;ModelEntity1.79;Source_LotesProduccion;0.OnEnteredProcessing;[EndTransfer] IntoProcessing;Entity 'ModelEntity1.79' ending transfer into station 'Source_LotesProduccion.Processing'.
0;ModelEntity1.79;Source_LotesProduccion;0.OnEnteredProcessing;[Execute] CreatedEntityAddOnProcess;Executing process 'P_CrearLote'.
0;ModelEntity1.79;Model_Panaderia;4.P_CrearLote;[Begin];Process 'P_CrearLote' execution started.
0;ModelEntity1.79;Model_Panaderia;4.P_CrearLote;[Assign] Assign_Values;Assigning state variable 'ModelEntity1.79.ProductoIdx' the value '1'. Previous value was '0'.
0;ModelEntity1.79;Model_Panaderia;4.P_CrearLote;[Assign] Assign_Values;Assigning state variable 'ModelEntity1.79.KgLote' the value '600'. Previous value was '0'.
0;ModelEntity1.79;Model_Panaderia;4.P_CrearLote;[Assign] Assign_Values;Assigning state variable 'ModelEntity1.79.CarrosReq' the value '1'. Previous value was '0'.
0;ModelEntity1.79;Model_Panaderia;4.P_CrearLote;[Assign] Assign_Values;Assigning state variable 'ModelEntity1.79.BandejasReq' the value '1'. Previous value was '0'.
0;ModelEntity1.79;Model_Panaderia;4.P_CrearLote;[Assign] AssignTemp;Assigning state variable 'ModelEntity1.79.FamiliaHorno' the value '1'. Previous value was '0'.
0;ModelEntity1.79;Model_Panaderia;4.P_CrearLote;[End];Process 'P_CrearLote' execution ended.
0;ModelEntity1.79;Source_LotesProduccion;0.OnEnteredProcessing;[Transfer] ToOutputBuffer;Entity 'ModelEntity1.79' transferring from '[Station] Source_LotesProduccion.Processing' into station 'Source_LotesProduccion.OutputBuffer'.
0;ModelEntity1.79;Source_LotesProduccion;2.OnEntityArrival;[End];Process 'Source_LotesProduccion.OnEntityArrival' execution ended.
0;ModelEntity1.79;Source_LotesProduccion;4.OnEnteredOutputBuffer;[Begin];Process 'Source_LotesProduccion.OnEnteredOutputBuffer' execution started.
0;ModelEntity1.79;Source_LotesProduccion;4.OnEnteredOutputBuffer;[EndTransfer] IntoOutputBuffer;Entity 'ModelEntity1.79' ending transfer into station 'Source_LotesProduccion.OutputBuffer'.
0;ModelEntity1.79;Source_LotesProduccion;4.OnEnteredOutputBuffer;[Transfer] ToOutputNode;Entity 'ModelEntity1.79' transferring from '[Station] Source_LotesProduccion.OutputBuffer' into node 'Output@Source_LotesProduccion'.
0;ModelEntity1.79;Output@Source_LotesProduccion;2.OnEnteredFromAssociatedObject;[Begin];Process 'Output@Source_LotesProduccion.OnEnteredFromAssociatedObject' execution started.
0;ModelEntity1.79;Output@Source_LotesProduccion;2.OnEnteredFromAssociatedObject;[Fire] EnteredEvent;Firing event 'Output@Source_LotesProduccion.Entered'.
0;ModelEntity1.79;Output@Source_LotesProduccion;2.OnEnteredFromAssociatedObject;[Transfer] ToOutboundLink;Entity 'ModelEntity1.79' transferring from '[Node] Output@Source_LotesProduccion' into node 'Input@Server_Pesado'.
0;ModelEntity1.79;Input@Server_Pesado;3.OnEnteredToAssociatedObject;[Begin];Process 'Input@Server_Pesado.OnEnteredToAssociatedObject' execution started.
0;ModelEntity1.79;Input@Server_Pesado;3.OnEnteredToAssociatedObject;[Fire] EnteredEvent;Firing event 'Input@Server_Pesado.Entered'.
0;ModelEntity1.79;Input@Server_Pesado;3.OnEnteredToAssociatedObject;[Transfer] ToAssociatedObject;Entity 'ModelEntity1.79' transferring from '[Node] Input@Server_Pesado' into object 'Server_Pesado'.
0;ModelEntity1.79;Input@Server_Pesado;3.OnEnteredToAssociatedObject;[Transfer] ToAssociatedObject;Entity 'ModelEntity1.79' transferring from '[Node] Input@Server_Pesado' into station 'Server_Pesado.InputBuffer'.
0;ModelEntity1.79;Source_LotesProduccion;0.OnEnteredProcessing;[End];Process 'Source_LotesProduccion.OnEnteredProcessing' execution ended.
0;ModelEntity1.79;Server_Pesado;5.OnEnteredInputBuffer;[Begin];Process 'Server_Pesado.OnEnteredInputBuffer' execution started.
0;ModelEntity1.79;Server_Pesado;5.OnEnteredInputBuffer;[Execute] EnteredAddOnProcess;Executing process 'P_WIP_Pesado_Entrar'.
0;ModelEntity1.79;Model_Panaderia;0.P_WIP_Pesado_Entrar;[Begin];Process 'P_WIP_Pesado_Entrar' execution started.
0;ModelEntity1.79;Model_Panaderia;0.P_WIP_Pesado_Entrar;[Assign] Assign11;Assigning state variable 'Model_Panaderia.WIP_Pesado' the value '2'. Previous value was '1'.
0;ModelEntity1.79;Model_Panaderia;0.P_WIP_Pesado_Entrar;[End];Process 'P_WIP_Pesado_Entrar' execution ended.
0;ModelEntity1.79;Server_Pesado;5.OnEnteredInputBuffer;[EndTransfer] IntoInputBuffer;Entity 'ModelEntity1.79' ending transfer into station 'Server_Pesado.InputBuffer'.
0;ModelEntity1.79;Output@Source_LotesProduccion;0.OnExited;[Begin];Process 'Output@Source_LotesProduccion.OnExited' execution started.
0;ModelEntity1.79;Output@Source_LotesProduccion;0.OnExited;[Fire] ExitedEvent;Firing event 'Output@Source_LotesProduccion.Exited'.
0;ModelEntity1.79;Output@Source_LotesProduccion;0.OnExited;[End];Process 'Output@Source_LotesProduccion.OnExited' execution ended.
0;ModelEntity1.79;Input@Server_Pesado;0.OnExited;[Begin];Process 'Input@Server_Pesado.OnExited' execution started.
0;ModelEntity1.79;Input@Server_Pesado;0.OnExited;[Fire] ExitedEvent;Firing event 'Input@Server_Pesado.Exited'.
0;ModelEntity1.79;Input@Server_Pesado;0.OnExited;[End];Process 'Input@Server_Pesado.OnExited' execution ended.
0;ModelEntity1.79;Server_Pesado;5.OnEnteredInputBuffer;[Seize] Server;Object 'ModelEntity1.79' waiting to seize '1' resource(s) of resource type '[ParentObject] Server_Pesado'.
0;ModelEntity1.79;Source_LotesProduccion;4.OnEnteredOutputBuffer;[End];Process 'Source_LotesProduccion.OnEnteredOutputBuffer' execution ended.
0;ModelEntity1.79;Output@Source_LotesProduccion;2.OnEnteredFromAssociatedObject;[End];Process 'Output@Source_LotesProduccion.OnEnteredFromAssociatedObject' execution ended.
0;ModelEntity1.79;Input@Server_Pesado;3.OnEnteredToAssociatedObject;[End];Process 'Input@Server_Pesado.OnEnteredToAssociatedObject' execution ended.
0;--;--;--;--;Firing event 'Source_LotesProduccion.EntityArrivals.Event'.
0;--;--;--;--;Time until next event of timer 'Source_LotesProduccion.EntityArrivals' is '0' Minutes.
0;Source_LotesProduccion;Source_LotesProduccion;3.OnEntityArrival;[Begin];Process 'Source_LotesProduccion.OnEntityArrival' execution started.
0;Source_LotesProduccion;Source_LotesProduccion;3.OnEntityArrival;[Create] Entities;Creating '1' new object(s) of entity type 'ModelEntity1'.
0;Source_LotesProduccion;Source_LotesProduccion;3.OnEntityArrival;[Create] Entities;Created object 'ModelEntity1.80'.
0;ModelEntity1.80;Source_LotesProduccion;2.OnEntityArrival;[Transfer] ToProcessing;Entity 'ModelEntity1.80' transferring from '[FreeSpace] Source_LotesProduccion' into station 'Source_LotesProduccion.Processing'.
0;Source_LotesProduccion;Source_LotesProduccion;3.OnEntityArrival;[End];Process 'Source_LotesProduccion.OnEntityArrival' execution ended.
0;ModelEntity1.80;Source_LotesProduccion;4.OnEnteredProcessing;[Begin];Process 'Source_LotesProduccion.OnEnteredProcessing' execution started.
0;ModelEntity1.80;Source_LotesProduccion;4.OnEnteredProcessing;[EndTransfer] IntoProcessing;Entity 'ModelEntity1.80' ending transfer into station 'Source_LotesProduccion.Processing'.
0;ModelEntity1.80;Source_LotesProduccion;4.OnEnteredProcessing;[Execute] CreatedEntityAddOnProcess;Executing process 'P_CrearLote'.
0;ModelEntity1.80;Model_Panaderia;3.P_CrearLote;[Begin];Process 'P_CrearLote' execution started.
0;ModelEntity1.80;Model_Panaderia;3.P_CrearLote;[Assign] Assign_Values;Assigning state variable 'ModelEntity1.80.ProductoIdx' the value '1'. Previous value was '0'.
0;ModelEntity1.80;Model_Panaderia;3.P_CrearLote;[Assign] Assign_Values;Assigning state variable 'ModelEntity1.80.KgLote' the value '600'. Previous value was '0'.
0;ModelEntity1.80;Model_Panaderia;3.P_CrearLote;[Assign] Assign_Values;Assigning state variable 'ModelEntity1.80.CarrosReq' the value '1'. Previous value was '0'.
0;ModelEntity1.80;Model_Panaderia;3.P_CrearLote;[Assign] Assign_Values;Assigning state variable 'ModelEntity1.80.BandejasReq' the value '1'. Previous value was '0'.
0;ModelEntity1.80;Model_Panaderia;3.P_CrearLote;[Assign] AssignTemp;Assigning state variable 'ModelEntity1.80.FamiliaHorno' the value '1'. Previous value was '0'.
0;ModelEntity1.80;Model_Panaderia;3.P_CrearLote;[End];Process 'P_CrearLote' execution ended.
0;ModelEntity1.80;Source_LotesProduccion;4.OnEnteredProcessing;[Transfer] ToOutputBuffer;Entity 'ModelEntity1.80' transferring from '[Station] Source_LotesProduccion.Processing' into station 'Source_LotesProduccion.OutputBuffer'.
0;ModelEntity1.80;Source_LotesProduccion;2.OnEntityArrival;[End];Process 'Source_LotesProduccion.OnEntityArrival' execution ended.
0;ModelEntity1.80;Source_LotesProduccion;3.OnEnteredOutputBuffer;[Begin];Process 'Source_LotesProduccion.OnEnteredOutputBuffer' execution started.
0;ModelEntity1.80;Source_LotesProduccion;3.OnEnteredOutputBuffer;[EndTransfer] IntoOutputBuffer;Entity 'ModelEntity1.80' ending transfer into station 'Source_LotesProduccion.OutputBuffer'.
0;ModelEntity1.80;Source_LotesProduccion;3.OnEnteredOutputBuffer;[Transfer] ToOutputNode;Entity 'ModelEntity1.80' transferring from '[Station] Source_LotesProduccion.OutputBuffer' into node 'Output@Source_LotesProduccion'.
0;ModelEntity1.80;Output@Source_LotesProduccion;2.OnEnteredFromAssociatedObject;[Begin];Process 'Output@Source_LotesProduccion.OnEnteredFromAssociatedObject' execution started.
0;ModelEntity1.80;Output@Source_LotesProduccion;2.OnEnteredFromAssociatedObject;[Fire] EnteredEvent;Firing event 'Output@Source_LotesProduccion.Entered'.
0;ModelEntity1.80;Output@Source_LotesProduccion;2.OnEnteredFromAssociatedObject;[Transfer] ToOutboundLink;Entity 'ModelEntity1.80' transferring from '[Node] Output@Source_LotesProduccion' into node 'Input@Server_Pesado'.
0;ModelEntity1.80;Input@Server_Pesado;0.OnEnteredToAssociatedObject;[Begin];Process 'Input@Server_Pesado.OnEnteredToAssociatedObject' execution started.
0;ModelEntity1.80;Input@Server_Pesado;0.OnEnteredToAssociatedObject;[Fire] EnteredEvent;Firing event 'Input@Server_Pesado.Entered'.
0;ModelEntity1.80;Input@Server_Pesado;0.OnEnteredToAssociatedObject;[Transfer] ToAssociatedObject;Entity 'ModelEntity1.80' transferring from '[Node] Input@Server_Pesado' into object 'Server_Pesado'.
0;ModelEntity1.80;Input@Server_Pesado;0.OnEnteredToAssociatedObject;[Transfer] ToAssociatedObject;Entity 'ModelEntity1.80' transferring from '[Node] Input@Server_Pesado' into station 'Server_Pesado.InputBuffer'.
0;ModelEntity1.80;Source_LotesProduccion;4.OnEnteredProcessing;[End];Process 'Source_LotesProduccion.OnEnteredProcessing' execution ended.
0;ModelEntity1.80;Server_Pesado;6.OnEnteredInputBuffer;[Begin];Process 'Server_Pesado.OnEnteredInputBuffer' execution started.
0;ModelEntity1.80;Server_Pesado;6.OnEnteredInputBuffer;[Execute] EnteredAddOnProcess;Executing process 'P_WIP_Pesado_Entrar'.
0;ModelEntity1.80;Model_Panaderia;4.P_WIP_Pesado_Entrar;[Begin];Process 'P_WIP_Pesado_Entrar' execution started.
0;ModelEntity1.80;Model_Panaderia;4.P_WIP_Pesado_Entrar;[Assign] Assign11;Assigning state variable 'Model_Panaderia.WIP_Pesado' the value '3'. Previous value was '2'.
0;ModelEntity1.80;Model_Panaderia;4.P_WIP_Pesado_Entrar;[End];Process 'P_WIP_Pesado_Entrar' execution ended.
0;ModelEntity1.80;Server_Pesado;6.OnEnteredInputBuffer;[EndTransfer] IntoInputBuffer;Entity 'ModelEntity1.80' ending transfer into station 'Server_Pesado.InputBuffer'.
0;ModelEntity1.80;Output@Source_LotesProduccion;4.OnExited;[Begin];Process 'Output@Source_LotesProduccion.OnExited' execution started.
0;ModelEntity1.80;Output@Source_LotesProduccion;4.OnExited;[Fire] ExitedEvent;Firing event 'Output@Source_LotesProduccion.Exited'.
0;ModelEntity1.80;Output@Source_LotesProduccion;4.OnExited;[End];Process 'Output@Source_LotesProduccion.OnExited' execution ended.
0;ModelEntity1.80;Input@Server_Pesado;4.OnExited;[Begin];Process 'Input@Server_Pesado.OnExited' execution started.
0;ModelEntity1.80;Input@Server_Pesado;4.OnExited;[Fire] ExitedEvent;Firing event 'Input@Server_Pesado.Exited'.
0;ModelEntity1.80;Input@Server_Pesado;4.OnExited;[End];Process 'Input@Server_Pesado.OnExited' execution ended.
0;ModelEntity1.80;Server_Pesado;6.OnEnteredInputBuffer;[Seize] Server;Object 'ModelEntity1.80' waiting to seize '1' resource(s) of resource type '[ParentObject] Server_Pesado'.
0;ModelEntity1.80;Source_LotesProduccion;3.OnEnteredOutputBuffer;[End];Process 'Source_LotesProduccion.OnEnteredOutputBuffer' execution ended.
0;ModelEntity1.80;Output@Source_LotesProduccion;2.OnEnteredFromAssociatedObject;[End];Process 'Output@Source_LotesProduccion.OnEnteredFromAssociatedObject' execution ended.
0;ModelEntity1.80;Input@Server_Pesado;0.OnEnteredToAssociatedObject;[End];Process 'Input@Server_Pesado.OnEnteredToAssociatedObject' execution ended.
0;--;--;--;--;Firing event 'Source_LotesProduccion.EntityArrivals.Event'.
0;--;--;--;--;Time until next event of timer 'Source_LotesProduccion.EntityArrivals' is '0' Minutes.
0;Source_LotesProduccion;Source_LotesProduccion;0.OnEntityArrival;[Begin];Process 'Source_LotesProduccion.OnEntityArrival' execution started.
0;Source_LotesProduccion;Source_LotesProduccion;0.OnEntityArrival;[Create] Entities;Creating '1' new object(s) of entity type 'ModelEntity1'.
0;Source_LotesProduccion;Source_LotesProduccion;0.OnEntityArrival;[Create] Entities;Created object 'ModelEntity1.81'.
0;ModelEntity1.81;Source_LotesProduccion;2.OnEntityArrival;[Transfer] ToProcessing;Entity 'ModelEntity1.81' transferring from '[FreeSpace] Source_LotesProduccion' into station 'Source_LotesProduccion.Processing'.
0;Source_LotesProduccion;Source_LotesProduccion;0.OnEntityArrival;[End];Process 'Source_LotesProduccion.OnEntityArrival' execution ended.
0;ModelEntity1.81;Source_LotesProduccion;3.OnEnteredProcessing;[Begin];Process 'Source_LotesProduccion.OnEnteredProcessing' execution started.
0;ModelEntity1.81;Source_LotesProduccion;3.OnEnteredProcessing;[EndTransfer] IntoProcessing;Entity 'ModelEntity1.81' ending transfer into station 'Source_LotesProduccion.Processing'.
0;ModelEntity1.81;Source_LotesProduccion;3.OnEnteredProcessing;[Execute] CreatedEntityAddOnProcess;Executing process 'P_CrearLote'.
0;ModelEntity1.81;Model_Panaderia;0.P_CrearLote;[Begin];Process 'P_CrearLote' execution started.
0;ModelEntity1.81;Model_Panaderia;0.P_CrearLote;[Assign] Assign_Values;Assigning state variable 'ModelEntity1.81.ProductoIdx' the value '1'. Previous value was '0'.
0;ModelEntity1.81;Model_Panaderia;0.P_CrearLote;[Assign] Assign_Values;Assigning state variable 'ModelEntity1.81.KgLote' the value '600'. Previous value was '0'.
0;ModelEntity1.81;Model_Panaderia;0.P_CrearLote;[Assign] Assign_Values;Assigning state variable 'ModelEntity1.81.CarrosReq' the value '1'. Previous value was '0'.
0;ModelEntity1.81;Model_Panaderia;0.P_CrearLote;[Assign] Assign_Values;Assigning state variable 'ModelEntity1.81.BandejasReq' the value '1'. Previous value was '0'.
0;ModelEntity1.81;Model_Panaderia;0.P_CrearLote;[Assign] AssignTemp;Assigning state variable 'ModelEntity1.81.FamiliaHorno' the value '1'. Previous value was '0'.
0;ModelEntity1.81;Model_Panaderia;0.P_CrearLote;[End];Process 'P_CrearLote' execution ended.
0;ModelEntity1.81;Source_LotesProduccion;3.OnEnteredProcessing;[Transfer] ToOutputBuffer;Entity 'ModelEntity1.81' transferring from '[Station] Source_LotesProduccion.Processing' into station 'Source_LotesProduccion.OutputBuffer'.
0;ModelEntity1.81;Source_LotesProduccion;2.OnEntityArrival;[End];Process 'Source_LotesProduccion.OnEntityArrival' execution ended.
0;ModelEntity1.81;Source_LotesProduccion;0.OnEnteredOutputBuffer;[Begin];Process 'Source_LotesProduccion.OnEnteredOutputBuffer' execution started.
0;ModelEntity1.81;Source_LotesProduccion;0.OnEnteredOutputBuffer;[EndTransfer] IntoOutputBuffer;Entity 'ModelEntity1.81' ending transfer into station 'Source_LotesProduccion.OutputBuffer'.
0;ModelEntity1.81;Source_LotesProduccion;0.OnEnteredOutputBuffer;[Transfer] ToOutputNode;Entity 'ModelEntity1.81' transferring from '[Station] Source_LotesProduccion.OutputBuffer' into node 'Output@Source_LotesProduccion'.
0;ModelEntity1.81;Output@Source_LotesProduccion;2.OnEnteredFromAssociatedObject;[Begin];Process 'Output@Source_LotesProduccion.OnEnteredFromAssociatedObject' execution started.
0;ModelEntity1.81;Output@Source_LotesProduccion;2.OnEnteredFromAssociatedObject;[Fire] EnteredEvent;Firing event 'Output@Source_LotesProduccion.Entered'.
0;ModelEntity1.81;Output@Source_LotesProduccion;2.OnEnteredFromAssociatedObject;[Transfer] ToOutboundLink;Entity 'ModelEntity1.81' transferring from '[Node] Output@Source_LotesProduccion' into node 'Input@Server_Pesado'.
0;ModelEntity1.81;Input@Server_Pesado;4.OnEnteredToAssociatedObject;[Begin];Process 'Input@Server_Pesado.OnEnteredToAssociatedObject' execution started.
0;ModelEntity1.81;Input@Server_Pesado;4.OnEnteredToAssociatedObject;[Fire] EnteredEvent;Firing event 'Input@Server_Pesado.Entered'.
0;ModelEntity1.81;Input@Server_Pesado;4.OnEnteredToAssociatedObject;[Transfer] ToAssociatedObject;Entity 'ModelEntity1.81' transferring from '[Node] Input@Server_Pesado' into object 'Server_Pesado'.
0;ModelEntity1.81;Input@Server_Pesado;4.OnEnteredToAssociatedObject;[Transfer] ToAssociatedObject;Entity 'ModelEntity1.81' transferring from '[Node] Input@Server_Pesado' into station 'Server_Pesado.InputBuffer'.
0;ModelEntity1.81;Source_LotesProduccion;3.OnEnteredProcessing;[End];Process 'Source_LotesProduccion.OnEnteredProcessing' execution ended.
0;ModelEntity1.81;Server_Pesado;7.OnEnteredInputBuffer;[Begin];Process 'Server_Pesado.OnEnteredInputBuffer' execution started.
0;ModelEntity1.81;Server_Pesado;7.OnEnteredInputBuffer;[Execute] EnteredAddOnProcess;Executing process 'P_WIP_Pesado_Entrar'.
0;ModelEntity1.81;Model_Panaderia;3.P_WIP_Pesado_Entrar;[Begin];Process 'P_WIP_Pesado_Entrar' execution started.
0;ModelEntity1.81;Model_Panaderia;3.P_WIP_Pesado_Entrar;[Assign] Assign11;Assigning state variable 'Model_Panaderia.WIP_Pesado' the value '4'. Previous value was '3'.
0;ModelEntity1.81;Model_Panaderia;3.P_WIP_Pesado_Entrar;[End];Process 'P_WIP_Pesado_Entrar' execution ended.
0;ModelEntity1.81;Server_Pesado;7.OnEnteredInputBuffer;[EndTransfer] IntoInputBuffer;Entity 'ModelEntity1.81' ending transfer into station 'Server_Pesado.InputBuffer'.
0;ModelEntity1.81;Output@Source_LotesProduccion;3.OnExited;[Begin];Process 'Output@Source_LotesProduccion.OnExited' execution started.
0;ModelEntity1.81;Output@Source_LotesProduccion;3.OnExited;[Fire] ExitedEvent;Firing event 'Output@Source_LotesProduccion.Exited'.
0;ModelEntity1.81;Output@Source_LotesProduccion;3.OnExited;[End];Process 'Output@Source_LotesProduccion.OnExited' execution ended.
0;ModelEntity1.81;Input@Server_Pesado;3.OnExited;[Begin];Process 'Input@Server_Pesado.OnExited' execution started.
0;ModelEntity1.81;Input@Server_Pesado;3.OnExited;[Fire] ExitedEvent;Firing event 'Input@Server_Pesado.Exited'.
0;ModelEntity1.81;Input@Server_Pesado;3.OnExited;[End];Process 'Input@Server_Pesado.OnExited' execution ended.
0;ModelEntity1.81;Server_Pesado;7.OnEnteredInputBuffer;[Seize] Server;Object 'ModelEntity1.81' waiting to seize '1' resource(s) of resource type '[ParentObject] Server_Pesado'.
0;ModelEntity1.81;Source_LotesProduccion;0.OnEnteredOutputBuffer;[End];Process 'Source_LotesProduccion.OnEnteredOutputBuffer' execution ended.
0;ModelEntity1.81;Output@Source_LotesProduccion;2.OnEnteredFromAssociatedObject;[End];Process 'Output@Source_LotesProduccion.OnEnteredFromAssociatedObject' execution ended.
0;ModelEntity1.81;Input@Server_Pesado;4.OnEnteredToAssociatedObject;[End];Process 'Input@Server_Pesado.OnEnteredToAssociatedObject' execution ended.
0;--;--;--;--;Firing event 'Source_LotesProduccion.EntityArrivals.Event'.
0;--;--;--;--;Time until next event of timer 'Source_LotesProduccion.EntityArrivals' is '0' Minutes.
0;Source_LotesProduccion;Source_LotesProduccion;4.OnEntityArrival;[Begin];Process 'Source_LotesProduccion.OnEntityArrival' execution started.
0;Source_LotesProduccion;Source_LotesProduccion;4.OnEntityArrival;[Create] Entities;Creating '1' new object(s) of entity type 'ModelEntity1'.
0;Source_LotesProduccion;Source_LotesProduccion;4.OnEntityArrival;[Create] Entities;Created object 'ModelEntity1.82'.
0;ModelEntity1.82;Source_LotesProduccion;2.OnEntityArrival;[Transfer] ToProcessing;Entity 'ModelEntity1.82' transferring from '[FreeSpace] Source_LotesProduccion' into station 'Source_LotesProduccion.Processing'.
0;Source_LotesProduccion;Source_LotesProduccion;4.OnEntityArrival;[End];Process 'Source_LotesProduccion.OnEntityArrival' execution ended.
0;ModelEntity1.82;Source_LotesProduccion;0.OnEnteredProcessing;[Begin];Process 'Source_LotesProduccion.OnEnteredProcessing' execution started.
0;ModelEntity1.82;Source_LotesProduccion;0.OnEnteredProcessing;[EndTransfer] IntoProcessing;Entity 'ModelEntity1.82' ending transfer into station 'Source_LotesProduccion.Processing'.
0;ModelEntity1.82;Source_LotesProduccion;0.OnEnteredProcessing;[Execute] CreatedEntityAddOnProcess;Executing process 'P_CrearLote'.
0;ModelEntity1.82;Model_Panaderia;4.P_CrearLote;[Begin];Process 'P_CrearLote' execution started.
0;ModelEntity1.82;Model_Panaderia;4.P_CrearLote;[Assign] Assign_Values;Assigning state variable 'ModelEntity1.82.ProductoIdx' the value '1'. Previous value was '0'.
0;ModelEntity1.82;Model_Panaderia;4.P_CrearLote;[Assign] Assign_Values;Assigning state variable 'ModelEntity1.82.KgLote' the value '600'. Previous value was '0'.
0;ModelEntity1.82;Model_Panaderia;4.P_CrearLote;[Assign] Assign_Values;Assigning state variable 'ModelEntity1.82.CarrosReq' the value '1'. Previous value was '0'.
0;ModelEntity1.82;Model_Panaderia;4.P_CrearLote;[Assign] Assign_Values;Assigning state variable 'ModelEntity1.82.BandejasReq' the value '1'. Previous value was '0'.
0;ModelEntity1.82;Model_Panaderia;4.P_CrearLote;[Assign] AssignTemp;Assigning state variable 'ModelEntity1.82.FamiliaHorno' the value '1'. Previous value was '0'.
0;ModelEntity1.82;Model_Panaderia;4.P_CrearLote;[End];Process 'P_CrearLote' execution ended.
0;ModelEntity1.82;Source_LotesProduccion;0.OnEnteredProcessing;[Transfer] ToOutputBuffer;Entity 'ModelEntity1.82' transferring from '[Station] Source_LotesProduccion.Processing' into station 'Source_LotesProduccion.OutputBuffer'.
0;ModelEntity1.82;Source_LotesProduccion;2.OnEntityArrival;[End];Process 'Source_LotesProduccion.OnEntityArrival' execution ended.
0;ModelEntity1.82;Source_LotesProduccion;4.OnEnteredOutputBuffer;[Begin];Process 'Source_LotesProduccion.OnEnteredOutputBuffer' execution started.
0;ModelEntity1.82;Source_LotesProduccion;4.OnEnteredOutputBuffer;[EndTransfer] IntoOutputBuffer;Entity 'ModelEntity1.82' ending transfer into station 'Source_LotesProduccion.OutputBuffer'.
0;ModelEntity1.82;Source_LotesProduccion;4.OnEnteredOutputBuffer;[Transfer] ToOutputNode;Entity 'ModelEntity1.82' transferring from '[Station] Source_LotesProduccion.OutputBuffer' into node 'Output@Source_LotesProduccion'.
0;ModelEntity1.82;Output@Source_LotesProduccion;2.OnEnteredFromAssociatedObject;[Begin];Process 'Output@Source_LotesProduccion.OnEnteredFromAssociatedObject' execution started.
0;ModelEntity1.82;Output@Source_LotesProduccion;2.OnEnteredFromAssociatedObject;[Fire] EnteredEvent;Firing event 'Output@Source_LotesProduccion.Entered'.
0;ModelEntity1.82;Output@Source_LotesProduccion;2.OnEnteredFromAssociatedObject;[Transfer] ToOutboundLink;Entity 'ModelEntity1.82' transferring from '[Node] Output@Source_LotesProduccion' into node 'Input@Server_Pesado'.
0;ModelEntity1.82;Input@Server_Pesado;3.OnEnteredToAssociatedObject;[Begin];Process 'Input@Server_Pesado.OnEnteredToAssociatedObject' execution started.
0;ModelEntity1.82;Input@Server_Pesado;3.OnEnteredToAssociatedObject;[Fire] EnteredEvent;Firing event 'Input@Server_Pesado.Entered'.
0;ModelEntity1.82;Input@Server_Pesado;3.OnEnteredToAssociatedObject;[Transfer] ToAssociatedObject;Entity 'ModelEntity1.82' transferring from '[Node] Input@Server_Pesado' into object 'Server_Pesado'.
0;ModelEntity1.82;Input@Server_Pesado;3.OnEnteredToAssociatedObject;[Transfer] ToAssociatedObject;Entity 'ModelEntity1.82' transferring from '[Node] Input@Server_Pesado' into station 'Server_Pesado.InputBuffer'.
0;ModelEntity1.82;Source_LotesProduccion;0.OnEnteredProcessing;[End];Process 'Source_LotesProduccion.OnEnteredProcessing' execution ended.
0;ModelEntity1.82;Server_Pesado;8.OnEnteredInputBuffer;[Begin];Process 'Server_Pesado.OnEnteredInputBuffer' execution started.
0;ModelEntity1.82;Server_Pesado;8.OnEnteredInputBuffer;[Execute] EnteredAddOnProcess;Executing process 'P_WIP_Pesado_Entrar'.
0;ModelEntity1.82;Model_Panaderia;0.P_WIP_Pesado_Entrar;[Begin];Process 'P_WIP_Pesado_Entrar' execution started.
0;ModelEntity1.82;Model_Panaderia;0.P_WIP_Pesado_Entrar;[Assign] Assign11;Assigning state variable 'Model_Panaderia.WIP_Pesado' the value '5'. Previous value was '4'.
0;ModelEntity1.82;Model_Panaderia;0.P_WIP_Pesado_Entrar;[End];Process 'P_WIP_Pesado_Entrar' execution ended.
0;ModelEntity1.82;Server_Pesado;8.OnEnteredInputBuffer;[EndTransfer] IntoInputBuffer;Entity 'ModelEntity1.82' ending transfer into station 'Server_Pesado.InputBuffer'.
0;ModelEntity1.82;Output@Source_LotesProduccion;0.OnExited;[Begin];Process 'Output@Source_LotesProduccion.OnExited' execution started.
0;ModelEntity1.82;Output@Source_LotesProduccion;0.OnExited;[Fire] ExitedEvent;Firing event 'Output@Source_LotesProduccion.Exited'.
0;ModelEntity1.82;Output@Source_LotesProduccion;0.OnExited;[End];Process 'Output@Source_LotesProduccion.OnExited' execution ended.
0;ModelEntity1.82;Input@Server_Pesado;0.OnExited;[Begin];Process 'Input@Server_Pesado.OnExited' execution started.
0;ModelEntity1.82;Input@Server_Pesado;0.OnExited;[Fire] ExitedEvent;Firing event 'Input@Server_Pesado.Exited'.
0;ModelEntity1.82;Input@Server_Pesado;0.OnExited;[End];Process 'Input@Server_Pesado.OnExited' execution ended.
0;ModelEntity1.82;Server_Pesado;8.OnEnteredInputBuffer;[Seize] Server;Object 'ModelEntity1.82' waiting to seize '1' resource(s) of resource type '[ParentObject] Server_Pesado'.
0;ModelEntity1.82;Source_LotesProduccion;4.OnEnteredOutputBuffer;[End];Process 'Source_LotesProduccion.OnEnteredOutputBuffer' execution ended.
0;ModelEntity1.82;Output@Source_LotesProduccion;2.OnEnteredFromAssociatedObject;[End];Process 'Output@Source_LotesProduccion.OnEnteredFromAssociatedObject' execution ended.
0;ModelEntity1.82;Input@Server_Pesado;3.OnEnteredToAssociatedObject;[End];Process 'Input@Server_Pesado.OnEnteredToAssociatedObject' execution ended.
0;--;--;--;--;Firing event 'Source_LotesProduccion.EntityArrivals.Event'.
0;--;--;--;--;Time until next event of timer 'Source_LotesProduccion.EntityArrivals' is '0' Minutes.
0;Source_LotesProduccion;Source_LotesProduccion;3.OnEntityArrival;[Begin];Process 'Source_LotesProduccion.OnEntityArrival' execution started.
0;Source_LotesProduccion;Source_LotesProduccion;3.OnEntityArrival;[Create] Entities;Creating '1' new object(s) of entity type 'ModelEntity1'.
0;Source_LotesProduccion;Source_LotesProduccion;3.OnEntityArrival;[Create] Entities;Created object 'ModelEntity1.83'.
0;ModelEntity1.83;Source_LotesProduccion;2.OnEntityArrival;[Transfer] ToProcessing;Entity 'ModelEntity1.83' transferring from '[FreeSpace] Source_LotesProduccion' into station 'Source_LotesProduccion.Processing'.
0;Source_LotesProduccion;Source_LotesProduccion;3.OnEntityArrival;[End];Process 'Source_LotesProduccion.OnEntityArrival' execution ended.
0;ModelEntity1.83;Source_LotesProduccion;4.OnEnteredProcessing;[Begin];Process 'Source_LotesProduccion.OnEnteredProcessing' execution started.
0;ModelEntity1.83;Source_LotesProduccion;4.OnEnteredProcessing;[EndTransfer] IntoProcessing;Entity 'ModelEntity1.83' ending transfer into station 'Source_LotesProduccion.Processing'.
0;ModelEntity1.83;Source_LotesProduccion;4.OnEnteredProcessing;[Execute] CreatedEntityAddOnProcess;Executing process 'P_CrearLote'.
0;ModelEntity1.83;Model_Panaderia;3.P_CrearLote;[Begin];Process 'P_CrearLote' execution started.
0;ModelEntity1.83;Model_Panaderia;3.P_CrearLote;[Assign] Assign_Values;Assigning state variable 'ModelEntity1.83.ProductoIdx' the value '1'. Previous value was '0'.
0;ModelEntity1.83;Model_Panaderia;3.P_CrearLote;[Assign] Assign_Values;Assigning state variable 'ModelEntity1.83.KgLote' the value '600'. Previous value was '0'.
0;ModelEntity1.83;Model_Panaderia;3.P_CrearLote;[Assign] Assign_Values;Assigning state variable 'ModelEntity1.83.CarrosReq' the value '1'. Previous value was '0'.
0;ModelEntity1.83;Model_Panaderia;3.P_CrearLote;[Assign] Assign_Values;Assigning state variable 'ModelEntity1.83.BandejasReq' the value '1'. Previous value was '0'.
0;ModelEntity1.83;Model_Panaderia;3.P_CrearLote;[Assign] AssignTemp;Assigning state variable 'ModelEntity1.83.FamiliaHorno' the value '1'. Previous value was '0'.
0;ModelEntity1.83;Model_Panaderia;3.P_CrearLote;[End];Process 'P_CrearLote' execution ended.
0;ModelEntity1.83;Source_LotesProduccion;4.OnEnteredProcessing;[Transfer] ToOutputBuffer;Entity 'ModelEntity1.83' transferring from '[Station] Source_LotesProduccion.Processing' into station 'Source_LotesProduccion.OutputBuffer'.
0;ModelEntity1.83;Source_LotesProduccion;2.OnEntityArrival;[End];Process 'Source_LotesProduccion.OnEntityArrival' execution ended.
0;ModelEntity1.83;Source_LotesProduccion;3.OnEnteredOutputBuffer;[Begin];Process 'Source_LotesProduccion.OnEnteredOutputBuffer' execution started.
0;ModelEntity1.83;Source_LotesProduccion;3.OnEnteredOutputBuffer;[EndTransfer] IntoOutputBuffer;Entity 'ModelEntity1.83' ending transfer into station 'Source_LotesProduccion.OutputBuffer'.
0;ModelEntity1.83;Source_LotesProduccion;3.OnEnteredOutputBuffer;[Transfer] ToOutputNode;Entity 'ModelEntity1.83' transferring from '[Station] Source_LotesProduccion.OutputBuffer' into node 'Output@Source_LotesProduccion'.
0;ModelEntity1.83;Output@Source_LotesProduccion;2.OnEnteredFromAssociatedObject;[Begin];Process 'Output@Source_LotesProduccion.OnEnteredFromAssociatedObject' execution started.
0;ModelEntity1.83;Output@Source_LotesProduccion;2.OnEnteredFromAssociatedObject;[Fire] EnteredEvent;Firing event 'Output@Source_LotesProduccion.Entered'.
0;ModelEntity1.83;Output@Source_LotesProduccion;2.OnEnteredFromAssociatedObject;[Transfer] ToOutboundLink;Entity 'ModelEntity1.83' transferring from '[Node] Output@Source_LotesProduccion' into node 'Input@Server_Pesado'.
0;ModelEntity1.83;Input@Server_Pesado;0.OnEnteredToAssociatedObject;[Begin];Process 'Input@Server_Pesado.OnEnteredToAssociatedObject' execution started.
0;ModelEntity1.83;Input@Server_Pesado;0.OnEnteredToAssociatedObject;[Fire] EnteredEvent;Firing event 'Input@Server_Pesado.Entered'.
0;ModelEntity1.83;Input@Server_Pesado;0.OnEnteredToAssociatedObject;[Transfer] ToAssociatedObject;Entity 'ModelEntity1.83' transferring from '[Node] Input@Server_Pesado' into object 'Server_Pesado'.
0;ModelEntity1.83;Input@Server_Pesado;0.OnEnteredToAssociatedObject;[Transfer] ToAssociatedObject;Entity 'ModelEntity1.83' transferring from '[Node] Input@Server_Pesado' into station 'Server_Pesado.InputBuffer'.
0;ModelEntity1.83;Source_LotesProduccion;4.OnEnteredProcessing;[End];Process 'Source_LotesProduccion.OnEnteredProcessing' execution ended.
0;ModelEntity1.83;Server_Pesado;9.OnEnteredInputBuffer;[Begin];Process 'Server_Pesado.OnEnteredInputBuffer' execution started.
0;ModelEntity1.83;Server_Pesado;9.OnEnteredInputBuffer;[Execute] EnteredAddOnProcess;Executing process 'P_WIP_Pesado_Entrar'.
0;ModelEntity1.83;Model_Panaderia;4.P_WIP_Pesado_Entrar;[Begin];Process 'P_WIP_Pesado_Entrar' execution started.
0;ModelEntity1.83;Model_Panaderia;4.P_WIP_Pesado_Entrar;[Assign] Assign11;Assigning state variable 'Model_Panaderia.WIP_Pesado' the value '6'. Previous value was '5'.
0;ModelEntity1.83;Model_Panaderia;4.P_WIP_Pesado_Entrar;[End];Process 'P_WIP_Pesado_Entrar' execution ended.
0;ModelEntity1.83;Server_Pesado;9.OnEnteredInputBuffer;[EndTransfer] IntoInputBuffer;Entity 'ModelEntity1.83' ending transfer into station 'Server_Pesado.InputBuffer'.
0;ModelEntity1.83;Output@Source_LotesProduccion;4.OnExited;[Begin];Process 'Output@Source_LotesProduccion.OnExited' execution started.
0;ModelEntity1.83;Output@Source_LotesProduccion;4.OnExited;[Fire] ExitedEvent;Firing event 'Output@Source_LotesProduccion.Exited'.
0;ModelEntity1.83;Output@Source_LotesProduccion;4.OnExited;[End];Process 'Output@Source_LotesProduccion.OnExited' execution ended.
0;ModelEntity1.83;Input@Server_Pesado;4.OnExited;[Begin];Process 'Input@Server_Pesado.OnExited' execution started.
0;ModelEntity1.83;Input@Server_Pesado;4.OnExited;[Fire] ExitedEvent;Firing event 'Input@Server_Pesado.Exited'.
0;ModelEntity1.83;Input@Server_Pesado;4.OnExited;[End];Process 'Input@Server_Pesado.OnExited' execution ended.
0;ModelEntity1.83;Server_Pesado;9.OnEnteredInputBuffer;[Seize] Server;Object 'ModelEntity1.83' waiting to seize '1' resource(s) of resource type '[ParentObject] Server_Pesado'.
0;ModelEntity1.83;Source_LotesProduccion;3.OnEnteredOutputBuffer;[End];Process 'Source_LotesProduccion.OnEnteredOutputBuffer' execution ended.
0;ModelEntity1.83;Output@Source_LotesProduccion;2.OnEnteredFromAssociatedObject;[End];Process 'Output@Source_LotesProduccion.OnEnteredFromAssociatedObject' execution ended.
0;ModelEntity1.83;Input@Server_Pesado;0.OnEnteredToAssociatedObject;[End];Process 'Input@Server_Pesado.OnEnteredToAssociatedObject' execution ended.
0;--;--;--;--;Firing event 'Source_LotesProduccion.EntityArrivals.Event'.
0;--;--;--;--;Time until next event of timer 'Source_LotesProduccion.EntityArrivals' is '0' Minutes.
0;Source_LotesProduccion;Source_LotesProduccion;0.OnEntityArrival;[Begin];Process 'Source_LotesProduccion.OnEntityArrival' execution started.
0;Source_LotesProduccion;Source_LotesProduccion;0.OnEntityArrival;[Create] Entities;Creating '1' new object(s) of entity type 'ModelEntity1'.
0;Source_LotesProduccion;Source_LotesProduccion;0.OnEntityArrival;[Create] Entities;Created object 'ModelEntity1.84'.
0;ModelEntity1.84;Source_LotesProduccion;2.OnEntityArrival;[Transfer] ToProcessing;Entity 'ModelEntity1.84' transferring from '[FreeSpace] Source_LotesProduccion' into station 'Source_LotesProduccion.Processing'.
0;Source_LotesProduccion;Source_LotesProduccion;0.OnEntityArrival;[End];Process 'Source_LotesProduccion.OnEntityArrival' execution ended.
0;ModelEntity1.84;Source_LotesProduccion;3.OnEnteredProcessing;[Begin];Process 'Source_LotesProduccion.OnEnteredProcessing' execution started.
0;ModelEntity1.84;Source_LotesProduccion;3.OnEnteredProcessing;[EndTransfer] IntoProcessing;Entity 'ModelEntity1.84' ending transfer into station 'Source_LotesProduccion.Processing'.
0;ModelEntity1.84;Source_LotesProduccion;3.OnEnteredProcessing;[Execute] CreatedEntityAddOnProcess;Executing process 'P_CrearLote'.
0;ModelEntity1.84;Model_Panaderia;0.P_CrearLote;[Begin];Process 'P_CrearLote' execution started.
0;ModelEntity1.84;Model_Panaderia;0.P_CrearLote;[Assign] Assign_Values;Assigning state variable 'ModelEntity1.84.ProductoIdx' the value '1'. Previous value was '0'.
0;ModelEntity1.84;Model_Panaderia;0.P_CrearLote;[Assign] Assign_Values;Assigning state variable 'ModelEntity1.84.KgLote' the value '600'. Previous value was '0'.
0;ModelEntity1.84;Model_Panaderia;0.P_CrearLote;[Assign] Assign_Values;Assigning state variable 'ModelEntity1.84.CarrosReq' the value '1'. Previous value was '0'.
0;ModelEntity1.84;Model_Panaderia;0.P_CrearLote;[Assign] Assign_Values;Assigning state variable 'ModelEntity1.84.BandejasReq' the value '1'. Previous value was '0'.
0;ModelEntity1.84;Model_Panaderia;0.P_CrearLote;[Assign] AssignTemp;Assigning state variable 'ModelEntity1.84.FamiliaHorno' the value '1'. Previous value was '0'.
0;ModelEntity1.84;Model_Panaderia;0.P_CrearLote;[End];Process 'P_CrearLote' execution ended.
0;ModelEntity1.84;Source_LotesProduccion;3.OnEnteredProcessing;[Transfer] ToOutputBuffer;Entity 'ModelEntity1.84' transferring from '[Station] Source_LotesProduccion.Processing' into station 'Source_LotesProduccion.OutputBuffer'.
0;ModelEntity1.84;Source_LotesProduccion;2.OnEntityArrival;[End];Process 'Source_LotesProduccion.OnEntityArrival' execution ended.
0;ModelEntity1.84;Source_LotesProduccion;0.OnEnteredOutputBuffer;[Begin];Process 'Source_LotesProduccion.OnEnteredOutputBuffer' execution started.
0;ModelEntity1.84;Source_LotesProduccion;0.OnEnteredOutputBuffer;[EndTransfer] IntoOutputBuffer;Entity 'ModelEntity1.84' ending transfer into station 'Source_LotesProduccion.OutputBuffer'.
0;ModelEntity1.84;Source_LotesProduccion;0.OnEnteredOutputBuffer;[Transfer] ToOutputNode;Entity 'ModelEntity1.84' transferring from '[Station] Source_LotesProduccion.OutputBuffer' into node 'Output@Source_LotesProduccion'.
0;ModelEntity1.84;Output@Source_LotesProduccion;2.OnEnteredFromAssociatedObject;[Begin];Process 'Output@Source_LotesProduccion.OnEnteredFromAssociatedObject' execution started.
0;ModelEntity1.84;Output@Source_LotesProduccion;2.OnEnteredFromAssociatedObject;[Fire] EnteredEvent;Firing event 'Output@Source_LotesProduccion.Entered'.
0;ModelEntity1.84;Output@Source_LotesProduccion;2.OnEnteredFromAssociatedObject;[Transfer] ToOutboundLink;Entity 'ModelEntity1.84' transferring from '[Node] Output@Source_LotesProduccion' into node 'Input@Server_Pesado'.
0;ModelEntity1.84;Input@Server_Pesado;4.OnEnteredToAssociatedObject;[Begin];Process 'Input@Server_Pesado.OnEnteredToAssociatedObject' execution started.
0;ModelEntity1.84;Input@Server_Pesado;4.OnEnteredToAssociatedObject;[Fire] EnteredEvent;Firing event 'Input@Server_Pesado.Entered'.
0;ModelEntity1.84;Input@Server_Pesado;4.OnEnteredToAssociatedObject;[Transfer] ToAssociatedObject;Entity 'ModelEntity1.84' transferring from '[Node] Input@Server_Pesado' into object 'Server_Pesado'.
0;ModelEntity1.84;Input@Server_Pesado;4.OnEnteredToAssociatedObject;[Transfer] ToAssociatedObject;Entity 'ModelEntity1.84' transferring from '[Node] Input@Server_Pesado' into station 'Server_Pesado.InputBuffer'.
0;ModelEntity1.84;Source_LotesProduccion;3.OnEnteredProcessing;[End];Process 'Source_LotesProduccion.OnEnteredProcessing' execution ended.
0;ModelEntity1.84;Server_Pesado;10.OnEnteredInputBuffer;[Begin];Process 'Server_Pesado.OnEnteredInputBuffer' execution started.
0;ModelEntity1.84;Server_Pesado;10.OnEnteredInputBuffer;[Execute] EnteredAddOnProcess;Executing process 'P_WIP_Pesado_Entrar'.
0;ModelEntity1.84;Model_Panaderia;3.P_WIP_Pesado_Entrar;[Begin];Process 'P_WIP_Pesado_Entrar' execution started.
0;ModelEntity1.84;Model_Panaderia;3.P_WIP_Pesado_Entrar;[Assign] Assign11;Assigning state variable 'Model_Panaderia.WIP_Pesado' the value '7'. Previous value was '6'.
0;ModelEntity1.84;Model_Panaderia;3.P_WIP_Pesado_Entrar;[End];Process 'P_WIP_Pesado_Entrar' execution ended.
0;ModelEntity1.84;Server_Pesado;10.OnEnteredInputBuffer;[EndTransfer] IntoInputBuffer;Entity 'ModelEntity1.84' ending transfer into station 'Server_Pesado.InputBuffer'.
0;ModelEntity1.84;Output@Source_LotesProduccion;3.OnExited;[Begin];Process 'Output@Source_LotesProduccion.OnExited' execution started.
0;ModelEntity1.84;Output@Source_LotesProduccion;3.OnExited;[Fire] ExitedEvent;Firing event 'Output@Source_LotesProduccion.Exited'.
0;ModelEntity1.84;Output@Source_LotesProduccion;3.OnExited;[End];Process 'Output@Source_LotesProduccion.OnExited' execution ended.
0;ModelEntity1.84;Input@Server_Pesado;3.OnExited;[Begin];Process 'Input@Server_Pesado.OnExited' execution started.
0;ModelEntity1.84;Input@Server_Pesado;3.OnExited;[Fire] ExitedEvent;Firing event 'Input@Server_Pesado.Exited'.
0;ModelEntity1.84;Input@Server_Pesado;3.OnExited;[End];Process 'Input@Server_Pesado.OnExited' execution ended.
0;ModelEntity1.84;Server_Pesado;10.OnEnteredInputBuffer;[Seize] Server;Object 'ModelEntity1.84' waiting to seize '1' resource(s) of resource type '[ParentObject] Server_Pesado'.
0;ModelEntity1.84;Source_LotesProduccion;0.OnEnteredOutputBuffer;[End];Process 'Source_LotesProduccion.OnEnteredOutputBuffer' execution ended.
0;ModelEntity1.84;Output@Source_LotesProduccion;2.OnEnteredFromAssociatedObject;[End];Process 'Output@Source_LotesProduccion.OnEnteredFromAssociatedObject' execution ended.
0;ModelEntity1.84;Input@Server_Pesado;4.OnEnteredToAssociatedObject;[End];Process 'Input@Server_Pesado.OnEnteredToAssociatedObject' execution ended.
0;--;--;--;--;Firing event 'Source_LotesProduccion.EntityArrivals.Event'.
0;--;--;--;--;Time until next event of timer 'Source_LotesProduccion.EntityArrivals' is '0' Minutes.
0;Source_LotesProduccion;Source_LotesProduccion;4.OnEntityArrival;[Begin];Process 'Source_LotesProduccion.OnEntityArrival' execution started.
0;Source_LotesProduccion;Source_LotesProduccion;4.OnEntityArrival;[Create] Entities;Creating '1' new object(s) of entity type 'ModelEntity1'.
0;Source_LotesProduccion;Source_LotesProduccion;4.OnEntityArrival;[Create] Entities;Created object 'ModelEntity1.85'.
0;ModelEntity1.85;Source_LotesProduccion;2.OnEntityArrival;[Transfer] ToProcessing;Entity 'ModelEntity1.85' transferring from '[FreeSpace] Source_LotesProduccion' into station 'Source_LotesProduccion.Processing'.
0;Source_LotesProduccion;Source_LotesProduccion;4.OnEntityArrival;[End];Process 'Source_LotesProduccion.OnEntityArrival' execution ended.
0;ModelEntity1.85;Source_LotesProduccion;0.OnEnteredProcessing;[Begin];Process 'Source_LotesProduccion.OnEnteredProcessing' execution started.
0;ModelEntity1.85;Source_LotesProduccion;0.OnEnteredProcessing;[EndTransfer] IntoProcessing;Entity 'ModelEntity1.85' ending transfer into station 'Source_LotesProduccion.Processing'.
0;ModelEntity1.85;Source_LotesProduccion;0.OnEnteredProcessing;[Execute] CreatedEntityAddOnProcess;Executing process 'P_CrearLote'.
0;ModelEntity1.85;Model_Panaderia;4.P_CrearLote;[Begin];Process 'P_CrearLote' execution started.
0;ModelEntity1.85;Model_Panaderia;4.P_CrearLote;[Assign] Assign_Values;Assigning state variable 'ModelEntity1.85.ProductoIdx' the value '1'. Previous value was '0'.
0;ModelEntity1.85;Model_Panaderia;4.P_CrearLote;[Assign] Assign_Values;Assigning state variable 'ModelEntity1.85.KgLote' the value '600'. Previous value was '0'.
0;ModelEntity1.85;Model_Panaderia;4.P_CrearLote;[Assign] Assign_Values;Assigning state variable 'ModelEntity1.85.CarrosReq' the value '1'. Previous value was '0'.
0;ModelEntity1.85;Model_Panaderia;4.P_CrearLote;[Assign] Assign_Values;Assigning state variable 'ModelEntity1.85.BandejasReq' the value '1'. Previous value was '0'.
0;ModelEntity1.85;Model_Panaderia;4.P_CrearLote;[Assign] AssignTemp;Assigning state variable 'ModelEntity1.85.FamiliaHorno' the value '1'. Previous value was '0'.
0;ModelEntity1.85;Model_Panaderia;4.P_CrearLote;[End];Process 'P_CrearLote' execution ended.
0;ModelEntity1.85;Source_LotesProduccion;0.OnEnteredProcessing;[Transfer] ToOutputBuffer;Entity 'ModelEntity1.85' transferring from '[Station] Source_LotesProduccion.Processing' into station 'Source_LotesProduccion.OutputBuffer'.
0;ModelEntity1.85;Source_LotesProduccion;2.OnEntityArrival;[End];Process 'Source_LotesProduccion.OnEntityArrival' execution ended.
0;ModelEntity1.85;Source_LotesProduccion;4.OnEnteredOutputBuffer;[Begin];Process 'Source_LotesProduccion.OnEnteredOutputBuffer' execution started.
0;ModelEntity1.85;Source_LotesProduccion;4.OnEnteredOutputBuffer;[EndTransfer] IntoOutputBuffer;Entity 'ModelEntity1.85' ending transfer into station 'Source_LotesProduccion.OutputBuffer'.
0;ModelEntity1.85;Source_LotesProduccion;4.OnEnteredOutputBuffer;[Transfer] ToOutputNode;Entity 'ModelEntity1.85' transferring from '[Station] Source_LotesProduccion.OutputBuffer' into node 'Output@Source_LotesProduccion'.
0;ModelEntity1.85;Output@Source_LotesProduccion;2.OnEnteredFromAssociatedObject;[Begin];Process 'Output@Source_LotesProduccion.OnEnteredFromAssociatedObject' execution started.
0;ModelEntity1.85;Output@Source_LotesProduccion;2.OnEnteredFromAssociatedObject;[Fire] EnteredEvent;Firing event 'Output@Source_LotesProduccion.Entered'.
0;ModelEntity1.85;Output@Source_LotesProduccion;2.OnEnteredFromAssociatedObject;[Transfer] ToOutboundLink;Entity 'ModelEntity1.85' transferring from '[Node] Output@Source_LotesProduccion' into node 'Input@Server_Pesado'.
0;ModelEntity1.85;Input@Server_Pesado;3.OnEnteredToAssociatedObject;[Begin];Process 'Input@Server_Pesado.OnEnteredToAssociatedObject' execution started.
0;ModelEntity1.85;Input@Server_Pesado;3.OnEnteredToAssociatedObject;[Fire] EnteredEvent;Firing event 'Input@Server_Pesado.Entered'.
0;ModelEntity1.85;Input@Server_Pesado;3.OnEnteredToAssociatedObject;[Transfer] ToAssociatedObject;Entity 'ModelEntity1.85' transferring from '[Node] Input@Server_Pesado' into object 'Server_Pesado'.
0;ModelEntity1.85;Input@Server_Pesado;3.OnEnteredToAssociatedObject;[Transfer] ToAssociatedObject;Entity 'ModelEntity1.85' transferring from '[Node] Input@Server_Pesado' into station 'Server_Pesado.InputBuffer'.
0;ModelEntity1.85;Source_LotesProduccion;0.OnEnteredProcessing;[End];Process 'Source_LotesProduccion.OnEnteredProcessing' execution ended.
0;ModelEntity1.85;Server_Pesado;11.OnEnteredInputBuffer;[Begin];Process 'Server_Pesado.OnEnteredInputBuffer' execution started.
0;ModelEntity1.85;Server_Pesado;11.OnEnteredInputBuffer;[Execute] EnteredAddOnProcess;Executing process 'P_WIP_Pesado_Entrar'.
0;ModelEntity1.85;Model_Panaderia;0.P_WIP_Pesado_Entrar;[Begin];Process 'P_WIP_Pesado_Entrar' execution started.
0;ModelEntity1.85;Model_Panaderia;0.P_WIP_Pesado_Entrar;[Assign] Assign11;Assigning state variable 'Model_Panaderia.WIP_Pesado' the value '8'. Previous value was '7'.
0;ModelEntity1.85;Model_Panaderia;0.P_WIP_Pesado_Entrar;[End];Process 'P_WIP_Pesado_Entrar' execution ended.
0;ModelEntity1.85;Server_Pesado;11.OnEnteredInputBuffer;[EndTransfer] IntoInputBuffer;Entity 'ModelEntity1.85' ending transfer into station 'Server_Pesado.InputBuffer'.
0;ModelEntity1.85;Output@Source_LotesProduccion;0.OnExited;[Begin];Process 'Output@Source_LotesProduccion.OnExited' execution started.
0;ModelEntity1.85;Output@Source_LotesProduccion;0.OnExited;[Fire] ExitedEvent;Firing event 'Output@Source_LotesProduccion.Exited'.
0;ModelEntity1.85;Output@Source_LotesProduccion;0.OnExited;[End];Process 'Output@Source_LotesProduccion.OnExited' execution ended.
0;ModelEntity1.85;Input@Server_Pesado;0.OnExited;[Begin];Process 'Input@Server_Pesado.OnExited' execution started.
0;ModelEntity1.85;Input@Server_Pesado;0.OnExited;[Fire] ExitedEvent;Firing event 'Input@Server_Pesado.Exited'.
0;ModelEntity1.85;Input@Server_Pesado;0.OnExited;[End];Process 'Input@Server_Pesado.OnExited' execution ended.
0;ModelEntity1.85;Server_Pesado;11.OnEnteredInputBuffer;[Seize] Server;Object 'ModelEntity1.85' waiting to seize '1' resource(s) of resource type '[ParentObject] Server_Pesado'.
0;ModelEntity1.85;Source_LotesProduccion;4.OnEnteredOutputBuffer;[End];Process 'Source_LotesProduccion.OnEnteredOutputBuffer' execution ended.
0;ModelEntity1.85;Output@Source_LotesProduccion;2.OnEnteredFromAssociatedObject;[End];Process 'Output@Source_LotesProduccion.OnEnteredFromAssociatedObject' execution ended.
0;ModelEntity1.85;Input@Server_Pesado;3.OnEnteredToAssociatedObject;[End];Process 'Input@Server_Pesado.OnEnteredToAssociatedObject' execution ended.
0;--;--;--;--;Firing event 'Source_LotesProduccion.EntityArrivals.Event'.
0;--;--;--;--;Time until next event of timer 'Source_LotesProduccion.EntityArrivals' is '0' Minutes.
0;Source_LotesProduccion;Source_LotesProduccion;3.OnEntityArrival;[Begin];Process 'Source_LotesProduccion.OnEntityArrival' execution started.
0;Source_LotesProduccion;Source_LotesProduccion;3.OnEntityArrival;[Create] Entities;Creating '1' new object(s) of entity type 'ModelEntity1'.
0;Source_LotesProduccion;Source_LotesProduccion;3.OnEntityArrival;[Create] Entities;Created object 'ModelEntity1.86'.
0;ModelEntity1.86;Source_LotesProduccion;2.OnEntityArrival;[Transfer] ToProcessing;Entity 'ModelEntity1.86' transferring from '[FreeSpace] Source_LotesProduccion' into station 'Source_LotesProduccion.Processing'.
0;Source_LotesProduccion;Source_LotesProduccion;3.OnEntityArrival;[End];Process 'Source_LotesProduccion.OnEntityArrival' execution ended.
0;ModelEntity1.86;Source_LotesProduccion;4.OnEnteredProcessing;[Begin];Process 'Source_LotesProduccion.OnEnteredProcessing' execution started.
0;ModelEntity1.86;Source_LotesProduccion;4.OnEnteredProcessing;[EndTransfer] IntoProcessing;Entity 'ModelEntity1.86' ending transfer into station 'Source_LotesProduccion.Processing'.
0;ModelEntity1.86;Source_LotesProduccion;4.OnEnteredProcessing;[Execute] CreatedEntityAddOnProcess;Executing process 'P_CrearLote'.
0;ModelEntity1.86;Model_Panaderia;3.P_CrearLote;[Begin];Process 'P_CrearLote' execution started.
0;ModelEntity1.86;Model_Panaderia;3.P_CrearLote;[Assign] Assign_Values;Assigning state variable 'ModelEntity1.86.ProductoIdx' the value '1'. Previous value was '0'.
0;ModelEntity1.86;Model_Panaderia;3.P_CrearLote;[Assign] Assign_Values;Assigning state variable 'ModelEntity1.86.KgLote' the value '600'. Previous value was '0'.
0;ModelEntity1.86;Model_Panaderia;3.P_CrearLote;[Assign] Assign_Values;Assigning state variable 'ModelEntity1.86.CarrosReq' the value '1'. Previous value was '0'.
0;ModelEntity1.86;Model_Panaderia;3.P_CrearLote;[Assign] Assign_Values;Assigning state variable 'ModelEntity1.86.BandejasReq' the value '1'. Previous value was '0'.
0;ModelEntity1.86;Model_Panaderia;3.P_CrearLote;[Assign] AssignTemp;Assigning state variable 'ModelEntity1.86.FamiliaHorno' the value '1'. Previous value was '0'.
0;ModelEntity1.86;Model_Panaderia;3.P_CrearLote;[End];Process 'P_CrearLote' execution ended.
0;ModelEntity1.86;Source_LotesProduccion;4.OnEnteredProcessing;[Transfer] ToOutputBuffer;Entity 'ModelEntity1.86' transferring from '[Station] Source_LotesProduccion.Processing' into station 'Source_LotesProduccion.OutputBuffer'.
0;ModelEntity1.86;Source_LotesProduccion;2.OnEntityArrival;[End];Process 'Source_LotesProduccion.OnEntityArrival' execution ended.
0;ModelEntity1.86;Source_LotesProduccion;3.OnEnteredOutputBuffer;[Begin];Process 'Source_LotesProduccion.OnEnteredOutputBuffer' execution started.
0;ModelEntity1.86;Source_LotesProduccion;3.OnEnteredOutputBuffer;[EndTransfer] IntoOutputBuffer;Entity 'ModelEntity1.86' ending transfer into station 'Source_LotesProduccion.OutputBuffer'.
0;ModelEntity1.86;Source_LotesProduccion;3.OnEnteredOutputBuffer;[Transfer] ToOutputNode;Entity 'ModelEntity1.86' transferring from '[Station] Source_LotesProduccion.OutputBuffer' into node 'Output@Source_LotesProduccion'.
0;ModelEntity1.86;Output@Source_LotesProduccion;2.OnEnteredFromAssociatedObject;[Begin];Process 'Output@Source_LotesProduccion.OnEnteredFromAssociatedObject' execution started.
0;ModelEntity1.86;Output@Source_LotesProduccion;2.OnEnteredFromAssociatedObject;[Fire] EnteredEvent;Firing event 'Output@Source_LotesProduccion.Entered'.
0;ModelEntity1.86;Output@Source_LotesProduccion;2.OnEnteredFromAssociatedObject;[Transfer] ToOutboundLink;Entity 'ModelEntity1.86' transferring from '[Node] Output@Source_LotesProduccion' into node 'Input@Server_Pesado'.
0;ModelEntity1.86;Input@Server_Pesado;0.OnEnteredToAssociatedObject;[Begin];Process 'Input@Server_Pesado.OnEnteredToAssociatedObject' execution started.
0;ModelEntity1.86;Input@Server_Pesado;0.OnEnteredToAssociatedObject;[Fire] EnteredEvent;Firing event 'Input@Server_Pesado.Entered'.
0;ModelEntity1.86;Input@Server_Pesado;0.OnEnteredToAssociatedObject;[Transfer] ToAssociatedObject;Entity 'ModelEntity1.86' transferring from '[Node] Input@Server_Pesado' into object 'Server_Pesado'.
0;ModelEntity1.86;Input@Server_Pesado;0.OnEnteredToAssociatedObject;[Transfer] ToAssociatedObject;Entity 'ModelEntity1.86' transferring from '[Node] Input@Server_Pesado' into station 'Server_Pesado.InputBuffer'.
0;ModelEntity1.86;Source_LotesProduccion;4.OnEnteredProcessing;[End];Process 'Source_LotesProduccion.OnEnteredProcessing' execution ended.
0;ModelEntity1.86;Server_Pesado;12.OnEnteredInputBuffer;[Begin];Process 'Server_Pesado.OnEnteredInputBuffer' execution started.
0;ModelEntity1.86;Server_Pesado;12.OnEnteredInputBuffer;[Execute] EnteredAddOnProcess;Executing process 'P_WIP_Pesado_Entrar'.
0;ModelEntity1.86;Model_Panaderia;4.P_WIP_Pesado_Entrar;[Begin];Process 'P_WIP_Pesado_Entrar' execution started.
0;ModelEntity1.86;Model_Panaderia;4.P_WIP_Pesado_Entrar;[Assign] Assign11;Assigning state variable 'Model_Panaderia.WIP_Pesado' the value '9'. Previous value was '8'.
0;ModelEntity1.86;Model_Panaderia;4.P_WIP_Pesado_Entrar;[End];Process 'P_WIP_Pesado_Entrar' execution ended.
0;ModelEntity1.86;Server_Pesado;12.OnEnteredInputBuffer;[EndTransfer] IntoInputBuffer;Entity 'ModelEntity1.86' ending transfer into station 'Server_Pesado.InputBuffer'.
0;ModelEntity1.86;Output@Source_LotesProduccion;4.OnExited;[Begin];Process 'Output@Source_LotesProduccion.OnExited' execution started.
0;ModelEntity1.86;Output@Source_LotesProduccion;4.OnExited;[Fire] ExitedEvent;Firing event 'Output@Source_LotesProduccion.Exited'.
0;ModelEntity1.86;Output@Source_LotesProduccion;4.OnExited;[End];Process 'Output@Source_LotesProduccion.OnExited' execution ended.
0;ModelEntity1.86;Input@Server_Pesado;4.OnExited;[Begin];Process 'Input@Server_Pesado.OnExited' execution started.
0;ModelEntity1.86;Input@Server_Pesado;4.OnExited;[Fire] ExitedEvent;Firing event 'Input@Server_Pesado.Exited'.
0;ModelEntity1.86;Input@Server_Pesado;4.OnExited;[End];Process 'Input@Server_Pesado.OnExited' execution ended.
0;ModelEntity1.86;Server_Pesado;12.OnEnteredInputBuffer;[Seize] Server;Object 'ModelEntity1.86' waiting to seize '1' resource(s) of resource type '[ParentObject] Server_Pesado'.
0;ModelEntity1.86;Source_LotesProduccion;3.OnEnteredOutputBuffer;[End];Process 'Source_LotesProduccion.OnEnteredOutputBuffer' execution ended.
0;ModelEntity1.86;Output@Source_LotesProduccion;2.OnEnteredFromAssociatedObject;[End];Process 'Output@Source_LotesProduccion.OnEnteredFromAssociatedObject' execution ended.
0;ModelEntity1.86;Input@Server_Pesado;0.OnEnteredToAssociatedObject;[End];Process 'Input@Server_Pesado.OnEnteredToAssociatedObject' execution ended.
0;--;--;--;--;Firing event 'Source_LotesProduccion.EntityArrivals.Event'.
0;--;--;--;--;Timer ‘Source_LotesProduccion.EntityArrivals’ stopping condition detected.
0;Source_LotesProduccion;Source_LotesProduccion;0.OnEntityArrival;[Begin];Process 'Source_LotesProduccion.OnEntityArrival' execution started.
0;Source_LotesProduccion;Source_LotesProduccion;0.OnEntityArrival;[Create] Entities;Creating '1' new object(s) of entity type 'ModelEntity1'.
0;Source_LotesProduccion;Source_LotesProduccion;0.OnEntityArrival;[Create] Entities;Created object 'ModelEntity1.87'.
0;ModelEntity1.87;Source_LotesProduccion;2.OnEntityArrival;[Transfer] ToProcessing;Entity 'ModelEntity1.87' transferring from '[FreeSpace] Source_LotesProduccion' into station 'Source_LotesProduccion.Processing'.
0;Source_LotesProduccion;Source_LotesProduccion;0.OnEntityArrival;[End];Process 'Source_LotesProduccion.OnEntityArrival' execution ended.
0;ModelEntity1.87;Source_LotesProduccion;3.OnEnteredProcessing;[Begin];Process 'Source_LotesProduccion.OnEnteredProcessing' execution started.
0;ModelEntity1.87;Source_LotesProduccion;3.OnEnteredProcessing;[EndTransfer] IntoProcessing;Entity 'ModelEntity1.87' ending transfer into station 'Source_LotesProduccion.Processing'.
0;ModelEntity1.87;Source_LotesProduccion;3.OnEnteredProcessing;[Execute] CreatedEntityAddOnProcess;Executing process 'P_CrearLote'.
0;ModelEntity1.87;Model_Panaderia;0.P_CrearLote;[Begin];Process 'P_CrearLote' execution started.
0;ModelEntity1.87;Model_Panaderia;0.P_CrearLote;[Assign] Assign_Values;Assigning state variable 'ModelEntity1.87.ProductoIdx' the value '1'. Previous value was '0'.
0;ModelEntity1.87;Model_Panaderia;0.P_CrearLote;[Assign] Assign_Values;Assigning state variable 'ModelEntity1.87.KgLote' the value '600'. Previous value was '0'.
0;ModelEntity1.87;Model_Panaderia;0.P_CrearLote;[Assign] Assign_Values;Assigning state variable 'ModelEntity1.87.CarrosReq' the value '1'. Previous value was '0'.
0;ModelEntity1.87;Model_Panaderia;0.P_CrearLote;[Assign] Assign_Values;Assigning state variable 'ModelEntity1.87.BandejasReq' the value '1'. Previous value was '0'.
0;ModelEntity1.87;Model_Panaderia;0.P_CrearLote;[Assign] AssignTemp;Assigning state variable 'ModelEntity1.87.FamiliaHorno' the value '1'. Previous value was '0'.
0;ModelEntity1.87;Model_Panaderia;0.P_CrearLote;[End];Process 'P_CrearLote' execution ended.
0;ModelEntity1.87;Source_LotesProduccion;3.OnEnteredProcessing;[Transfer] ToOutputBuffer;Entity 'ModelEntity1.87' transferring from '[Station] Source_LotesProduccion.Processing' into station 'Source_LotesProduccion.OutputBuffer'.
0;ModelEntity1.87;Source_LotesProduccion;2.OnEntityArrival;[End];Process 'Source_LotesProduccion.OnEntityArrival' execution ended.
0;ModelEntity1.87;Source_LotesProduccion;0.OnEnteredOutputBuffer;[Begin];Process 'Source_LotesProduccion.OnEnteredOutputBuffer' execution started.
0;ModelEntity1.87;Source_LotesProduccion;0.OnEnteredOutputBuffer;[EndTransfer] IntoOutputBuffer;Entity 'ModelEntity1.87' ending transfer into station 'Source_LotesProduccion.OutputBuffer'.
0;ModelEntity1.87;Source_LotesProduccion;0.OnEnteredOutputBuffer;[Transfer] ToOutputNode;Entity 'ModelEntity1.87' transferring from '[Station] Source_LotesProduccion.OutputBuffer' into node 'Output@Source_LotesProduccion'.
0;ModelEntity1.87;Output@Source_LotesProduccion;2.OnEnteredFromAssociatedObject;[Begin];Process 'Output@Source_LotesProduccion.OnEnteredFromAssociatedObject' execution started.
0;ModelEntity1.87;Output@Source_LotesProduccion;2.OnEnteredFromAssociatedObject;[Fire] EnteredEvent;Firing event 'Output@Source_LotesProduccion.Entered'.
0;ModelEntity1.87;Output@Source_LotesProduccion;2.OnEnteredFromAssociatedObject;[Transfer] ToOutboundLink;Entity 'ModelEntity1.87' transferring from '[Node] Output@Source_LotesProduccion' into node 'Input@Server_Pesado'.
0;ModelEntity1.87;Input@Server_Pesado;4.OnEnteredToAssociatedObject;[Begin];Process 'Input@Server_Pesado.OnEnteredToAssociatedObject' execution started.
0;ModelEntity1.87;Input@Server_Pesado;4.OnEnteredToAssociatedObject;[Fire] EnteredEvent;Firing event 'Input@Server_Pesado.Entered'.
0;ModelEntity1.87;Input@Server_Pesado;4.OnEnteredToAssociatedObject;[Transfer] ToAssociatedObject;Entity 'ModelEntity1.87' transferring from '[Node] Input@Server_Pesado' into object 'Server_Pesado'.
0;ModelEntity1.87;Input@Server_Pesado;4.OnEnteredToAssociatedObject;[Transfer] ToAssociatedObject;Entity 'ModelEntity1.87' transferring from '[Node] Input@Server_Pesado' into station 'Server_Pesado.InputBuffer'.
0;ModelEntity1.87;Source_LotesProduccion;3.OnEnteredProcessing;[End];Process 'Source_LotesProduccion.OnEnteredProcessing' execution ended.
0;ModelEntity1.87;Server_Pesado;13.OnEnteredInputBuffer;[Begin];Process 'Server_Pesado.OnEnteredInputBuffer' execution started.
0;ModelEntity1.87;Server_Pesado;13.OnEnteredInputBuffer;[Execute] EnteredAddOnProcess;Executing process 'P_WIP_Pesado_Entrar'.
0;ModelEntity1.87;Model_Panaderia;3.P_WIP_Pesado_Entrar;[Begin];Process 'P_WIP_Pesado_Entrar' execution started.
0;ModelEntity1.87;Model_Panaderia;3.P_WIP_Pesado_Entrar;[Assign] Assign11;Assigning state variable 'Model_Panaderia.WIP_Pesado' the value '10'. Previous value was '9'.
0;ModelEntity1.87;Model_Panaderia;3.P_WIP_Pesado_Entrar;[End];Process 'P_WIP_Pesado_Entrar' execution ended.
0;ModelEntity1.87;Server_Pesado;13.OnEnteredInputBuffer;[EndTransfer] IntoInputBuffer;Entity 'ModelEntity1.87' ending transfer into station 'Server_Pesado.InputBuffer'.
0;ModelEntity1.87;Output@Source_LotesProduccion;3.OnExited;[Begin];Process 'Output@Source_LotesProduccion.OnExited' execution started.
0;ModelEntity1.87;Output@Source_LotesProduccion;3.OnExited;[Fire] ExitedEvent;Firing event 'Output@Source_LotesProduccion.Exited'.
0;ModelEntity1.87;Output@Source_LotesProduccion;3.OnExited;[End];Process 'Output@Source_LotesProduccion.OnExited' execution ended.
0;ModelEntity1.87;Input@Server_Pesado;3.OnExited;[Begin];Process 'Input@Server_Pesado.OnExited' execution started.
0;ModelEntity1.87;Input@Server_Pesado;3.OnExited;[Fire] ExitedEvent;Firing event 'Input@Server_Pesado.Exited'.
0;ModelEntity1.87;Input@Server_Pesado;3.OnExited;[End];Process 'Input@Server_Pesado.OnExited' execution ended.
0;ModelEntity1.87;Server_Pesado;13.OnEnteredInputBuffer;[Seize] Server;Object 'ModelEntity1.87' waiting to seize '1' resource(s) of resource type '[ParentObject] Server_Pesado'.
0;ModelEntity1.87;Source_LotesProduccion;0.OnEnteredOutputBuffer;[End];Process 'Source_LotesProduccion.OnEnteredOutputBuffer' execution ended.
0;ModelEntity1.87;Output@Source_LotesProduccion;2.OnEnteredFromAssociatedObject;[End];Process 'Output@Source_LotesProduccion.OnEnteredFromAssociatedObject' execution ended.
0;ModelEntity1.87;Input@Server_Pesado;4.OnEnteredToAssociatedObject;[End];Process 'Input@Server_Pesado.OnEnteredToAssociatedObject' execution ended.
0;--;--;--;--;Resource 'Server_Pesado' checking allocation queue which contains '10' item(s).
0;ModelEntity1.78;Server_Pesado;1.OnEnteredInputBuffer;[Seize] Server;Object 'ModelEntity1.78' checking availability to seize '1' resource(s) of resource type '[ParentObject] Server_Pesado'.
0;ModelEntity1.78;Server_Pesado;1.OnEnteredInputBuffer;[Seize] Server;Object 'ModelEntity1.78' checking availability to seize '1' capacity unit(s) of resource 'Server_Pesado’.
0;ModelEntity1.78;Server_Pesado;1.OnEnteredInputBuffer;[Seize] Server;Object 'ModelEntity1.78' found ‘1’ currently available capacity unit(s) of resource 'Server_Pesado’.
0;ModelEntity1.78;Server_Pesado;1.OnEnteredInputBuffer;[Seize] Server;Object 'ModelEntity1.78' found '1' currently available resource(s) of resource type '[ParentObject] Server_Pesado'.
0;--;--;--;--;Resource 'Server_Pesado' selecting object 'ModelEntity1.78' waiting at rank position '1' in allocation queue which contains '10' item(s).
0;ModelEntity1.78;Server_Pesado;1.OnEnteredInputBuffer;[Seize] Server;Object 'ModelEntity1.78' seized '1' capacity unit(s) of resource 'Server_Pesado'.
0;--;--;--;--;Changing from AutoState 'Starved' to 'Busy' on resource 'Server_Pesado'.
0;--;--;--;--;Assigning state variable 'Server_Pesado.ResourceState' the value '1'. Previous value was '0'.
0;ModelEntity1.78;Server_Pesado;1.OnEnteredInputBuffer;[Seize] Server;Object 'ModelEntity1.78' completed seize of '1' resource(s) of resource type '[ParentObject] Server_Pesado'.
0;--;--;--;--;Resource 'Server_Pesado' checking allocation queue which contains '9' item(s).
0;--;--;--;--;Resource 'Server_Pesado' unable to select any items waiting in its allocation queue. Resource is fully allocated or off shift.
0;--;--;--;--;Ignoring attempt to execute disabled process 'Worker_Panadero_1[1].OnNewSeizeRequest'.
0;--;--;--;--;Ignoring attempt to execute disabled process 'Worker_Panadero_2[1].OnNewSeizeRequest'.
0;--;--;--;--;Ignoring attempt to execute disabled process 'Worker_Panadero_3[1].OnNewSeizeRequest'.
0;ModelEntity1.78;Server_Pesado;1.OnEnteredInputBuffer;[Seize] SecondaryResources;Object 'ModelEntity1.78' waiting to seize '1' resource(s) of resource type '[FromList] WorkerSet_Panaderos'.
0;--;--;--;--;Resource 'Worker_Panadero_1[1]' checking allocation queue which contains '1' item(s).
0;ModelEntity1.78;Server_Pesado;1.OnEnteredInputBuffer;[Seize] SecondaryResources;Object 'ModelEntity1.78' checking availability to seize '1' resource(s) of resource type '[FromList] WorkerSet_Panaderos'.
0;ModelEntity1.78;Server_Pesado;1.OnEnteredInputBuffer;[Seize] SecondaryResources;Object 'ModelEntity1.78' checking availability to seize '1' capacity unit(s) of resource 'Worker_Panadero_1[1]’.
0;ModelEntity1.78;Server_Pesado;1.OnEnteredInputBuffer;[Seize] SecondaryResources;Object 'ModelEntity1.78' found ‘1’ currently available capacity unit(s) of resource 'Worker_Panadero_1[1]’.
0;ModelEntity1.78;Server_Pesado;1.OnEnteredInputBuffer;[Seize] SecondaryResources;Object 'ModelEntity1.78' checking availability to seize '1' capacity unit(s) of resource 'Worker_Panadero_2[1]’.
0;ModelEntity1.78;Server_Pesado;1.OnEnteredInputBuffer;[Seize] SecondaryResources;Object 'ModelEntity1.78' found ‘1’ currently available capacity unit(s) of resource 'Worker_Panadero_2[1]’.
0;ModelEntity1.78;Server_Pesado;1.OnEnteredInputBuffer;[Seize] SecondaryResources;Object 'ModelEntity1.78' checking availability to seize '1' capacity unit(s) of resource 'Worker_Panadero_3[1]’.
0;ModelEntity1.78;Server_Pesado;1.OnEnteredInputBuffer;[Seize] SecondaryResources;Object 'ModelEntity1.78' found ‘1’ currently available capacity unit(s) of resource 'Worker_Panadero_3[1]’.
0;ModelEntity1.78;Server_Pesado;1.OnEnteredInputBuffer;[Seize] SecondaryResources;Object 'ModelEntity1.78' found '3' currently available resource(s) of resource type '[FromList] WorkerSet_Panaderos'.
0;--;--;--;--;Resource 'Worker_Panadero_1[1]' selecting object 'ModelEntity1.78' waiting at rank position '1' in allocation queue which contains '1' item(s).
0;ModelEntity1.78;Server_Pesado;1.OnEnteredInputBuffer;[Seize] SecondaryResources;Object 'ModelEntity1.78' seized '1' capacity unit(s) of resource 'Worker_Panadero_1[1]'.
0;--;--;--;--;Changing from AutoState 'Starved' to 'Busy' on resource 'Worker_Panadero_1[1]'.
0;--;--;--;--;Assigning state variable 'Worker_Panadero_1[1].ResourceState' the value '1'. Previous value was '0'.
0;ModelEntity1.78;Worker_Panadero_1[1];4.OnCapacityAllocated;[Begin];Process 'Worker_Panadero_1[1].OnCapacityAllocated' execution started.
0;ModelEntity1.78;Worker_Panadero_1[1];4.OnCapacityAllocated;[Assign] ResourceState;Assigning state variable 'Worker_Panadero_1[1].ResourceState' the value '1'. Previous value was '1'.
0;ModelEntity1.78;Worker_Panadero_1[1];4.OnCapacityAllocated;[Assign] OnCapacityAllocatedAssignments;Assigning state variable 'Worker_Panadero_1[1].OnEvaluatingRiderReservation.Enabled' the value '0'. Previous value was '1'.
0;ModelEntity1.78;Worker_Panadero_1[1];4.OnCapacityAllocated;[Assign] OnCapacityAllocatedAssignments;Assigning state variable 'Worker_Panadero_1[1].OnEvaluatingRiderReservation.ReturnValue' the value '0'. Previous value was '1'.
0;ModelEntity1.78;Worker_Panadero_1[1];4.OnCapacityAllocated;[Assign] OnCapacityAllocatedAssignments;Assigning state variable 'Worker_Panadero_1[1].OnEvaluatingSeizeRequest.Enabled' the value '0'. Previous value was '1'.
0;ModelEntity1.78;Worker_Panadero_1[1];4.OnCapacityAllocated;[Assign] OnCapacityAllocatedAssignments;Assigning state variable 'Worker_Panadero_1[1].OnEvaluatingSeizeRequest.ReturnValue' the value '0'. Previous value was '1'.
0;ModelEntity1.78;Worker_Panadero_1[1];4.OnCapacityAllocated;[Assign] OnCapacityAllocatedAssignments;Assigning state variable 'Worker_Panadero_1[1].OnEvaluatingRiderAtPickup.Enabled' the value '0'. Previous value was '1'.
0;ModelEntity1.78;Worker_Panadero_1[1];4.OnCapacityAllocated;[Assign] OnCapacityAllocatedAssignments;Assigning state variable 'Worker_Panadero_1[1].OnEvaluatingRiderAtPickup.ReturnValue' the value '0'. Previous value was '1'.
0;ModelEntity1.78;Worker_Panadero_1[1];4.OnCapacityAllocated;[Fire] AllocatedEvent;Firing event 'Worker_Panadero_1[1].Allocated'.
0;ModelEntity1.78;Worker_Panadero_1[1];4.OnCapacityAllocated;[End];Process 'Worker_Panadero_1[1].OnCapacityAllocated' execution ended.
0;ModelEntity1.78;Server_Pesado;1.OnEnteredInputBuffer;[Seize] SecondaryResources;Resource 'Worker_Panadero_1[1]' accepting request from object 'ModelEntity1.78' to move to destination node 'Node_Est_Pesado'.
0;ModelEntity1.78;Worker_Panadero_1[1];4.OnMoveRequestAccepted;[Begin];Process 'Worker_Panadero_1[1].OnMoveRequestAccepted' execution started.
0;ModelEntity1.78;Worker_Panadero_1[1];4.OnMoveRequestAccepted;[SelectVisit] ToAcceptedDestination;Entity 'Worker_Panadero_1[1]' searching its visit request queue containing '1' item(s).
0;ModelEntity1.78;Worker_Panadero_1[1];4.OnMoveRequestAccepted;[SelectVisit] ToAcceptedDestination;Assigning entity 'Worker_Panadero_1[1]' destination node the value 'Node_Est_Pesado'.
0;ModelEntity1.78;Worker_Panadero_1[1];4.OnMoveRequestAccepted;[Decide] IfInFreeSpace;Token branching on condition '(CurrentNode==Nothing)&&(CurrentLink==Nothing)&&(CurrentStation==Nothing)'.
0;ModelEntity1.78;Worker_Panadero_1[1];4.OnMoveRequestAccepted;[Decide] IfInFreeSpace;Token sent to 'False' exit.
0;ModelEntity1.78;Worker_Panadero_1[1];4.OnMoveRequestAccepted;[Decide] IfUnpark;Token branching on condition 'IsParked && (OnVisitingNode.TokensInProcess==0)'.
0;ModelEntity1.78;Worker_Panadero_1[1];4.OnMoveRequestAccepted;[Decide] IfUnpark;Token sent to 'True' exit.
0;ModelEntity1.78;Worker_Panadero_1[1];4.OnMoveRequestAccepted;[UnPark] Worker;Entity 'Worker_Panadero_1[1]' transferring from '[Station] Node_Silla_Panadero_1.ParkingStation' into node 'Node_Silla_Panadero_1'.
0;Worker_Panadero_1[1];Node_Silla_Panadero_1;2.OnEntered;[Begin];Process 'Node_Silla_Panadero_1.OnEntered' execution started.
0;Worker_Panadero_1[1];Node_Silla_Panadero_1;2.OnEntered;[Fire] EnteredEvent;Firing event 'Node_Silla_Panadero_1.Entered'.
0;Worker_Panadero_1[1];Node_Silla_Panadero_1;2.OnEntered;[VisitNode] Entity;Executing process 'Worker_Panadero_1[1].OnVisitingNode'.
0;Worker_Panadero_1[1];Worker_Panadero_1[1];0.OnVisitingNode;[Begin];Process 'Worker_Panadero_1[1].OnVisitingNode' execution started.
0;Worker_Panadero_1[1];Worker_Panadero_1[1];0.OnVisitingNode;[Decide] IfNotVisitingNode;Token branching on condition 'Math.If(IgnoreVisitingCurrentNode, True, ResourceState==List.ResourceStateName.Idle, False, ResourceState==List.ResourceStateName.OffShift, ((OffShiftAction==List.WorkerOffShiftAction.GoToHome)||(OffShiftAction==List.WorkerOffShiftAction.ParkAtHome))&&(HomeNode!=Nothing)&&(DestinationNode==HomeNode)&&(CurrentNode!=HomeNode),(DestinationNode!=Nothing)&&(CurrentNode!=DestinationNode), True, False)'.
0;Worker_Panadero_1[1];Worker_Panadero_1[1];0.OnVisitingNode;[Decide] IfNotVisitingNode;Token sent to 'True' exit.
0;Worker_Panadero_1[1];Worker_Panadero_1[1];0.OnVisitingNode;[Decide] IfParked;Token branching on condition 'IsParked'.
0;Worker_Panadero_1[1];Worker_Panadero_1[1];0.OnVisitingNode;[Decide] IfParked;Token sent to 'False' exit.
0;Worker_Panadero_1[1];Worker_Panadero_1[1];0.OnVisitingNode;[Assign] IgnoreVisitingCurrentNodeFlag;Assigning state variable 'Worker_Panadero_1[1].IgnoreVisitingCurrentNode' the value '0'. Previous value was '0'.
0;Worker_Panadero_1[1];Worker_Panadero_1[1];0.OnVisitingNode;[End];Process 'Worker_Panadero_1[1].OnVisitingNode' execution ended.
0;Worker_Panadero_1[1];Node_Silla_Panadero_1;2.OnEntered;[Transfer] ToOutboundLink;Entity 'Worker_Panadero_1[1]' transferring from '[Node] Node_Silla_Panadero_1' onto link 'Path1'.
0;Worker_Panadero_1[1];Path1;0.OnEntered;[Begin];Process 'Path1.OnEntered' execution started.
0;Worker_Panadero_1[1];Path1;0.OnEntered;[Assign] EntityMovementRate;Assigning state variable 'Worker_Panadero_1[1].Movement.Rate' the value '4320' Meters per Hour. Previous value was '7200' Meters per Hour.
0;Worker_Panadero_1[1];Path1;0.OnEntered;[EndTransfer] OntoPath;Entity 'Worker_Panadero_1[1]' ending transfer onto link 'Path1'.
0;Worker_Panadero_1[1];Path1;0.OnEntered;[End];Process 'Path1.OnEntered' execution ended.
0;ModelEntity1.78;Server_Pesado;1.OnEnteredInputBuffer;[Seize] SecondaryResources;Object 'ModelEntity1.78' completed seize of '1' resource(s) of resource type '[FromList] WorkerSet_Panaderos'.
0;ModelEntity1.78;Worker_Panadero_1[1];4.OnMoveRequestAccepted;[End];Process 'Worker_Panadero_1[1].OnMoveRequestAccepted' execution ended.
0;Worker_Panadero_1[1];Node_Silla_Panadero_1;2.OnEntered;[End];Process 'Node_Silla_Panadero_1.OnEntered' execution ended.
0,008413560147528358;Worker_Panadero_1[1];Node_Silla_Panadero_1;2.OnExited;[Begin];Process 'Node_Silla_Panadero_1.OnExited' execution started.
0,008413560147528358;Worker_Panadero_1[1];Node_Silla_Panadero_1;2.OnExited;[Fire] ExitedEvent;Firing event 'Node_Silla_Panadero_1.Exited'.
0,008413560147528358;Worker_Panadero_1[1];Node_Silla_Panadero_1;2.OnExited;[End];Process 'Node_Silla_Panadero_1.OnExited' execution ended.
0,08097222222222221;Worker_Panadero_1[1];Path1;2.OnReachedEnd;[Begin];Process 'Path1.OnReachedEnd' execution started.
0,08097222222222221;Worker_Panadero_1[1];Path1;2.OnReachedEnd;[Transfer] FromPath;Entity 'Worker_Panadero_1[1]' transferring from '[EndOfLink] Path1' into node 'NodoUnion'.
0,08097222222222221;Worker_Panadero_1[1];NodoUnion;4.OnEntered;[Begin];Process 'NodoUnion.OnEntered' execution started.
0,08097222222222221;Worker_Panadero_1[1];NodoUnion;4.OnEntered;[Fire] EnteredEvent;Firing event 'NodoUnion.Entered'.
0,08097222222222221;Worker_Panadero_1[1];NodoUnion;4.OnEntered;[VisitNode] Entity;Executing process 'Worker_Panadero_1[1].OnVisitingNode'.
0,08097222222222221;Worker_Panadero_1[1];Worker_Panadero_1[1];0.OnVisitingNode;[Begin];Process 'Worker_Panadero_1[1].OnVisitingNode' execution started.
0,08097222222222221;Worker_Panadero_1[1];Worker_Panadero_1[1];0.OnVisitingNode;[Decide] IfNotVisitingNode;Token branching on condition 'Math.If(IgnoreVisitingCurrentNode, True, ResourceState==List.ResourceStateName.Idle, False, ResourceState==List.ResourceStateName.OffShift, ((OffShiftAction==List.WorkerOffShiftAction.GoToHome)||(OffShiftAction==List.WorkerOffShiftAction.ParkAtHome))&&(HomeNode!=Nothing)&&(DestinationNode==HomeNode)&&(CurrentNode!=HomeNode),(DestinationNode!=Nothing)&&(CurrentNode!=DestinationNode), True, False)'.
0,08097222222222221;Worker_Panadero_1[1];Worker_Panadero_1[1];0.OnVisitingNode;[Decide] IfNotVisitingNode;Token sent to 'True' exit.
0,08097222222222221;Worker_Panadero_1[1];Worker_Panadero_1[1];0.OnVisitingNode;[Decide] IfParked;Token branching on condition 'IsParked'.
0,08097222222222221;Worker_Panadero_1[1];Worker_Panadero_1[1];0.OnVisitingNode;[Decide] IfParked;Token sent to 'False' exit.
0,08097222222222221;Worker_Panadero_1[1];Worker_Panadero_1[1];0.OnVisitingNode;[Assign] IgnoreVisitingCurrentNodeFlag;Assigning state variable 'Worker_Panadero_1[1].IgnoreVisitingCurrentNode' the value '0'. Previous value was '0'.
0,08097222222222221;Worker_Panadero_1[1];Worker_Panadero_1[1];0.OnVisitingNode;[End];Process 'Worker_Panadero_1[1].OnVisitingNode' execution ended.
0,08097222222222221;Worker_Panadero_1[1];NodoUnion;4.OnEntered;[Transfer] ToOutboundLink;Entity 'Worker_Panadero_1[1]' transferring from '[Node] NodoUnion' onto link 'Path3'.
0,08097222222222221;Worker_Panadero_1[1];Path3;0.OnEntered;[Begin];Process 'Path3.OnEntered' execution started.
0,08097222222222221;Worker_Panadero_1[1];Path3;0.OnEntered;[Assign] EntityMovementRate;Assigning state variable 'Worker_Panadero_1[1].Movement.Rate' the value '4320' Meters per Hour. Previous value was '7200' Meters per Hour.
0,08097222222222221;Worker_Panadero_1[1];Path3;0.OnEntered;[EndTransfer] OntoPath;Entity 'Worker_Panadero_1[1]' ending transfer onto link 'Path3'.
0,08097222222222221;Worker_Panadero_1[1];Path3;0.OnEntered;[End];Process 'Path3.OnEntered' execution ended.
0,08097222222222221;Worker_Panadero_1[1];Path1;2.OnReachedEnd;[End];Process 'Path1.OnReachedEnd' execution ended.
0,08097222222222221;Worker_Panadero_1[1];NodoUnion;4.OnEntered;[End];Process 'NodoUnion.OnEntered' execution ended.
0,08938578236975057;Worker_Panadero_1[1];NodoUnion;4.OnExited;[Begin];Process 'NodoUnion.OnExited' execution started.
0,08938578236975057;Worker_Panadero_1[1];NodoUnion;4.OnExited;[Fire] ExitedEvent;Firing event 'NodoUnion.Exited'.
0,08938578236975057;Worker_Panadero_1[1];NodoUnion;4.OnExited;[End];Process 'NodoUnion.OnExited' execution ended.
0,21138888888888885;Worker_Panadero_1[1];Path3;4.OnReachedEnd;[Begin];Process 'Path3.OnReachedEnd' execution started.
0,21138888888888885;Worker_Panadero_1[1];Path3;4.OnReachedEnd;[Transfer] FromPath;Entity 'Worker_Panadero_1[1]' transferring from '[EndOfLink] Path3' into node 'Node_Est_Pesado'.
0,21138888888888885;Worker_Panadero_1[1];Node_Est_Pesado;2.OnEntered;[Begin];Process 'Node_Est_Pesado.OnEntered' execution started.
0,21138888888888885;Worker_Panadero_1[1];Node_Est_Pesado;2.OnEntered;[Fire] EnteredEvent;Firing event 'Node_Est_Pesado.Entered'.
0,21138888888888885;Worker_Panadero_1[1];Node_Est_Pesado;2.OnEntered;[VisitNode] Entity;Executing process 'Worker_Panadero_1[1].OnVisitingNode'.
0,21138888888888885;Worker_Panadero_1[1];Worker_Panadero_1[1];0.OnVisitingNode;[Begin];Process 'Worker_Panadero_1[1].OnVisitingNode' execution started.
0,21138888888888885;Worker_Panadero_1[1];Worker_Panadero_1[1];0.OnVisitingNode;[Decide] IfNotVisitingNode;Token branching on condition 'Math.If(IgnoreVisitingCurrentNode, True, ResourceState==List.ResourceStateName.Idle, False, ResourceState==List.ResourceStateName.OffShift, ((OffShiftAction==List.WorkerOffShiftAction.GoToHome)||(OffShiftAction==List.WorkerOffShiftAction.ParkAtHome))&&(HomeNode!=Nothing)&&(DestinationNode==HomeNode)&&(CurrentNode!=HomeNode),(DestinationNode!=Nothing)&&(CurrentNode!=DestinationNode), True, False)'.
0,21138888888888885;Worker_Panadero_1[1];Worker_Panadero_1[1];0.OnVisitingNode;[Decide] IfNotVisitingNode;Token sent to 'False' exit.
0,21138888888888885;Worker_Panadero_1[1];Worker_Panadero_1[1];0.OnVisitingNode;[Decide] IfBusy;Token branching on condition '(ResourceState==List.ResourceStateName.Busy)||(ResourceState==List.ResourceStateName.OffShiftBusy)'.
0,21138888888888885;Worker_Panadero_1[1];Worker_Panadero_1[1];0.OnVisitingNode;[Decide] IfBusy;Token sent to 'True' exit.
0,21138888888888885;ModelEntity1.78;Server_Pesado;1.OnEnteredInputBuffer;[Seize] SecondaryResources;Resource 'Worker_Panadero_1[1]' completed request from object 'ModelEntity1.78' to move to destination node 'Node_Est_Pesado'.
0,21138888888888885;Worker_Panadero_1[1];Worker_Panadero_1[1];0.OnVisitingNode;[SelectVisit] ToAcceptedDestination;Entity 'Worker_Panadero_1[1]' searching its visit request queue containing '0' item(s).
0,21138888888888885;Worker_Panadero_1[1];Worker_Panadero_1[1];0.OnVisitingNode;[SelectVisit] ToAcceptedDestination;Entity 'Worker_Panadero_1[1]' failed to select an eligible visit destination. 
0,21138888888888885;Worker_Panadero_1[1];Worker_Panadero_1[1];0.OnVisitingNode;[Wait] UntilRemainInPlaceEnded;Token waiting at Wait step for event 'Worker_Panadero_1[1].RemainInPlaceEnded'.
0,21138888888888885;Worker_Panadero_1[1];Worker_Panadero_1[1];0.OnVisitingNode;[Wait] UntilRemainInPlaceEnded;Token waiting at Wait step for any one of '1' specified event(s) to occur.
0,21138888888888885;Worker_Panadero_1[1];Node_Est_Pesado;2.OnEntered;[VisitNode] Entity;Token waiting at VisitNode step for '1' other processes to complete.
0,21138888888888885;--;--;--;--;Changing from AutoState 'Busy' to 'Blocked' on resource 'Server_Pesado'.
0,21138888888888885;--;--;--;--;Assigning state variable 'Server_Pesado.ResourceState' the value '2'. Previous value was '1'.
0,21138888888888885;ModelEntity1.78;Server_Pesado;1.OnEnteredInputBuffer;[Transfer] ToProcessing;Entity 'ModelEntity1.78' transferring from '[Station] Server_Pesado.InputBuffer' into station 'Server_Pesado.Processing'.
0,21138888888888885;--;--;--;--;Changing from AutoState 'Blocked' to 'Busy' on resource 'Server_Pesado'.
0,21138888888888885;--;--;--;--;Assigning state variable 'Server_Pesado.ResourceState' the value '1'. Previous value was '2'.
0,21138888888888885;ModelEntity1.78;Server_Pesado;3.OnEnteredProcessing;[Begin];Process 'Server_Pesado.OnEnteredProcessing' execution started.
0,21138888888888885;ModelEntity1.78;Server_Pesado;3.OnEnteredProcessing;[EndTransfer] IntoProcessing;Entity 'ModelEntity1.78' ending transfer into station 'Server_Pesado.Processing'.
0,21138888888888885;ModelEntity1.78;Server_Pesado;3.OnEnteredProcessing;[Decide] IfProcessTypeSpecificTime;Token branching on condition 'ProcessType==Enum.TaskProcessType.SpecificTime'.
0,21138888888888885;ModelEntity1.78;Server_Pesado;3.OnEnteredProcessing;[Decide] IfProcessTypeSpecificTime;Token sent to 'True' exit.
0,21138888888888885;ModelEntity1.78;Server_Pesado;3.OnEnteredProcessing;[Delay] ProcessingTime;Delaying token for '5' Minutes until time '5,211388888888889' Minutes. Delay multiplier was '1'.
0,21138888888888885;ModelEntity1.78;Server_Pesado;1.OnEnteredInputBuffer;[End];Process 'Server_Pesado.OnEnteredInputBuffer' execution ended.
5,211388888888889;ModelEntity1.78;Server_Pesado;3.OnEnteredProcessing;[Release] SecondaryResources;Object 'ModelEntity1.78' attempting to release '1' resource(s) of resource type '[FromList] WorkerSet_Panaderos'.
5,211388888888889;ModelEntity1.78;Server_Pesado;3.OnEnteredProcessing;[Release] SecondaryResources;Object 'ModelEntity1.78' released '1' capacity unit(s) of resource 'Worker_Panadero_1[1]'.
5,211388888888889;--;--;--;--;Changing from AutoState 'Busy' to 'Starved' on resource 'Worker_Panadero_1[1]'.
5,211388888888889;--;--;--;--;Assigning state variable 'Worker_Panadero_1[1].ResourceState' the value '0'. Previous value was '1'.
5,211388888888889;ModelEntity1.78;Worker_Panadero_1[1];1.OnCapacityReleased;[Begin];Process 'Worker_Panadero_1[1].OnCapacityReleased' execution started.
5,211388888888889;ModelEntity1.78;Worker_Panadero_1[1];1.OnCapacityReleased;[Assign] ResourceState;Assigning state variable 'Worker_Panadero_1[1].ResourceState' the value '0'. Previous value was '0'.
5,211388888888889;ModelEntity1.78;Worker_Panadero_1[1];1.OnCapacityReleased;[Assign] OnCapacityReleasedAssignments;Assigning state variable 'Worker_Panadero_1[1].OnEvaluatingRiderReservation.Enabled' the value '1'. Previous value was '0'.
5,211388888888889;ModelEntity1.78;Worker_Panadero_1[1];1.OnCapacityReleased;[Assign] OnCapacityReleasedAssignments;Assigning state variable 'Worker_Panadero_1[1].OnEvaluatingRiderReservation.ReturnValue' the value '1'. Previous value was '0'.
5,211388888888889;ModelEntity1.78;Worker_Panadero_1[1];1.OnCapacityReleased;[Assign] OnCapacityReleasedAssignments;Assigning state variable 'Worker_Panadero_1[1].OnEvaluatingSeizeRequest.Enabled' the value '1'. Previous value was '0'.
5,211388888888889;ModelEntity1.78;Worker_Panadero_1[1];1.OnCapacityReleased;[Assign] OnCapacityReleasedAssignments;Assigning state variable 'Worker_Panadero_1[1].OnEvaluatingSeizeRequest.ReturnValue' the value '1'. Previous value was '0'.
5,211388888888889;ModelEntity1.78;Worker_Panadero_1[1];1.OnCapacityReleased;[Assign] OnCapacityReleasedAssignments;Assigning state variable 'Worker_Panadero_1[1].OnEvaluatingRiderAtPickup.Enabled' the value '1'. Previous value was '0'.
5,211388888888889;ModelEntity1.78;Worker_Panadero_1[1];1.OnCapacityReleased;[Assign] OnCapacityReleasedAssignments;Assigning state variable 'Worker_Panadero_1[1].OnEvaluatingRiderAtPickup.ReturnValue' the value '1'. Previous value was '0'.
5,211388888888889;ModelEntity1.78;Worker_Panadero_1[1];1.OnCapacityReleased;[SetNode] ToClearDestination;Assigning entity ‘Worker_Panadero_1[1]’ destination node the value ‘Nothing’.
5,211388888888889;ModelEntity1.78;Worker_Panadero_1[1];1.OnCapacityReleased;[Fire] RemainInPlaceEndedEvent;Firing event 'Worker_Panadero_1[1].RemainInPlaceEnded'.
5,211388888888889;Worker_Panadero_1[1];Worker_Panadero_1[1];0.OnVisitingNode;[Wait] UntilRemainInPlaceEnded;Wait for event(s) ended. Releasing token from Wait step.
5,211388888888889;ModelEntity1.78;Worker_Panadero_1[1];1.OnCapacityReleased;[Fire] ReleasedEvent;Firing event 'Worker_Panadero_1[1].Released'.
5,211388888888889;ModelEntity1.78;Worker_Panadero_1[1];1.OnCapacityReleased;[End];Process 'Worker_Panadero_1[1].OnCapacityReleased' execution ended.
5,211388888888889;--;--;--;--;Changing from AutoState 'Busy' to 'Blocked' on resource 'Server_Pesado'.
5,211388888888889;--;--;--;--;Assigning state variable 'Server_Pesado.ResourceState' the value '2'. Previous value was '1'.
5,211388888888889;ModelEntity1.78;Server_Pesado;3.OnEnteredProcessing;[Transfer] ToOutputBuffer;Entity 'ModelEntity1.78' transferring from '[Station] Server_Pesado.Processing' into station 'Server_Pesado.OutputBuffer'.
5,211388888888889;--;--;--;--;Changing from AutoState 'Blocked' to 'Busy' on resource 'Server_Pesado'.
5,211388888888889;--;--;--;--;Assigning state variable 'Server_Pesado.ResourceState' the value '1'. Previous value was '2'.
5,211388888888889;Worker_Panadero_1[1];Worker_Panadero_1[1];0.OnVisitingNode;[Delay] Epsilon;Delaying token for 'Epsilon' Minutes until time '5,211388888888889' Minutes. Scheduling end of delay as a late priority event on current events calendar.
5,211388888888889;ModelEntity1.78;Server_Pesado;1.OnEnteredOutputBuffer;[Begin];Process 'Server_Pesado.OnEnteredOutputBuffer' execution started.
5,211388888888889;ModelEntity1.78;Server_Pesado;1.OnEnteredOutputBuffer;[EndTransfer] IntoOutputBuffer;Entity 'ModelEntity1.78' ending transfer into station 'Server_Pesado.OutputBuffer'.
5,211388888888889;ModelEntity1.78;Server_Pesado;1.OnEnteredOutputBuffer;[Release] Server;Object 'ModelEntity1.78' attempting to release '1' resource(s) of resource type '[ParentObject] Server_Pesado'.
5,211388888888889;ModelEntity1.78;Server_Pesado;1.OnEnteredOutputBuffer;[Release] Server;Object 'ModelEntity1.78' released '1' capacity unit(s) of resource 'Server_Pesado'.
5,211388888888889;--;--;--;--;Changing from AutoState 'Busy' to 'Starved' on resource 'Server_Pesado'.
5,211388888888889;--;--;--;--;Assigning state variable 'Server_Pesado.ResourceState' the value '0'. Previous value was '1'.
5,211388888888889;--;--;--;--;Resource 'Server_Pesado' checking allocation queue which contains '9' item(s).
5,211388888888889;ModelEntity1.79;Server_Pesado;5.OnEnteredInputBuffer;[Seize] Server;Object 'ModelEntity1.79' checking availability to seize '1' resource(s) of resource type '[ParentObject] Server_Pesado'.
5,211388888888889;ModelEntity1.79;Server_Pesado;5.OnEnteredInputBuffer;[Seize] Server;Object 'ModelEntity1.79' checking availability to seize '1' capacity unit(s) of resource 'Server_Pesado’.
5,211388888888889;ModelEntity1.79;Server_Pesado;5.OnEnteredInputBuffer;[Seize] Server;Object 'ModelEntity1.79' found ‘1’ currently available capacity unit(s) of resource 'Server_Pesado’.
5,211388888888889;ModelEntity1.79;Server_Pesado;5.OnEnteredInputBuffer;[Seize] Server;Object 'ModelEntity1.79' found '1' currently available resource(s) of resource type '[ParentObject] Server_Pesado'.
5,211388888888889;--;--;--;--;Resource 'Server_Pesado' selecting object 'ModelEntity1.79' waiting at rank position '1' in allocation queue which contains '9' item(s).
5,211388888888889;ModelEntity1.79;Server_Pesado;5.OnEnteredInputBuffer;[Seize] Server;Object 'ModelEntity1.79' seized '1' capacity unit(s) of resource 'Server_Pesado'.
5,211388888888889;--;--;--;--;Changing from AutoState 'Starved' to 'Busy' on resource 'Server_Pesado'.
5,211388888888889;--;--;--;--;Assigning state variable 'Server_Pesado.ResourceState' the value '1'. Previous value was '0'.
5,211388888888889;ModelEntity1.79;Server_Pesado;5.OnEnteredInputBuffer;[Seize] Server;Object 'ModelEntity1.79' completed seize of '1' resource(s) of resource type '[ParentObject] Server_Pesado'.
5,211388888888889;--;--;--;--;Resource 'Server_Pesado' checking allocation queue which contains '8' item(s).
5,211388888888889;--;--;--;--;Resource 'Server_Pesado' unable to select any items waiting in its allocation queue. Resource is fully allocated or off shift.
5,211388888888889;ModelEntity1.78;Server_Pesado;1.OnEnteredOutputBuffer;[Transfer] ToOutputNode;Entity 'ModelEntity1.78' transferring from '[Station] Server_Pesado.OutputBuffer' into node 'Output@Server_Pesado'.
5,211388888888889;ModelEntity1.78;Output@Server_Pesado;14.OnEnteredFromAssociatedObject;[Begin];Process 'Output@Server_Pesado.OnEnteredFromAssociatedObject' execution started.
5,211388888888889;ModelEntity1.78;Output@Server_Pesado;14.OnEnteredFromAssociatedObject;[Fire] EnteredEvent;Firing event 'Output@Server_Pesado.Entered'.
5,211388888888889;ModelEntity1.78;Output@Server_Pesado;14.OnEnteredFromAssociatedObject;[Transfer] ToOutboundLink;Entity 'ModelEntity1.78' transferring from '[Node] Output@Server_Pesado' into node 'Input@Server_Mezclado'.
5,211388888888889;ModelEntity1.78;Input@Server_Mezclado;15.OnEnteredToAssociatedObject;[Begin];Process 'Input@Server_Mezclado.OnEnteredToAssociatedObject' execution started.
5,211388888888889;ModelEntity1.78;Input@Server_Mezclado;15.OnEnteredToAssociatedObject;[Fire] EnteredEvent;Firing event 'Input@Server_Mezclado.Entered'.
5,211388888888889;ModelEntity1.78;Input@Server_Mezclado;15.OnEnteredToAssociatedObject;[Transfer] ToAssociatedObject;Entity 'ModelEntity1.78' transferring from '[Node] Input@Server_Mezclado' into object 'Server_Mezclado'.
5,211388888888889;ModelEntity1.78;Input@Server_Mezclado;15.OnEnteredToAssociatedObject;[Transfer] ToAssociatedObject;Entity 'ModelEntity1.78' transferring from '[Node] Input@Server_Mezclado' into station 'Server_Mezclado.InputBuffer'.
5,211388888888889;ModelEntity1.78;Server_Pesado;3.OnEnteredProcessing;[End];Process 'Server_Pesado.OnEnteredProcessing' execution ended.
5,211388888888889;--;--;--;--;Ignoring attempt to execute disabled process 'Worker_Panadero_1[1].OnNewSeizeRequest'.
5,211388888888889;--;--;--;--;Ignoring attempt to execute disabled process 'Worker_Panadero_2[1].OnNewSeizeRequest'.
5,211388888888889;--;--;--;--;Ignoring attempt to execute disabled process 'Worker_Panadero_3[1].OnNewSeizeRequest'.
5,211388888888889;ModelEntity1.79;Server_Pesado;5.OnEnteredInputBuffer;[Seize] SecondaryResources;Object 'ModelEntity1.79' waiting to seize '1' resource(s) of resource type '[FromList] WorkerSet_Panaderos'.
5,211388888888889;ModelEntity1.78;Server_Pesado;16.OnExitedOutputBuffer;[Begin];Process 'Server_Pesado.OnExitedOutputBuffer' execution started.
5,211388888888889;ModelEntity1.78;Server_Pesado;16.OnExitedOutputBuffer;[Execute] ExitedAddOnProcess;Executing process 'P_WIP_Pesado_Salir'.
5,211388888888889;ModelEntity1.78;Model_Panaderia;3.P_WIP_Pesado_Salir;[Begin];Process 'P_WIP_Pesado_Salir' execution started.
5,211388888888889;ModelEntity1.78;Model_Panaderia;3.P_WIP_Pesado_Salir;[Assign] Assign12;Assigning state variable 'Model_Panaderia.WIP_Pesado' the value '9'. Previous value was '10'.
5,211388888888889;ModelEntity1.78;Model_Panaderia;3.P_WIP_Pesado_Salir;[End];Process 'P_WIP_Pesado_Salir' execution ended.
5,211388888888889;ModelEntity1.78;Server_Pesado;16.OnExitedOutputBuffer;[End];Process 'Server_Pesado.OnExitedOutputBuffer' execution ended.
5,211388888888889;ModelEntity1.78;Server_Mezclado;17.OnEnteredInputBuffer;[Begin];Process 'Server_Mezclado.OnEnteredInputBuffer' execution started.
5,211388888888889;ModelEntity1.78;Server_Mezclado;17.OnEnteredInputBuffer;[Execute] EnteredAddOnProcess;Executing process 'P_WIP_Mezclado_Entrar'.
5,211388888888889;ModelEntity1.78;Model_Panaderia;16.P_WIP_Mezclado_Entrar;[Begin];Process 'P_WIP_Mezclado_Entrar' execution started.
5,211388888888889;ModelEntity1.78;Model_Panaderia;16.P_WIP_Mezclado_Entrar;[Assign] Assign9;Assigning state variable 'Model_Panaderia.WIP_Mezclado' the value '1'. Previous value was '0'.
5,211388888888889;ModelEntity1.78;Model_Panaderia;16.P_WIP_Mezclado_Entrar;[End];Process 'P_WIP_Mezclado_Entrar' execution ended.
5,211388888888889;ModelEntity1.78;Server_Mezclado;17.OnEnteredInputBuffer;[EndTransfer] IntoInputBuffer;Entity 'ModelEntity1.78' ending transfer into station 'Server_Mezclado.InputBuffer'.
5,211388888888889;ModelEntity1.78;Output@Server_Pesado;16.OnExited;[Begin];Process 'Output@Server_Pesado.OnExited' execution started.
5,211388888888889;ModelEntity1.78;Output@Server_Pesado;16.OnExited;[Fire] ExitedEvent;Firing event 'Output@Server_Pesado.Exited'.
5,211388888888889;ModelEntity1.78;Output@Server_Pesado;16.OnExited;[End];Process 'Output@Server_Pesado.OnExited' execution ended.
5,211388888888889;ModelEntity1.78;Input@Server_Mezclado;16.OnExited;[Begin];Process 'Input@Server_Mezclado.OnExited' execution started.
5,211388888888889;ModelEntity1.78;Input@Server_Mezclado;16.OnExited;[Fire] ExitedEvent;Firing event 'Input@Server_Mezclado.Exited'.
5,211388888888889;ModelEntity1.78;Input@Server_Mezclado;16.OnExited;[End];Process 'Input@Server_Mezclado.OnExited' execution ended.
5,211388888888889;ModelEntity1.78;Server_Mezclado;17.OnEnteredInputBuffer;[Seize] Server;Object 'ModelEntity1.78' waiting to seize '1' resource(s) of resource type '[ParentObject] Server_Mezclado'.
5,211388888888889;ModelEntity1.78;Server_Pesado;1.OnEnteredOutputBuffer;[End];Process 'Server_Pesado.OnEnteredOutputBuffer' execution ended.
5,211388888888889;ModelEntity1.78;Output@Server_Pesado;14.OnEnteredFromAssociatedObject;[End];Process 'Output@Server_Pesado.OnEnteredFromAssociatedObject' execution ended.
5,211388888888889;ModelEntity1.78;Input@Server_Mezclado;15.OnEnteredToAssociatedObject;[End];Process 'Input@Server_Mezclado.OnEnteredToAssociatedObject' execution ended.
5,211388888888889;--;--;--;--;Resource 'Worker_Panadero_1[1]' checking allocation queue which contains '1' item(s).
5,211388888888889;ModelEntity1.79;Server_Pesado;5.OnEnteredInputBuffer;[Seize] SecondaryResources;Object 'ModelEntity1.79' checking availability to seize '1' resource(s) of resource type '[FromList] WorkerSet_Panaderos'.
5,211388888888889;ModelEntity1.79;Server_Pesado;5.OnEnteredInputBuffer;[Seize] SecondaryResources;Object 'ModelEntity1.79' checking availability to seize '1' capacity unit(s) of resource 'Worker_Panadero_1[1]’.
5,211388888888889;ModelEntity1.79;Server_Pesado;5.OnEnteredInputBuffer;[Seize] SecondaryResources;Object 'ModelEntity1.79' found ‘1’ currently available capacity unit(s) of resource 'Worker_Panadero_1[1]’.
5,211388888888889;ModelEntity1.79;Server_Pesado;5.OnEnteredInputBuffer;[Seize] SecondaryResources;Object 'ModelEntity1.79' checking availability to seize '1' capacity unit(s) of resource 'Worker_Panadero_2[1]’.
5,211388888888889;ModelEntity1.79;Server_Pesado;5.OnEnteredInputBuffer;[Seize] SecondaryResources;Object 'ModelEntity1.79' found ‘1’ currently available capacity unit(s) of resource 'Worker_Panadero_2[1]’.
5,211388888888889;ModelEntity1.79;Server_Pesado;5.OnEnteredInputBuffer;[Seize] SecondaryResources;Object 'ModelEntity1.79' checking availability to seize '1' capacity unit(s) of resource 'Worker_Panadero_3[1]’.
5,211388888888889;ModelEntity1.79;Server_Pesado;5.OnEnteredInputBuffer;[Seize] SecondaryResources;Object 'ModelEntity1.79' found ‘1’ currently available capacity unit(s) of resource 'Worker_Panadero_3[1]’.
5,211388888888889;ModelEntity1.79;Server_Pesado;5.OnEnteredInputBuffer;[Seize] SecondaryResources;Object 'ModelEntity1.79' found '3' currently available resource(s) of resource type '[FromList] WorkerSet_Panaderos'.
5,211388888888889;--;--;--;--;Resource 'Worker_Panadero_1[1]' selecting object 'ModelEntity1.79' waiting at rank position '1' in allocation queue which contains '1' item(s).
5,211388888888889;ModelEntity1.79;Server_Pesado;5.OnEnteredInputBuffer;[Seize] SecondaryResources;Object 'ModelEntity1.79' seized '1' capacity unit(s) of resource 'Worker_Panadero_1[1]'.
5,211388888888889;--;--;--;--;Changing from AutoState 'Starved' to 'Busy' on resource 'Worker_Panadero_1[1]'.
5,211388888888889;--;--;--;--;Assigning state variable 'Worker_Panadero_1[1].ResourceState' the value '1'. Previous value was '0'.
5,211388888888889;ModelEntity1.79;Worker_Panadero_1[1];15.OnCapacityAllocated;[Begin];Process 'Worker_Panadero_1[1].OnCapacityAllocated' execution started.
5,211388888888889;ModelEntity1.79;Worker_Panadero_1[1];15.OnCapacityAllocated;[Assign] ResourceState;Assigning state variable 'Worker_Panadero_1[1].ResourceState' the value '1'. Previous value was '1'.
5,211388888888889;ModelEntity1.79;Worker_Panadero_1[1];15.OnCapacityAllocated;[Assign] OnCapacityAllocatedAssignments;Assigning state variable 'Worker_Panadero_1[1].OnEvaluatingRiderReservation.Enabled' the value '0'. Previous value was '1'.
5,211388888888889;ModelEntity1.79;Worker_Panadero_1[1];15.OnCapacityAllocated;[Assign] OnCapacityAllocatedAssignments;Assigning state variable 'Worker_Panadero_1[1].OnEvaluatingRiderReservation.ReturnValue' the value '0'. Previous value was '1'.
5,211388888888889;ModelEntity1.79;Worker_Panadero_1[1];15.OnCapacityAllocated;[Assign] OnCapacityAllocatedAssignments;Assigning state variable 'Worker_Panadero_1[1].OnEvaluatingSeizeRequest.Enabled' the value '0'. Previous value was '1'.
5,211388888888889;ModelEntity1.79;Worker_Panadero_1[1];15.OnCapacityAllocated;[Assign] OnCapacityAllocatedAssignments;Assigning state variable 'Worker_Panadero_1[1].OnEvaluatingSeizeRequest.ReturnValue' the value '0'. Previous value was '1'.
5,211388888888889;ModelEntity1.79;Worker_Panadero_1[1];15.OnCapacityAllocated;[Assign] OnCapacityAllocatedAssignments;Assigning state variable 'Worker_Panadero_1[1].OnEvaluatingRiderAtPickup.Enabled' the value '0'. Previous value was '1'.
5,211388888888889;ModelEntity1.79;Worker_Panadero_1[1];15.OnCapacityAllocated;[Assign] OnCapacityAllocatedAssignments;Assigning state variable 'Worker_Panadero_1[1].OnEvaluatingRiderAtPickup.ReturnValue' the value '0'. Previous value was '1'.
5,211388888888889;ModelEntity1.79;Worker_Panadero_1[1];15.OnCapacityAllocated;[Fire] AllocatedEvent;Firing event 'Worker_Panadero_1[1].Allocated'.
5,211388888888889;ModelEntity1.79;Worker_Panadero_1[1];15.OnCapacityAllocated;[End];Process 'Worker_Panadero_1[1].OnCapacityAllocated' execution ended.
5,211388888888889;ModelEntity1.79;Server_Pesado;5.OnEnteredInputBuffer;[Seize] SecondaryResources;Resource 'Worker_Panadero_1[1]' accepting request from object 'ModelEntity1.79' to move to destination node 'Node_Est_Pesado'.
5,211388888888889;ModelEntity1.79;Worker_Panadero_1[1];15.OnMoveRequestAccepted;[Begin];Process 'Worker_Panadero_1[1].OnMoveRequestAccepted' execution started.
5,211388888888889;ModelEntity1.79;Worker_Panadero_1[1];15.OnMoveRequestAccepted;[SelectVisit] ToAcceptedDestination;Entity 'Worker_Panadero_1[1]' searching its visit request queue containing '1' item(s).
5,211388888888889;ModelEntity1.79;Worker_Panadero_1[1];15.OnMoveRequestAccepted;[SelectVisit] ToAcceptedDestination;Assigning entity 'Worker_Panadero_1[1]' destination node the value 'Node_Est_Pesado'.
5,211388888888889;ModelEntity1.79;Worker_Panadero_1[1];15.OnMoveRequestAccepted;[Decide] IfInFreeSpace;Token branching on condition '(CurrentNode==Nothing)&&(CurrentLink==Nothing)&&(CurrentStation==Nothing)'.
5,211388888888889;ModelEntity1.79;Worker_Panadero_1[1];15.OnMoveRequestAccepted;[Decide] IfInFreeSpace;Token sent to 'False' exit.
5,211388888888889;ModelEntity1.79;Worker_Panadero_1[1];15.OnMoveRequestAccepted;[Decide] IfUnpark;Token branching on condition 'IsParked && (OnVisitingNode.TokensInProcess==0)'.
5,211388888888889;ModelEntity1.79;Worker_Panadero_1[1];15.OnMoveRequestAccepted;[Decide] IfUnpark;Token sent to 'False' exit.
5,211388888888889;ModelEntity1.79;Worker_Panadero_1[1];15.OnMoveRequestAccepted;[Fire] RemainInPlaceEndedEvent;Firing event 'Worker_Panadero_1[1].RemainInPlaceEnded'.
5,211388888888889;ModelEntity1.79;Worker_Panadero_1[1];15.OnMoveRequestAccepted;[End];Process 'Worker_Panadero_1[1].OnMoveRequestAccepted' execution ended.
5,211388888888889;ModelEntity1.79;Server_Pesado;5.OnEnteredInputBuffer;[Seize] SecondaryResources;Object 'ModelEntity1.79' completed seize of '1' resource(s) of resource type '[FromList] WorkerSet_Panaderos'.
5,211388888888889;Worker_Panadero_1[1];Worker_Panadero_1[1];0.OnVisitingNode;[Decide] IfNotVisitingNode;Token branching on condition 'Math.If(IgnoreVisitingCurrentNode, True, ResourceState==List.ResourceStateName.Idle, False, ResourceState==List.ResourceStateName.OffShift, ((OffShiftAction==List.WorkerOffShiftAction.GoToHome)||(OffShiftAction==List.WorkerOffShiftAction.ParkAtHome))&&(HomeNode!=Nothing)&&(DestinationNode==HomeNode)&&(CurrentNode!=HomeNode),(DestinationNode!=Nothing)&&(CurrentNode!=DestinationNode), True, False)'.
5,211388888888889;Worker_Panadero_1[1];Worker_Panadero_1[1];0.OnVisitingNode;[Decide] IfNotVisitingNode;Token sent to 'False' exit.
5,211388888888889;Worker_Panadero_1[1];Worker_Panadero_1[1];0.OnVisitingNode;[Decide] IfBusy;Token branching on condition '(ResourceState==List.ResourceStateName.Busy)||(ResourceState==List.ResourceStateName.OffShiftBusy)'.
5,211388888888889;Worker_Panadero_1[1];Worker_Panadero_1[1];0.OnVisitingNode;[Decide] IfBusy;Token sent to 'True' exit.
5,211388888888889;ModelEntity1.79;Server_Pesado;5.OnEnteredInputBuffer;[Seize] SecondaryResources;Resource 'Worker_Panadero_1[1]' completed request from object 'ModelEntity1.79' to move to destination node 'Node_Est_Pesado'.
5,211388888888889;Worker_Panadero_1[1];Worker_Panadero_1[1];0.OnVisitingNode;[SelectVisit] ToAcceptedDestination;Entity 'Worker_Panadero_1[1]' searching its visit request queue containing '0' item(s).
5,211388888888889;Worker_Panadero_1[1];Worker_Panadero_1[1];0.OnVisitingNode;[SelectVisit] ToAcceptedDestination;Entity 'Worker_Panadero_1[1]' failed to select an eligible visit destination. 
5,211388888888889;Worker_Panadero_1[1];Worker_Panadero_1[1];0.OnVisitingNode;[Wait] UntilRemainInPlaceEnded;Token waiting at Wait step for event 'Worker_Panadero_1[1].RemainInPlaceEnded'.
5,211388888888889;Worker_Panadero_1[1];Worker_Panadero_1[1];0.OnVisitingNode;[Wait] UntilRemainInPlaceEnded;Token waiting at Wait step for any one of '1' specified event(s) to occur.
5,211388888888889;--;--;--;--;Changing from AutoState 'Busy' to 'Blocked' on resource 'Server_Pesado'.
5,211388888888889;--;--;--;--;Assigning state variable 'Server_Pesado.ResourceState' the value '2'. Previous value was '1'.
5,211388888888889;ModelEntity1.79;Server_Pesado;5.OnEnteredInputBuffer;[Transfer] ToProcessing;Entity 'ModelEntity1.79' transferring from '[Station] Server_Pesado.InputBuffer' into station 'Server_Pesado.Processing'.
5,211388888888889;--;--;--;--;Changing from AutoState 'Blocked' to 'Busy' on resource 'Server_Pesado'.
5,211388888888889;--;--;--;--;Assigning state variable 'Server_Pesado.ResourceState' the value '1'. Previous value was '2'.
5,211388888888889;ModelEntity1.79;Server_Pesado;15.OnEnteredProcessing;[Begin];Process 'Server_Pesado.OnEnteredProcessing' execution started.
5,211388888888889;ModelEntity1.79;Server_Pesado;15.OnEnteredProcessing;[EndTransfer] IntoProcessing;Entity 'ModelEntity1.79' ending transfer into station 'Server_Pesado.Processing'.
5,211388888888889;ModelEntity1.79;Server_Pesado;15.OnEnteredProcessing;[Decide] IfProcessTypeSpecificTime;Token branching on condition 'ProcessType==Enum.TaskProcessType.SpecificTime'.
5,211388888888889;ModelEntity1.79;Server_Pesado;15.OnEnteredProcessing;[Decide] IfProcessTypeSpecificTime;Token sent to 'True' exit.
5,211388888888889;ModelEntity1.79;Server_Pesado;15.OnEnteredProcessing;[Delay] ProcessingTime;Delaying token for '5' Minutes until time '10,211388888888889' Minutes. Delay multiplier was '1'.
5,211388888888889;ModelEntity1.79;Server_Pesado;5.OnEnteredInputBuffer;[End];Process 'Server_Pesado.OnEnteredInputBuffer' execution ended.
5,211388888888889;--;--;--;--;Resource 'Server_Mezclado' checking allocation queue which contains '1' item(s).
5,211388888888889;ModelEntity1.78;Server_Mezclado;17.OnEnteredInputBuffer;[Seize] Server;Object 'ModelEntity1.78' checking availability to seize '1' resource(s) of resource type '[ParentObject] Server_Mezclado'.
5,211388888888889;ModelEntity1.78;Server_Mezclado;17.OnEnteredInputBuffer;[Seize] Server;Object 'ModelEntity1.78' checking availability to seize '1' capacity unit(s) of resource 'Server_Mezclado’.
5,211388888888889;ModelEntity1.78;Server_Mezclado;17.OnEnteredInputBuffer;[Seize] Server;Object 'ModelEntity1.78' found ‘1’ currently available capacity unit(s) of resource 'Server_Mezclado’.
5,211388888888889;ModelEntity1.78;Server_Mezclado;17.OnEnteredInputBuffer;[Seize] Server;Object 'ModelEntity1.78' found '1' currently available resource(s) of resource type '[ParentObject] Server_Mezclado'.
5,211388888888889;--;--;--;--;Resource 'Server_Mezclado' selecting object 'ModelEntity1.78' waiting at rank position '1' in allocation queue which contains '1' item(s).
5,211388888888889;ModelEntity1.78;Server_Mezclado;17.OnEnteredInputBuffer;[Seize] Server;Object 'ModelEntity1.78' seized '1' capacity unit(s) of resource 'Server_Mezclado'.
5,211388888888889;--;--;--;--;Changing from AutoState 'Starved' to 'Busy' on resource 'Server_Mezclado'.
5,211388888888889;--;--;--;--;Assigning state variable 'Server_Mezclado.ResourceState' the value '1'. Previous value was '0'.
5,211388888888889;ModelEntity1.78;Server_Mezclado;17.OnEnteredInputBuffer;[Seize] Server;Object 'ModelEntity1.78' completed seize of '1' resource(s) of resource type '[ParentObject] Server_Mezclado'.
5,211388888888889;--;--;--;--;Ignoring attempt to execute disabled process 'Worker_Panadero_1[1].OnNewSeizeRequest'.
5,211388888888889;--;--;--;--;Ignoring attempt to execute disabled process 'Worker_Panadero_2[1].OnNewSeizeRequest'.
5,211388888888889;--;--;--;--;Ignoring attempt to execute disabled process 'Worker_Panadero_3[1].OnNewSeizeRequest'.
5,211388888888889;ModelEntity1.78;Server_Mezclado;17.OnEnteredInputBuffer;[Seize] SecondaryResources;Object 'ModelEntity1.78' waiting to seize '1' resource(s) of resource type '[FromList] WorkerSet_Panaderos'.
5,211388888888889;--;--;--;--;Resource 'Worker_Panadero_1[1]' checking allocation queue which contains '1' item(s).
5,211388888888889;--;--;--;--;Resource 'Worker_Panadero_1[1]' unable to select any items waiting in its allocation queue. Resource is fully allocated or off shift.
5,211388888888889;--;--;--;--;Resource 'Worker_Panadero_2[1]' checking allocation queue which contains '1' item(s).
5,211388888888889;ModelEntity1.78;Server_Mezclado;17.OnEnteredInputBuffer;[Seize] SecondaryResources;Object 'ModelEntity1.78' checking availability to seize '1' resource(s) of resource type '[FromList] WorkerSet_Panaderos'.
5,211388888888889;ModelEntity1.78;Server_Mezclado;17.OnEnteredInputBuffer;[Seize] SecondaryResources;Object 'ModelEntity1.78' checking availability to seize '1' capacity unit(s) of resource 'Worker_Panadero_1[1]’.
5,211388888888889;ModelEntity1.78;Server_Mezclado;17.OnEnteredInputBuffer;[Seize] SecondaryResources;Object 'ModelEntity1.78' unable to seize '1' capacity unit(s) of resource 'Worker_Panadero_1[1]'. Insufficient capacity available.
5,211388888888889;ModelEntity1.78;Server_Mezclado;17.OnEnteredInputBuffer;[Seize] SecondaryResources;Object 'ModelEntity1.78' checking availability to seize '1' capacity unit(s) of resource 'Worker_Panadero_2[1]’.
5,211388888888889;ModelEntity1.78;Server_Mezclado;17.OnEnteredInputBuffer;[Seize] SecondaryResources;Object 'ModelEntity1.78' found ‘1’ currently available capacity unit(s) of resource 'Worker_Panadero_2[1]’.
5,211388888888889;ModelEntity1.78;Server_Mezclado;17.OnEnteredInputBuffer;[Seize] SecondaryResources;Object 'ModelEntity1.78' checking availability to seize '1' capacity unit(s) of resource 'Worker_Panadero_3[1]’.
5,211388888888889;ModelEntity1.78;Server_Mezclado;17.OnEnteredInputBuffer;[Seize] SecondaryResources;Object 'ModelEntity1.78' found ‘1’ currently available capacity unit(s) of resource 'Worker_Panadero_3[1]’.
5,211388888888889;ModelEntity1.78;Server_Mezclado;17.OnEnteredInputBuffer;[Seize] SecondaryResources;Object 'ModelEntity1.78' found '2' currently available resource(s) of resource type '[FromList] WorkerSet_Panaderos'.
5,211388888888889;--;--;--;--;Resource 'Worker_Panadero_2[1]' selecting object 'ModelEntity1.78' waiting at rank position '1' in allocation queue which contains '1' item(s).
5,211388888888889;ModelEntity1.78;Server_Mezclado;17.OnEnteredInputBuffer;[Seize] SecondaryResources;Object 'ModelEntity1.78' seized '1' capacity unit(s) of resource 'Worker_Panadero_2[1]'.
5,211388888888889;--;--;--;--;Changing from AutoState 'Starved' to 'Busy' on resource 'Worker_Panadero_2[1]'.
5,211388888888889;--;--;--;--;Assigning state variable 'Worker_Panadero_2[1].ResourceState' the value '1'. Previous value was '0'.
5,211388888888889;ModelEntity1.78;Worker_Panadero_2[1];5.OnCapacityAllocated;[Begin];Process 'Worker_Panadero_2[1].OnCapacityAllocated' execution started.
5,211388888888889;ModelEntity1.78;Worker_Panadero_2[1];5.OnCapacityAllocated;[Assign] ResourceState;Assigning state variable 'Worker_Panadero_2[1].ResourceState' the value '1'. Previous value was '1'.
5,211388888888889;ModelEntity1.78;Worker_Panadero_2[1];5.OnCapacityAllocated;[Assign] OnCapacityAllocatedAssignments;Assigning state variable 'Worker_Panadero_2[1].OnEvaluatingRiderReservation.Enabled' the value '0'. Previous value was '1'.
5,211388888888889;ModelEntity1.78;Worker_Panadero_2[1];5.OnCapacityAllocated;[Assign] OnCapacityAllocatedAssignments;Assigning state variable 'Worker_Panadero_2[1].OnEvaluatingRiderReservation.ReturnValue' the value '0'. Previous value was '1'.
5,211388888888889;ModelEntity1.78;Worker_Panadero_2[1];5.OnCapacityAllocated;[Assign] OnCapacityAllocatedAssignments;Assigning state variable 'Worker_Panadero_2[1].OnEvaluatingSeizeRequest.Enabled' the value '0'. Previous value was '1'.
5,211388888888889;ModelEntity1.78;Worker_Panadero_2[1];5.OnCapacityAllocated;[Assign] OnCapacityAllocatedAssignments;Assigning state variable 'Worker_Panadero_2[1].OnEvaluatingSeizeRequest.ReturnValue' the value '0'. Previous value was '1'.
5,211388888888889;ModelEntity1.78;Worker_Panadero_2[1];5.OnCapacityAllocated;[Assign] OnCapacityAllocatedAssignments;Assigning state variable 'Worker_Panadero_2[1].OnEvaluatingRiderAtPickup.Enabled' the value '0'. Previous value was '1'.
5,211388888888889;ModelEntity1.78;Worker_Panadero_2[1];5.OnCapacityAllocated;[Assign] OnCapacityAllocatedAssignments;Assigning state variable 'Worker_Panadero_2[1].OnEvaluatingRiderAtPickup.ReturnValue' the value '0'. Previous value was '1'.
5,211388888888889;ModelEntity1.78;Worker_Panadero_2[1];5.OnCapacityAllocated;[Fire] AllocatedEvent;Firing event 'Worker_Panadero_2[1].Allocated'.
5,211388888888889;ModelEntity1.78;Worker_Panadero_2[1];5.OnCapacityAllocated;[End];Process 'Worker_Panadero_2[1].OnCapacityAllocated' execution ended.
5,211388888888889;ModelEntity1.78;Server_Mezclado;17.OnEnteredInputBuffer;[Seize] SecondaryResources;Resource 'Worker_Panadero_2[1]' accepting request from object 'ModelEntity1.78' to move to destination node 'Node_Est_Mezclado'.
5,211388888888889;ModelEntity1.78;Worker_Panadero_2[1];5.OnMoveRequestAccepted;[Begin];Process 'Worker_Panadero_2[1].OnMoveRequestAccepted' execution started.
5,211388888888889;ModelEntity1.78;Worker_Panadero_2[1];5.OnMoveRequestAccepted;[SelectVisit] ToAcceptedDestination;Entity 'Worker_Panadero_2[1]' searching its visit request queue containing '1' item(s).
5,211388888888889;ModelEntity1.78;Worker_Panadero_2[1];5.OnMoveRequestAccepted;[SelectVisit] ToAcceptedDestination;Assigning entity 'Worker_Panadero_2[1]' destination node the value 'Node_Est_Mezclado'.
5,211388888888889;ModelEntity1.78;Worker_Panadero_2[1];5.OnMoveRequestAccepted;[Decide] IfInFreeSpace;Token branching on condition '(CurrentNode==Nothing)&&(CurrentLink==Nothing)&&(CurrentStation==Nothing)'.
5,211388888888889;ModelEntity1.78;Worker_Panadero_2[1];5.OnMoveRequestAccepted;[Decide] IfInFreeSpace;Token sent to 'False' exit.
5,211388888888889;ModelEntity1.78;Worker_Panadero_2[1];5.OnMoveRequestAccepted;[Decide] IfUnpark;Token branching on condition 'IsParked && (OnVisitingNode.TokensInProcess==0)'.
5,211388888888889;ModelEntity1.78;Worker_Panadero_2[1];5.OnMoveRequestAccepted;[Decide] IfUnpark;Token sent to 'True' exit.
5,211388888888889;ModelEntity1.78;Worker_Panadero_2[1];5.OnMoveRequestAccepted;[UnPark] Worker;Entity 'Worker_Panadero_2[1]' transferring from '[Station] Node_Silla_Panadero_2.ParkingStation' into node 'Node_Silla_Panadero_2'.
5,211388888888889;Worker_Panadero_2[1];Node_Silla_Panadero_2;14.OnEntered;[Begin];Process 'Node_Silla_Panadero_2.OnEntered' execution started.
5,211388888888889;Worker_Panadero_2[1];Node_Silla_Panadero_2;14.OnEntered;[Fire] EnteredEvent;Firing event 'Node_Silla_Panadero_2.Entered'.
5,211388888888889;Worker_Panadero_2[1];Node_Silla_Panadero_2;14.OnEntered;[VisitNode] Entity;Executing process 'Worker_Panadero_2[1].OnVisitingNode'.
5,211388888888889;Worker_Panadero_2[1];Worker_Panadero_2[1];1.OnVisitingNode;[Begin];Process 'Worker_Panadero_2[1].OnVisitingNode' execution started.
5,211388888888889;Worker_Panadero_2[1];Worker_Panadero_2[1];1.OnVisitingNode;[Decide] IfNotVisitingNode;Token branching on condition 'Math.If(IgnoreVisitingCurrentNode, True, ResourceState==List.ResourceStateName.Idle, False, ResourceState==List.ResourceStateName.OffShift, ((OffShiftAction==List.WorkerOffShiftAction.GoToHome)||(OffShiftAction==List.WorkerOffShiftAction.ParkAtHome))&&(HomeNode!=Nothing)&&(DestinationNode==HomeNode)&&(CurrentNode!=HomeNode),(DestinationNode!=Nothing)&&(CurrentNode!=DestinationNode), True, False)'.
5,211388888888889;Worker_Panadero_2[1];Worker_Panadero_2[1];1.OnVisitingNode;[Decide] IfNotVisitingNode;Token sent to 'True' exit.
5,211388888888889;Worker_Panadero_2[1];Worker_Panadero_2[1];1.OnVisitingNode;[Decide] IfParked;Token branching on condition 'IsParked'.
5,211388888888889;Worker_Panadero_2[1];Worker_Panadero_2[1];1.OnVisitingNode;[Decide] IfParked;Token sent to 'False' exit.
5,211388888888889;Worker_Panadero_2[1];Worker_Panadero_2[1];1.OnVisitingNode;[Assign] IgnoreVisitingCurrentNodeFlag;Assigning state variable 'Worker_Panadero_2[1].IgnoreVisitingCurrentNode' the value '0'. Previous value was '0'.
5,211388888888889;Worker_Panadero_2[1];Worker_Panadero_2[1];1.OnVisitingNode;[End];Process 'Worker_Panadero_2[1].OnVisitingNode' execution ended.
5,211388888888889;Worker_Panadero_2[1];Node_Silla_Panadero_2;14.OnEntered;[Transfer] ToOutboundLink;Entity 'Worker_Panadero_2[1]' transferring from '[Node] Node_Silla_Panadero_2' onto link 'Path2'.
5,211388888888889;Worker_Panadero_2[1];Path2;1.OnEntered;[Begin];Process 'Path2.OnEntered' execution started.
5,211388888888889;Worker_Panadero_2[1];Path2;1.OnEntered;[Assign] EntityMovementRate;Assigning state variable 'Worker_Panadero_2[1].Movement.Rate' the value '4320' Meters per Hour. Previous value was '7200' Meters per Hour.
5,211388888888889;Worker_Panadero_2[1];Path2;1.OnEntered;[EndTransfer] OntoPath;Entity 'Worker_Panadero_2[1]' ending transfer onto link 'Path2'.
5,211388888888889;Worker_Panadero_2[1];Path2;1.OnEntered;[End];Process 'Path2.OnEntered' execution ended.
5,211388888888889;ModelEntity1.78;Server_Mezclado;17.OnEnteredInputBuffer;[Seize] SecondaryResources;Object 'ModelEntity1.78' completed seize of '1' resource(s) of resource type '[FromList] WorkerSet_Panaderos'.
5,211388888888889;ModelEntity1.78;Worker_Panadero_2[1];5.OnMoveRequestAccepted;[End];Process 'Worker_Panadero_2[1].OnMoveRequestAccepted' execution ended.
5,211388888888889;Worker_Panadero_2[1];Node_Silla_Panadero_2;14.OnEntered;[End];Process 'Node_Silla_Panadero_2.OnEntered' execution ended.
5,2198024490364165;Worker_Panadero_2[1];Node_Silla_Panadero_2;14.OnExited;[Begin];Process 'Node_Silla_Panadero_2.OnExited' execution started.
5,2198024490364165;Worker_Panadero_2[1];Node_Silla_Panadero_2;14.OnExited;[Fire] ExitedEvent;Firing event 'Node_Silla_Panadero_2.Exited'.
5,2198024490364165;Worker_Panadero_2[1];Node_Silla_Panadero_2;14.OnExited;[End];Process 'Node_Silla_Panadero_2.OnExited' execution ended.
5,233611111111111;Worker_Panadero_2[1];Path2;14.OnReachedEnd;[Begin];Process 'Path2.OnReachedEnd' execution started.
5,233611111111111;Worker_Panadero_2[1];Path2;14.OnReachedEnd;[Transfer] FromPath;Entity 'Worker_Panadero_2[1]' transferring from '[EndOfLink] Path2' into node 'NodoUnion'.
5,233611111111111;Worker_Panadero_2[1];NodoUnion;5.OnEntered;[Begin];Process 'NodoUnion.OnEntered' execution started.
5,233611111111111;Worker_Panadero_2[1];NodoUnion;5.OnEntered;[Fire] EnteredEvent;Firing event 'NodoUnion.Entered'.
5,233611111111111;Worker_Panadero_2[1];NodoUnion;5.OnEntered;[VisitNode] Entity;Executing process 'Worker_Panadero_2[1].OnVisitingNode'.
5,233611111111111;Worker_Panadero_2[1];Worker_Panadero_2[1];1.OnVisitingNode;[Begin];Process 'Worker_Panadero_2[1].OnVisitingNode' execution started.
5,233611111111111;Worker_Panadero_2[1];Worker_Panadero_2[1];1.OnVisitingNode;[Decide] IfNotVisitingNode;Token branching on condition 'Math.If(IgnoreVisitingCurrentNode, True, ResourceState==List.ResourceStateName.Idle, False, ResourceState==List.ResourceStateName.OffShift, ((OffShiftAction==List.WorkerOffShiftAction.GoToHome)||(OffShiftAction==List.WorkerOffShiftAction.ParkAtHome))&&(HomeNode!=Nothing)&&(DestinationNode==HomeNode)&&(CurrentNode!=HomeNode),(DestinationNode!=Nothing)&&(CurrentNode!=DestinationNode), True, False)'.
5,233611111111111;Worker_Panadero_2[1];Worker_Panadero_2[1];1.OnVisitingNode;[Decide] IfNotVisitingNode;Token sent to 'True' exit.
5,233611111111111;Worker_Panadero_2[1];Worker_Panadero_2[1];1.OnVisitingNode;[Decide] IfParked;Token branching on condition 'IsParked'.
5,233611111111111;Worker_Panadero_2[1];Worker_Panadero_2[1];1.OnVisitingNode;[Decide] IfParked;Token sent to 'False' exit.
5,233611111111111;Worker_Panadero_2[1];Worker_Panadero_2[1];1.OnVisitingNode;[Assign] IgnoreVisitingCurrentNodeFlag;Assigning state variable 'Worker_Panadero_2[1].IgnoreVisitingCurrentNode' the value '0'. Previous value was '0'.
5,233611111111111;Worker_Panadero_2[1];Worker_Panadero_2[1];1.OnVisitingNode;[End];Process 'Worker_Panadero_2[1].OnVisitingNode' execution ended.
5,233611111111111;Worker_Panadero_2[1];NodoUnion;5.OnEntered;[Transfer] ToOutboundLink;Entity 'Worker_Panadero_2[1]' transferring from '[Node] NodoUnion' onto link 'Path4'.
5,233611111111111;Worker_Panadero_2[1];Path4;1.OnEntered;[Begin];Process 'Path4.OnEntered' execution started.
5,233611111111111;Worker_Panadero_2[1];Path4;1.OnEntered;[Assign] EntityMovementRate;Assigning state variable 'Worker_Panadero_2[1].Movement.Rate' the value '4320' Meters per Hour. Previous value was '7200' Meters per Hour.
5,233611111111111;Worker_Panadero_2[1];Path4;1.OnEntered;[EndTransfer] OntoPath;Entity 'Worker_Panadero_2[1]' ending transfer onto link 'Path4'.
5,233611111111111;Worker_Panadero_2[1];Path4;1.OnEntered;[End];Process 'Path4.OnEntered' execution ended.
5,233611111111111;Worker_Panadero_2[1];Path2;14.OnReachedEnd;[End];Process 'Path2.OnReachedEnd' execution ended.
5,233611111111111;Worker_Panadero_2[1];NodoUnion;5.OnEntered;[End];Process 'NodoUnion.OnEntered' execution ended.
5,242024671258639;Worker_Panadero_2[1];NodoUnion;5.OnExited;[Begin];Process 'NodoUnion.OnExited' execution started.
5,242024671258639;Worker_Panadero_2[1];NodoUnion;5.OnExited;[Fire] ExitedEvent;Firing event 'NodoUnion.Exited'.
5,242024671258639;Worker_Panadero_2[1];NodoUnion;5.OnExited;[End];Process 'NodoUnion.OnExited' execution ended.
5,304166666666666;Worker_Panadero_2[1];Path4;5.OnReachedEnd;[Begin];Process 'Path4.OnReachedEnd' execution started.
5,304166666666666;Worker_Panadero_2[1];Path4;5.OnReachedEnd;[Transfer] FromPath;Entity 'Worker_Panadero_2[1]' transferring from '[EndOfLink] Path4' into node 'Node_Est_Mezclado'.
5,304166666666666;Worker_Panadero_2[1];Node_Est_Mezclado;14.OnEntered;[Begin];Process 'Node_Est_Mezclado.OnEntered' execution started.
5,304166666666666;Worker_Panadero_2[1];Node_Est_Mezclado;14.OnEntered;[Fire] EnteredEvent;Firing event 'Node_Est_Mezclado.Entered'.
5,304166666666666;Worker_Panadero_2[1];Node_Est_Mezclado;14.OnEntered;[VisitNode] Entity;Executing process 'Worker_Panadero_2[1].OnVisitingNode'.
5,304166666666666;Worker_Panadero_2[1];Worker_Panadero_2[1];1.OnVisitingNode;[Begin];Process 'Worker_Panadero_2[1].OnVisitingNode' execution started.
5,304166666666666;Worker_Panadero_2[1];Worker_Panadero_2[1];1.OnVisitingNode;[Decide] IfNotVisitingNode;Token branching on condition 'Math.If(IgnoreVisitingCurrentNode, True, ResourceState==List.ResourceStateName.Idle, False, ResourceState==List.ResourceStateName.OffShift, ((OffShiftAction==List.WorkerOffShiftAction.GoToHome)||(OffShiftAction==List.WorkerOffShiftAction.ParkAtHome))&&(HomeNode!=Nothing)&&(DestinationNode==HomeNode)&&(CurrentNode!=HomeNode),(DestinationNode!=Nothing)&&(CurrentNode!=DestinationNode), True, False)'.
5,304166666666666;Worker_Panadero_2[1];Worker_Panadero_2[1];1.OnVisitingNode;[Decide] IfNotVisitingNode;Token sent to 'False' exit.
5,304166666666666;Worker_Panadero_2[1];Worker_Panadero_2[1];1.OnVisitingNode;[Decide] IfBusy;Token branching on condition '(ResourceState==List.ResourceStateName.Busy)||(ResourceState==List.ResourceStateName.OffShiftBusy)'.
5,304166666666666;Worker_Panadero_2[1];Worker_Panadero_2[1];1.OnVisitingNode;[Decide] IfBusy;Token sent to 'True' exit.
5,304166666666666;ModelEntity1.78;Server_Mezclado;17.OnEnteredInputBuffer;[Seize] SecondaryResources;Resource 'Worker_Panadero_2[1]' completed request from object 'ModelEntity1.78' to move to destination node 'Node_Est_Mezclado'.
5,304166666666666;Worker_Panadero_2[1];Worker_Panadero_2[1];1.OnVisitingNode;[SelectVisit] ToAcceptedDestination;Entity 'Worker_Panadero_2[1]' searching its visit request queue containing '0' item(s).
5,304166666666666;Worker_Panadero_2[1];Worker_Panadero_2[1];1.OnVisitingNode;[SelectVisit] ToAcceptedDestination;Entity 'Worker_Panadero_2[1]' failed to select an eligible visit destination. 
5,304166666666666;Worker_Panadero_2[1];Worker_Panadero_2[1];1.OnVisitingNode;[Wait] UntilRemainInPlaceEnded;Token waiting at Wait step for event 'Worker_Panadero_2[1].RemainInPlaceEnded'.
5,304166666666666;Worker_Panadero_2[1];Worker_Panadero_2[1];1.OnVisitingNode;[Wait] UntilRemainInPlaceEnded;Token waiting at Wait step for any one of '1' specified event(s) to occur.
5,304166666666666;Worker_Panadero_2[1];Node_Est_Mezclado;14.OnEntered;[VisitNode] Entity;Token waiting at VisitNode step for '1' other processes to complete.
5,304166666666666;--;--;--;--;Changing from AutoState 'Busy' to 'Blocked' on resource 'Server_Mezclado'.
5,304166666666666;--;--;--;--;Assigning state variable 'Server_Mezclado.ResourceState' the value '2'. Previous value was '1'.
5,304166666666666;ModelEntity1.78;Server_Mezclado;17.OnEnteredInputBuffer;[Transfer] ToProcessing;Entity 'ModelEntity1.78' transferring from '[Station] Server_Mezclado.InputBuffer' into station 'Server_Mezclado.Processing'.
5,304166666666666;--;--;--;--;Changing from AutoState 'Blocked' to 'Busy' on resource 'Server_Mezclado'.
5,304166666666666;--;--;--;--;Assigning state variable 'Server_Mezclado.ResourceState' the value '1'. Previous value was '2'.
5,304166666666666;ModelEntity1.78;Server_Mezclado;16.OnEnteredProcessing;[Begin];Process 'Server_Mezclado.OnEnteredProcessing' execution started.
5,304166666666666;ModelEntity1.78;Server_Mezclado;16.OnEnteredProcessing;[EndTransfer] IntoProcessing;Entity 'ModelEntity1.78' ending transfer into station 'Server_Mezclado.Processing'.
5,304166666666666;ModelEntity1.78;Server_Mezclado;16.OnEnteredProcessing;[Decide] IfProcessTypeSpecificTime;Token branching on condition 'ProcessType==Enum.TaskProcessType.SpecificTime'.
5,304166666666666;ModelEntity1.78;Server_Mezclado;16.OnEnteredProcessing;[Decide] IfProcessTypeSpecificTime;Token sent to 'True' exit.
5,304166666666666;ModelEntity1.78;Server_Mezclado;16.OnEnteredProcessing;[Delay] ProcessingTime;Delaying token for '12' Minutes until time '17,304166666666667' Minutes. Delay multiplier was '1'.
5,304166666666666;ModelEntity1.78;Server_Mezclado;17.OnEnteredInputBuffer;[End];Process 'Server_Mezclado.OnEnteredInputBuffer' execution ended.
10,211388888888889;ModelEntity1.79;Server_Pesado;15.OnEnteredProcessing;[Release] SecondaryResources;Object 'ModelEntity1.79' attempting to release '1' resource(s) of resource type '[FromList] WorkerSet_Panaderos'.
10,211388888888889;ModelEntity1.79;Server_Pesado;15.OnEnteredProcessing;[Release] SecondaryResources;Object 'ModelEntity1.79' released '1' capacity unit(s) of resource 'Worker_Panadero_1[1]'.
10,211388888888889;--;--;--;--;Changing from AutoState 'Busy' to 'Starved' on resource 'Worker_Panadero_1[1]'.
10,211388888888889;--;--;--;--;Assigning state variable 'Worker_Panadero_1[1].ResourceState' the value '0'. Previous value was '1'.
10,211388888888889;ModelEntity1.79;Worker_Panadero_1[1];17.OnCapacityReleased;[Begin];Process 'Worker_Panadero_1[1].OnCapacityReleased' execution started.
10,211388888888889;ModelEntity1.79;Worker_Panadero_1[1];17.OnCapacityReleased;[Assign] ResourceState;Assigning state variable 'Worker_Panadero_1[1].ResourceState' the value '0'. Previous value was '0'.
10,211388888888889;ModelEntity1.79;Worker_Panadero_1[1];17.OnCapacityReleased;[Assign] OnCapacityReleasedAssignments;Assigning state variable 'Worker_Panadero_1[1].OnEvaluatingRiderReservation.Enabled' the value '1'. Previous value was '0'.
10,211388888888889;ModelEntity1.79;Worker_Panadero_1[1];17.OnCapacityReleased;[Assign] OnCapacityReleasedAssignments;Assigning state variable 'Worker_Panadero_1[1].OnEvaluatingRiderReservation.ReturnValue' the value '1'. Previous value was '0'.
10,211388888888889;ModelEntity1.79;Worker_Panadero_1[1];17.OnCapacityReleased;[Assign] OnCapacityReleasedAssignments;Assigning state variable 'Worker_Panadero_1[1].OnEvaluatingSeizeRequest.Enabled' the value '1'. Previous value was '0'.
10,211388888888889;ModelEntity1.79;Worker_Panadero_1[1];17.OnCapacityReleased;[Assign] OnCapacityReleasedAssignments;Assigning state variable 'Worker_Panadero_1[1].OnEvaluatingSeizeRequest.ReturnValue' the value '1'. Previous value was '0'.
10,211388888888889;ModelEntity1.79;Worker_Panadero_1[1];17.OnCapacityReleased;[Assign] OnCapacityReleasedAssignments;Assigning state variable 'Worker_Panadero_1[1].OnEvaluatingRiderAtPickup.Enabled' the value '1'. Previous value was '0'.
10,211388888888889;ModelEntity1.79;Worker_Panadero_1[1];17.OnCapacityReleased;[Assign] OnCapacityReleasedAssignments;Assigning state variable 'Worker_Panadero_1[1].OnEvaluatingRiderAtPickup.ReturnValue' the value '1'. Previous value was '0'.
10,211388888888889;ModelEntity1.79;Worker_Panadero_1[1];17.OnCapacityReleased;[SetNode] ToClearDestination;Assigning entity ‘Worker_Panadero_1[1]’ destination node the value ‘Nothing’.
10,211388888888889;ModelEntity1.79;Worker_Panadero_1[1];17.OnCapacityReleased;[Fire] RemainInPlaceEndedEvent;Firing event 'Worker_Panadero_1[1].RemainInPlaceEnded'.
10,211388888888889;Worker_Panadero_1[1];Worker_Panadero_1[1];0.OnVisitingNode;[Wait] UntilRemainInPlaceEnded;Wait for event(s) ended. Releasing token from Wait step.
10,211388888888889;ModelEntity1.79;Worker_Panadero_1[1];17.OnCapacityReleased;[Fire] ReleasedEvent;Firing event 'Worker_Panadero_1[1].Released'.
10,211388888888889;ModelEntity1.79;Worker_Panadero_1[1];17.OnCapacityReleased;[End];Process 'Worker_Panadero_1[1].OnCapacityReleased' execution ended.
10,211388888888889;--;--;--;--;Changing from AutoState 'Busy' to 'Blocked' on resource 'Server_Pesado'.
10,211388888888889;--;--;--;--;Assigning state variable 'Server_Pesado.ResourceState' the value '2'. Previous value was '1'.
10,211388888888889;ModelEntity1.79;Server_Pesado;15.OnEnteredProcessing;[Transfer] ToOutputBuffer;Entity 'ModelEntity1.79' transferring from '[Station] Server_Pesado.Processing' into station 'Server_Pesado.OutputBuffer'.
10,211388888888889;--;--;--;--;Changing from AutoState 'Blocked' to 'Busy' on resource 'Server_Pesado'.
10,211388888888889;--;--;--;--;Assigning state variable 'Server_Pesado.ResourceState' the value '1'. Previous value was '2'.
10,211388888888889;Worker_Panadero_1[1];Worker_Panadero_1[1];0.OnVisitingNode;[Delay] Epsilon;Delaying token for 'Epsilon' Minutes until time '10,211388888888889' Minutes. Scheduling end of delay as a late priority event on current events calendar.
10,211388888888889;ModelEntity1.79;Server_Pesado;17.OnEnteredOutputBuffer;[Begin];Process 'Server_Pesado.OnEnteredOutputBuffer' execution started.
10,211388888888889;ModelEntity1.79;Server_Pesado;17.OnEnteredOutputBuffer;[EndTransfer] IntoOutputBuffer;Entity 'ModelEntity1.79' ending transfer into station 'Server_Pesado.OutputBuffer'.
10,211388888888889;ModelEntity1.79;Server_Pesado;17.OnEnteredOutputBuffer;[Release] Server;Object 'ModelEntity1.79' attempting to release '1' resource(s) of resource type '[ParentObject] Server_Pesado'.
10,211388888888889;ModelEntity1.79;Server_Pesado;17.OnEnteredOutputBuffer;[Release] Server;Object 'ModelEntity1.79' released '1' capacity unit(s) of resource 'Server_Pesado'.
10,211388888888889;--;--;--;--;Changing from AutoState 'Busy' to 'Starved' on resource 'Server_Pesado'.
10,211388888888889;--;--;--;--;Assigning state variable 'Server_Pesado.ResourceState' the value '0'. Previous value was '1'.
10,211388888888889;--;--;--;--;Resource 'Server_Pesado' checking allocation queue which contains '8' item(s).
10,211388888888889;ModelEntity1.80;Server_Pesado;6.OnEnteredInputBuffer;[Seize] Server;Object 'ModelEntity1.80' checking availability to seize '1' resource(s) of resource type '[ParentObject] Server_Pesado'.
10,211388888888889;ModelEntity1.80;Server_Pesado;6.OnEnteredInputBuffer;[Seize] Server;Object 'ModelEntity1.80' checking availability to seize '1' capacity unit(s) of resource 'Server_Pesado’.
10,211388888888889;ModelEntity1.80;Server_Pesado;6.OnEnteredInputBuffer;[Seize] Server;Object 'ModelEntity1.80' found ‘1’ currently available capacity unit(s) of resource 'Server_Pesado’.
10,211388888888889;ModelEntity1.80;Server_Pesado;6.OnEnteredInputBuffer;[Seize] Server;Object 'ModelEntity1.80' found '1' currently available resource(s) of resource type '[ParentObject] Server_Pesado'.
10,211388888888889;--;--;--;--;Resource 'Server_Pesado' selecting object 'ModelEntity1.80' waiting at rank position '1' in allocation queue which contains '8' item(s).
10,211388888888889;ModelEntity1.80;Server_Pesado;6.OnEnteredInputBuffer;[Seize] Server;Object 'ModelEntity1.80' seized '1' capacity unit(s) of resource 'Server_Pesado'.
10,211388888888889;--;--;--;--;Changing from AutoState 'Starved' to 'Busy' on resource 'Server_Pesado'.
10,211388888888889;--;--;--;--;Assigning state variable 'Server_Pesado.ResourceState' the value '1'. Previous value was '0'.
10,211388888888889;ModelEntity1.80;Server_Pesado;6.OnEnteredInputBuffer;[Seize] Server;Object 'ModelEntity1.80' completed seize of '1' resource(s) of resource type '[ParentObject] Server_Pesado'.
10,211388888888889;--;--;--;--;Resource 'Server_Pesado' checking allocation queue which contains '7' item(s).
10,211388888888889;--;--;--;--;Resource 'Server_Pesado' unable to select any items waiting in its allocation queue. Resource is fully allocated or off shift.
10,211388888888889;ModelEntity1.79;Server_Pesado;17.OnEnteredOutputBuffer;[Transfer] ToOutputNode;Entity 'ModelEntity1.79' transferring from '[Station] Server_Pesado.OutputBuffer' into node 'Output@Server_Pesado'.
10,211388888888889;ModelEntity1.79;Output@Server_Pesado;3.OnEnteredFromAssociatedObject;[Begin];Process 'Output@Server_Pesado.OnEnteredFromAssociatedObject' execution started.
10,211388888888889;ModelEntity1.79;Output@Server_Pesado;3.OnEnteredFromAssociatedObject;[Fire] EnteredEvent;Firing event 'Output@Server_Pesado.Entered'.
10,211388888888889;ModelEntity1.79;Output@Server_Pesado;3.OnEnteredFromAssociatedObject;[Transfer] ToOutboundLink;Entity 'ModelEntity1.79' transferring from '[Node] Output@Server_Pesado' into node 'Input@Server_Mezclado'.
10,211388888888889;ModelEntity1.79;Input@Server_Mezclado;18.OnEnteredToAssociatedObject;[Begin];Process 'Input@Server_Mezclado.OnEnteredToAssociatedObject' execution started.
10,211388888888889;ModelEntity1.79;Input@Server_Mezclado;18.OnEnteredToAssociatedObject;[Fire] EnteredEvent;Firing event 'Input@Server_Mezclado.Entered'.
10,211388888888889;ModelEntity1.79;Input@Server_Mezclado;18.OnEnteredToAssociatedObject;[Transfer] ToAssociatedObject;Entity 'ModelEntity1.79' transferring from '[Node] Input@Server_Mezclado' into object 'Server_Mezclado'.
10,211388888888889;ModelEntity1.79;Input@Server_Mezclado;18.OnEnteredToAssociatedObject;[Transfer] ToAssociatedObject;Entity 'ModelEntity1.79' transferring from '[Node] Input@Server_Mezclado' into station 'Server_Mezclado.InputBuffer'.
10,211388888888889;ModelEntity1.79;Server_Pesado;15.OnEnteredProcessing;[End];Process 'Server_Pesado.OnEnteredProcessing' execution ended.
10,211388888888889;--;--;--;--;Ignoring attempt to execute disabled process 'Worker_Panadero_1[1].OnNewSeizeRequest'.
10,211388888888889;--;--;--;--;Ignoring attempt to execute disabled process 'Worker_Panadero_2[1].OnNewSeizeRequest'.
10,211388888888889;--;--;--;--;Ignoring attempt to execute disabled process 'Worker_Panadero_3[1].OnNewSeizeRequest'.
10,211388888888889;ModelEntity1.80;Server_Pesado;6.OnEnteredInputBuffer;[Seize] SecondaryResources;Object 'ModelEntity1.80' waiting to seize '1' resource(s) of resource type '[FromList] WorkerSet_Panaderos'.
10,211388888888889;ModelEntity1.79;Server_Pesado;19.OnExitedOutputBuffer;[Begin];Process 'Server_Pesado.OnExitedOutputBuffer' execution started.
10,211388888888889;ModelEntity1.79;Server_Pesado;19.OnExitedOutputBuffer;[Execute] ExitedAddOnProcess;Executing process 'P_WIP_Pesado_Salir'.
10,211388888888889;ModelEntity1.79;Model_Panaderia;15.P_WIP_Pesado_Salir;[Begin];Process 'P_WIP_Pesado_Salir' execution started.
10,211388888888889;ModelEntity1.79;Model_Panaderia;15.P_WIP_Pesado_Salir;[Assign] Assign12;Assigning state variable 'Model_Panaderia.WIP_Pesado' the value '8'. Previous value was '9'.
10,211388888888889;ModelEntity1.79;Model_Panaderia;15.P_WIP_Pesado_Salir;[End];Process 'P_WIP_Pesado_Salir' execution ended.
10,211388888888889;ModelEntity1.79;Server_Pesado;19.OnExitedOutputBuffer;[End];Process 'Server_Pesado.OnExitedOutputBuffer' execution ended.
10,211388888888889;ModelEntity1.79;Server_Mezclado;20.OnEnteredInputBuffer;[Begin];Process 'Server_Mezclado.OnEnteredInputBuffer' execution started.
10,211388888888889;ModelEntity1.79;Server_Mezclado;20.OnEnteredInputBuffer;[Execute] EnteredAddOnProcess;Executing process 'P_WIP_Mezclado_Entrar'.
10,211388888888889;ModelEntity1.79;Model_Panaderia;19.P_WIP_Mezclado_Entrar;[Begin];Process 'P_WIP_Mezclado_Entrar' execution started.
10,211388888888889;ModelEntity1.79;Model_Panaderia;19.P_WIP_Mezclado_Entrar;[Assign] Assign9;Assigning state variable 'Model_Panaderia.WIP_Mezclado' the value '2'. Previous value was '1'.
10,211388888888889;ModelEntity1.79;Model_Panaderia;19.P_WIP_Mezclado_Entrar;[End];Process 'P_WIP_Mezclado_Entrar' execution ended.
10,211388888888889;ModelEntity1.79;Server_Mezclado;20.OnEnteredInputBuffer;[EndTransfer] IntoInputBuffer;Entity 'ModelEntity1.79' ending transfer into station 'Server_Mezclado.InputBuffer'.
10,211388888888889;ModelEntity1.79;Output@Server_Pesado;19.OnExited;[Begin];Process 'Output@Server_Pesado.OnExited' execution started.
10,211388888888889;ModelEntity1.79;Output@Server_Pesado;19.OnExited;[Fire] ExitedEvent;Firing event 'Output@Server_Pesado.Exited'.
10,211388888888889;ModelEntity1.79;Output@Server_Pesado;19.OnExited;[End];Process 'Output@Server_Pesado.OnExited' execution ended.
10,211388888888889;ModelEntity1.79;Input@Server_Mezclado;19.OnExited;[Begin];Process 'Input@Server_Mezclado.OnExited' execution started.
10,211388888888889;ModelEntity1.79;Input@Server_Mezclado;19.OnExited;[Fire] ExitedEvent;Firing event 'Input@Server_Mezclado.Exited'.
10,211388888888889;ModelEntity1.79;Input@Server_Mezclado;19.OnExited;[End];Process 'Input@Server_Mezclado.OnExited' execution ended.
10,211388888888889;ModelEntity1.79;Server_Mezclado;20.OnEnteredInputBuffer;[Seize] Server;Object 'ModelEntity1.79' waiting to seize '1' resource(s) of resource type '[ParentObject] Server_Mezclado'.
10,211388888888889;ModelEntity1.79;Server_Pesado;17.OnEnteredOutputBuffer;[End];Process 'Server_Pesado.OnEnteredOutputBuffer' execution ended.
10,211388888888889;ModelEntity1.79;Output@Server_Pesado;3.OnEnteredFromAssociatedObject;[End];Process 'Output@Server_Pesado.OnEnteredFromAssociatedObject' execution ended.
10,211388888888889;ModelEntity1.79;Input@Server_Mezclado;18.OnEnteredToAssociatedObject;[End];Process 'Input@Server_Mezclado.OnEnteredToAssociatedObject' execution ended.
10,211388888888889;--;--;--;--;Resource 'Worker_Panadero_1[1]' checking allocation queue which contains '1' item(s).
10,211388888888889;ModelEntity1.80;Server_Pesado;6.OnEnteredInputBuffer;[Seize] SecondaryResources;Object 'ModelEntity1.80' checking availability to seize '1' resource(s) of resource type '[FromList] WorkerSet_Panaderos'.
10,211388888888889;ModelEntity1.80;Server_Pesado;6.OnEnteredInputBuffer;[Seize] SecondaryResources;Object 'ModelEntity1.80' checking availability to seize '1' capacity unit(s) of resource 'Worker_Panadero_1[1]’.
10,211388888888889;ModelEntity1.80;Server_Pesado;6.OnEnteredInputBuffer;[Seize] SecondaryResources;Object 'ModelEntity1.80' found ‘1’ currently available capacity unit(s) of resource 'Worker_Panadero_1[1]’.
10,211388888888889;ModelEntity1.80;Server_Pesado;6.OnEnteredInputBuffer;[Seize] SecondaryResources;Object 'ModelEntity1.80' checking availability to seize '1' capacity unit(s) of resource 'Worker_Panadero_2[1]’.
10,211388888888889;ModelEntity1.80;Server_Pesado;6.OnEnteredInputBuffer;[Seize] SecondaryResources;Object 'ModelEntity1.80' unable to seize '1' capacity unit(s) of resource 'Worker_Panadero_2[1]'. Insufficient capacity available.
10,211388888888889;ModelEntity1.80;Server_Pesado;6.OnEnteredInputBuffer;[Seize] SecondaryResources;Object 'ModelEntity1.80' checking availability to seize '1' capacity unit(s) of resource 'Worker_Panadero_3[1]’.
10,211388888888889;ModelEntity1.80;Server_Pesado;6.OnEnteredInputBuffer;[Seize] SecondaryResources;Object 'ModelEntity1.80' found ‘1’ currently available capacity unit(s) of resource 'Worker_Panadero_3[1]’.
10,211388888888889;ModelEntity1.80;Server_Pesado;6.OnEnteredInputBuffer;[Seize] SecondaryResources;Object 'ModelEntity1.80' found '2' currently available resource(s) of resource type '[FromList] WorkerSet_Panaderos'.
10,211388888888889;--;--;--;--;Resource 'Worker_Panadero_1[1]' selecting object 'ModelEntity1.80' waiting at rank position '1' in allocation queue which contains '1' item(s).
10,211388888888889;ModelEntity1.80;Server_Pesado;6.OnEnteredInputBuffer;[Seize] SecondaryResources;Object 'ModelEntity1.80' seized '1' capacity unit(s) of resource 'Worker_Panadero_1[1]'.
10,211388888888889;--;--;--;--;Changing from AutoState 'Starved' to 'Busy' on resource 'Worker_Panadero_1[1]'.
10,211388888888889;--;--;--;--;Assigning state variable 'Worker_Panadero_1[1].ResourceState' the value '1'. Previous value was '0'.
10,211388888888889;ModelEntity1.80;Worker_Panadero_1[1];18.OnCapacityAllocated;[Begin];Process 'Worker_Panadero_1[1].OnCapacityAllocated' execution started.
10,211388888888889;ModelEntity1.80;Worker_Panadero_1[1];18.OnCapacityAllocated;[Assign] ResourceState;Assigning state variable 'Worker_Panadero_1[1].ResourceState' the value '1'. Previous value was '1'.
10,211388888888889;ModelEntity1.80;Worker_Panadero_1[1];18.OnCapacityAllocated;[Assign] OnCapacityAllocatedAssignments;Assigning state variable 'Worker_Panadero_1[1].OnEvaluatingRiderReservation.Enabled' the value '0'. Previous value was '1'.
10,211388888888889;ModelEntity1.80;Worker_Panadero_1[1];18.OnCapacityAllocated;[Assign] OnCapacityAllocatedAssignments;Assigning state variable 'Worker_Panadero_1[1].OnEvaluatingRiderReservation.ReturnValue' the value '0'. Previous value was '1'.
10,211388888888889;ModelEntity1.80;Worker_Panadero_1[1];18.OnCapacityAllocated;[Assign] OnCapacityAllocatedAssignments;Assigning state variable 'Worker_Panadero_1[1].OnEvaluatingSeizeRequest.Enabled' the value '0'. Previous value was '1'.
10,211388888888889;ModelEntity1.80;Worker_Panadero_1[1];18.OnCapacityAllocated;[Assign] OnCapacityAllocatedAssignments;Assigning state variable 'Worker_Panadero_1[1].OnEvaluatingSeizeRequest.ReturnValue' the value '0'. Previous value was '1'.
10,211388888888889;ModelEntity1.80;Worker_Panadero_1[1];18.OnCapacityAllocated;[Assign] OnCapacityAllocatedAssignments;Assigning state variable 'Worker_Panadero_1[1].OnEvaluatingRiderAtPickup.Enabled' the value '0'. Previous value was '1'.
10,211388888888889;ModelEntity1.80;Worker_Panadero_1[1];18.OnCapacityAllocated;[Assign] OnCapacityAllocatedAssignments;Assigning state variable 'Worker_Panadero_1[1].OnEvaluatingRiderAtPickup.ReturnValue' the value '0'. Previous value was '1'.
10,211388888888889;ModelEntity1.80;Worker_Panadero_1[1];18.OnCapacityAllocated;[Fire] AllocatedEvent;Firing event 'Worker_Panadero_1[1].Allocated'.
10,211388888888889;ModelEntity1.80;Worker_Panadero_1[1];18.OnCapacityAllocated;[End];Process 'Worker_Panadero_1[1].OnCapacityAllocated' execution ended.
10,211388888888889;ModelEntity1.80;Server_Pesado;6.OnEnteredInputBuffer;[Seize] SecondaryResources;Resource 'Worker_Panadero_1[1]' accepting request from object 'ModelEntity1.80' to move to destination node 'Node_Est_Pesado'.
10,211388888888889;ModelEntity1.80;Worker_Panadero_1[1];18.OnMoveRequestAccepted;[Begin];Process 'Worker_Panadero_1[1].OnMoveRequestAccepted' execution started.
10,211388888888889;ModelEntity1.80;Worker_Panadero_1[1];18.OnMoveRequestAccepted;[SelectVisit] ToAcceptedDestination;Entity 'Worker_Panadero_1[1]' searching its visit request queue containing '1' item(s).
10,211388888888889;ModelEntity1.80;Worker_Panadero_1[1];18.OnMoveRequestAccepted;[SelectVisit] ToAcceptedDestination;Assigning entity 'Worker_Panadero_1[1]' destination node the value 'Node_Est_Pesado'.
10,211388888888889;ModelEntity1.80;Worker_Panadero_1[1];18.OnMoveRequestAccepted;[Decide] IfInFreeSpace;Token branching on condition '(CurrentNode==Nothing)&&(CurrentLink==Nothing)&&(CurrentStation==Nothing)'.
10,211388888888889;ModelEntity1.80;Worker_Panadero_1[1];18.OnMoveRequestAccepted;[Decide] IfInFreeSpace;Token sent to 'False' exit.
10,211388888888889;ModelEntity1.80;Worker_Panadero_1[1];18.OnMoveRequestAccepted;[Decide] IfUnpark;Token branching on condition 'IsParked && (OnVisitingNode.TokensInProcess==0)'.
10,211388888888889;ModelEntity1.80;Worker_Panadero_1[1];18.OnMoveRequestAccepted;[Decide] IfUnpark;Token sent to 'False' exit.
10,211388888888889;ModelEntity1.80;Worker_Panadero_1[1];18.OnMoveRequestAccepted;[Fire] RemainInPlaceEndedEvent;Firing event 'Worker_Panadero_1[1].RemainInPlaceEnded'.
10,211388888888889;ModelEntity1.80;Worker_Panadero_1[1];18.OnMoveRequestAccepted;[End];Process 'Worker_Panadero_1[1].OnMoveRequestAccepted' execution ended.
10,211388888888889;ModelEntity1.80;Server_Pesado;6.OnEnteredInputBuffer;[Seize] SecondaryResources;Object 'ModelEntity1.80' completed seize of '1' resource(s) of resource type '[FromList] WorkerSet_Panaderos'.
10,211388888888889;Worker_Panadero_1[1];Worker_Panadero_1[1];0.OnVisitingNode;[Decide] IfNotVisitingNode;Token branching on condition 'Math.If(IgnoreVisitingCurrentNode, True, ResourceState==List.ResourceStateName.Idle, False, ResourceState==List.ResourceStateName.OffShift, ((OffShiftAction==List.WorkerOffShiftAction.GoToHome)||(OffShiftAction==List.WorkerOffShiftAction.ParkAtHome))&&(HomeNode!=Nothing)&&(DestinationNode==HomeNode)&&(CurrentNode!=HomeNode),(DestinationNode!=Nothing)&&(CurrentNode!=DestinationNode), True, False)'.
10,211388888888889;Worker_Panadero_1[1];Worker_Panadero_1[1];0.OnVisitingNode;[Decide] IfNotVisitingNode;Token sent to 'False' exit.
10,211388888888889;Worker_Panadero_1[1];Worker_Panadero_1[1];0.OnVisitingNode;[Decide] IfBusy;Token branching on condition '(ResourceState==List.ResourceStateName.Busy)||(ResourceState==List.ResourceStateName.OffShiftBusy)'.
10,211388888888889;Worker_Panadero_1[1];Worker_Panadero_1[1];0.OnVisitingNode;[Decide] IfBusy;Token sent to 'True' exit.
10,211388888888889;ModelEntity1.80;Server_Pesado;6.OnEnteredInputBuffer;[Seize] SecondaryResources;Resource 'Worker_Panadero_1[1]' completed request from object 'ModelEntity1.80' to move to destination node 'Node_Est_Pesado'.
10,211388888888889;Worker_Panadero_1[1];Worker_Panadero_1[1];0.OnVisitingNode;[SelectVisit] ToAcceptedDestination;Entity 'Worker_Panadero_1[1]' searching its visit request queue containing '0' item(s).
10,211388888888889;Worker_Panadero_1[1];Worker_Panadero_1[1];0.OnVisitingNode;[SelectVisit] ToAcceptedDestination;Entity 'Worker_Panadero_1[1]' failed to select an eligible visit destination. 
10,211388888888889;Worker_Panadero_1[1];Worker_Panadero_1[1];0.OnVisitingNode;[Wait] UntilRemainInPlaceEnded;Token waiting at Wait step for event 'Worker_Panadero_1[1].RemainInPlaceEnded'.
10,211388888888889;Worker_Panadero_1[1];Worker_Panadero_1[1];0.OnVisitingNode;[Wait] UntilRemainInPlaceEnded;Token waiting at Wait step for any one of '1' specified event(s) to occur.
10,211388888888889;--;--;--;--;Changing from AutoState 'Busy' to 'Blocked' on resource 'Server_Pesado'.
10,211388888888889;--;--;--;--;Assigning state variable 'Server_Pesado.ResourceState' the value '2'. Previous value was '1'.
10,211388888888889;ModelEntity1.80;Server_Pesado;6.OnEnteredInputBuffer;[Transfer] ToProcessing;Entity 'ModelEntity1.80' transferring from '[Station] Server_Pesado.InputBuffer' into station 'Server_Pesado.Processing'.
10,211388888888889;--;--;--;--;Changing from AutoState 'Blocked' to 'Busy' on resource 'Server_Pesado'.
10,211388888888889;--;--;--;--;Assigning state variable 'Server_Pesado.ResourceState' the value '1'. Previous value was '2'.
10,211388888888889;ModelEntity1.80;Server_Pesado;18.OnEnteredProcessing;[Begin];Process 'Server_Pesado.OnEnteredProcessing' execution started.
10,211388888888889;ModelEntity1.80;Server_Pesado;18.OnEnteredProcessing;[EndTransfer] IntoProcessing;Entity 'ModelEntity1.80' ending transfer into station 'Server_Pesado.Processing'.
10,211388888888889;ModelEntity1.80;Server_Pesado;18.OnEnteredProcessing;[Decide] IfProcessTypeSpecificTime;Token branching on condition 'ProcessType==Enum.TaskProcessType.SpecificTime'.
10,211388888888889;ModelEntity1.80;Server_Pesado;18.OnEnteredProcessing;[Decide] IfProcessTypeSpecificTime;Token sent to 'True' exit.
10,211388888888889;ModelEntity1.80;Server_Pesado;18.OnEnteredProcessing;[Delay] ProcessingTime;Delaying token for '5' Minutes until time '15,211388888888887' Minutes. Delay multiplier was '1'.
10,211388888888889;ModelEntity1.80;Server_Pesado;6.OnEnteredInputBuffer;[End];Process 'Server_Pesado.OnEnteredInputBuffer' execution ended.
10,211388888888889;--;--;--;--;Resource 'Server_Mezclado' checking allocation queue which contains '1' item(s).
10,211388888888889;--;--;--;--;Resource 'Server_Mezclado' unable to select any items waiting in its allocation queue. Resource is fully allocated or off shift.
15,211388888888887;ModelEntity1.80;Server_Pesado;18.OnEnteredProcessing;[Release] SecondaryResources;Object 'ModelEntity1.80' attempting to release '1' resource(s) of resource type '[FromList] WorkerSet_Panaderos'.
15,211388888888887;ModelEntity1.80;Server_Pesado;18.OnEnteredProcessing;[Release] SecondaryResources;Object 'ModelEntity1.80' released '1' capacity unit(s) of resource 'Worker_Panadero_1[1]'.
15,211388888888887;--;--;--;--;Changing from AutoState 'Busy' to 'Starved' on resource 'Worker_Panadero_1[1]'.
15,211388888888887;--;--;--;--;Assigning state variable 'Worker_Panadero_1[1].ResourceState' the value '0'. Previous value was '1'.
15,211388888888887;ModelEntity1.80;Worker_Panadero_1[1];6.OnCapacityReleased;[Begin];Process 'Worker_Panadero_1[1].OnCapacityReleased' execution started.
15,211388888888887;ModelEntity1.80;Worker_Panadero_1[1];6.OnCapacityReleased;[Assign] ResourceState;Assigning state variable 'Worker_Panadero_1[1].ResourceState' the value '0'. Previous value was '0'.
15,211388888888887;ModelEntity1.80;Worker_Panadero_1[1];6.OnCapacityReleased;[Assign] OnCapacityReleasedAssignments;Assigning state variable 'Worker_Panadero_1[1].OnEvaluatingRiderReservation.Enabled' the value '1'. Previous value was '0'.
15,211388888888887;ModelEntity1.80;Worker_Panadero_1[1];6.OnCapacityReleased;[Assign] OnCapacityReleasedAssignments;Assigning state variable 'Worker_Panadero_1[1].OnEvaluatingRiderReservation.ReturnValue' the value '1'. Previous value was '0'.
15,211388888888887;ModelEntity1.80;Worker_Panadero_1[1];6.OnCapacityReleased;[Assign] OnCapacityReleasedAssignments;Assigning state variable 'Worker_Panadero_1[1].OnEvaluatingSeizeRequest.Enabled' the value '1'. Previous value was '0'.
15,211388888888887;ModelEntity1.80;Worker_Panadero_1[1];6.OnCapacityReleased;[Assign] OnCapacityReleasedAssignments;Assigning state variable 'Worker_Panadero_1[1].OnEvaluatingSeizeRequest.ReturnValue' the value '1'. Previous value was '0'.
15,211388888888887;ModelEntity1.80;Worker_Panadero_1[1];6.OnCapacityReleased;[Assign] OnCapacityReleasedAssignments;Assigning state variable 'Worker_Panadero_1[1].OnEvaluatingRiderAtPickup.Enabled' the value '1'. Previous value was '0'.
15,211388888888887;ModelEntity1.80;Worker_Panadero_1[1];6.OnCapacityReleased;[Assign] OnCapacityReleasedAssignments;Assigning state variable 'Worker_Panadero_1[1].OnEvaluatingRiderAtPickup.ReturnValue' the value '1'. Previous value was '0'.
15,211388888888887;ModelEntity1.80;Worker_Panadero_1[1];6.OnCapacityReleased;[SetNode] ToClearDestination;Assigning entity ‘Worker_Panadero_1[1]’ destination node the value ‘Nothing’.
15,211388888888887;ModelEntity1.80;Worker_Panadero_1[1];6.OnCapacityReleased;[Fire] RemainInPlaceEndedEvent;Firing event 'Worker_Panadero_1[1].RemainInPlaceEnded'.
15,211388888888887;Worker_Panadero_1[1];Worker_Panadero_1[1];0.OnVisitingNode;[Wait] UntilRemainInPlaceEnded;Wait for event(s) ended. Releasing token from Wait step.
15,211388888888887;ModelEntity1.80;Worker_Panadero_1[1];6.OnCapacityReleased;[Fire] ReleasedEvent;Firing event 'Worker_Panadero_1[1].Released'.
15,211388888888887;ModelEntity1.80;Worker_Panadero_1[1];6.OnCapacityReleased;[End];Process 'Worker_Panadero_1[1].OnCapacityReleased' execution ended.
15,211388888888887;--;--;--;--;Changing from AutoState 'Busy' to 'Blocked' on resource 'Server_Pesado'.
15,211388888888887;--;--;--;--;Assigning state variable 'Server_Pesado.ResourceState' the value '2'. Previous value was '1'.
15,211388888888887;ModelEntity1.80;Server_Pesado;18.OnEnteredProcessing;[Transfer] ToOutputBuffer;Entity 'ModelEntity1.80' transferring from '[Station] Server_Pesado.Processing' into station 'Server_Pesado.OutputBuffer'.
15,211388888888887;--;--;--;--;Changing from AutoState 'Blocked' to 'Busy' on resource 'Server_Pesado'.
15,211388888888887;--;--;--;--;Assigning state variable 'Server_Pesado.ResourceState' the value '1'. Previous value was '2'.
15,211388888888887;Worker_Panadero_1[1];Worker_Panadero_1[1];0.OnVisitingNode;[Delay] Epsilon;Delaying token for 'Epsilon' Minutes until time '15,211388888888887' Minutes. Scheduling end of delay as a late priority event on current events calendar.
15,211388888888887;ModelEntity1.80;Server_Pesado;6.OnEnteredOutputBuffer;[Begin];Process 'Server_Pesado.OnEnteredOutputBuffer' execution started.
15,211388888888887;ModelEntity1.80;Server_Pesado;6.OnEnteredOutputBuffer;[EndTransfer] IntoOutputBuffer;Entity 'ModelEntity1.80' ending transfer into station 'Server_Pesado.OutputBuffer'.
15,211388888888887;ModelEntity1.80;Server_Pesado;6.OnEnteredOutputBuffer;[Release] Server;Object 'ModelEntity1.80' attempting to release '1' resource(s) of resource type '[ParentObject] Server_Pesado'.
15,211388888888887;ModelEntity1.80;Server_Pesado;6.OnEnteredOutputBuffer;[Release] Server;Object 'ModelEntity1.80' released '1' capacity unit(s) of resource 'Server_Pesado'.
15,211388888888887;--;--;--;--;Changing from AutoState 'Busy' to 'Starved' on resource 'Server_Pesado'.
15,211388888888887;--;--;--;--;Assigning state variable 'Server_Pesado.ResourceState' the value '0'. Previous value was '1'.
15,211388888888887;--;--;--;--;Resource 'Server_Pesado' checking allocation queue which contains '7' item(s).
15,211388888888887;ModelEntity1.81;Server_Pesado;7.OnEnteredInputBuffer;[Seize] Server;Object 'ModelEntity1.81' checking availability to seize '1' resource(s) of resource type '[ParentObject] Server_Pesado'.
15,211388888888887;ModelEntity1.81;Server_Pesado;7.OnEnteredInputBuffer;[Seize] Server;Object 'ModelEntity1.81' checking availability to seize '1' capacity unit(s) of resource 'Server_Pesado’.
15,211388888888887;ModelEntity1.81;Server_Pesado;7.OnEnteredInputBuffer;[Seize] Server;Object 'ModelEntity1.81' found ‘1’ currently available capacity unit(s) of resource 'Server_Pesado’.
15,211388888888887;ModelEntity1.81;Server_Pesado;7.OnEnteredInputBuffer;[Seize] Server;Object 'ModelEntity1.81' found '1' currently available resource(s) of resource type '[ParentObject] Server_Pesado'.
15,211388888888887;--;--;--;--;Resource 'Server_Pesado' selecting object 'ModelEntity1.81' waiting at rank position '1' in allocation queue which contains '7' item(s).
15,211388888888887;ModelEntity1.81;Server_Pesado;7.OnEnteredInputBuffer;[Seize] Server;Object 'ModelEntity1.81' seized '1' capacity unit(s) of resource 'Server_Pesado'.
15,211388888888887;--;--;--;--;Changing from AutoState 'Starved' to 'Busy' on resource 'Server_Pesado'.
15,211388888888887;--;--;--;--;Assigning state variable 'Server_Pesado.ResourceState' the value '1'. Previous value was '0'.
15,211388888888887;ModelEntity1.81;Server_Pesado;7.OnEnteredInputBuffer;[Seize] Server;Object 'ModelEntity1.81' completed seize of '1' resource(s) of resource type '[ParentObject] Server_Pesado'.
15,211388888888887;--;--;--;--;Resource 'Server_Pesado' checking allocation queue which contains '6' item(s).
15,211388888888887;--;--;--;--;Resource 'Server_Pesado' unable to select any items waiting in its allocation queue. Resource is fully allocated or off shift.
15,211388888888887;ModelEntity1.80;Server_Pesado;6.OnEnteredOutputBuffer;[Transfer] ToOutputNode;Entity 'ModelEntity1.80' transferring from '[Station] Server_Pesado.OutputBuffer' into node 'Output@Server_Pesado'.
15,211388888888887;ModelEntity1.80;Output@Server_Pesado;3.OnEnteredFromAssociatedObject;[Begin];Process 'Output@Server_Pesado.OnEnteredFromAssociatedObject' execution started.
15,211388888888887;ModelEntity1.80;Output@Server_Pesado;3.OnEnteredFromAssociatedObject;[Fire] EnteredEvent;Firing event 'Output@Server_Pesado.Entered'.
15,211388888888887;ModelEntity1.80;Output@Server_Pesado;3.OnEnteredFromAssociatedObject;[Transfer] ToOutboundLink;Entity 'ModelEntity1.80' transferring from '[Node] Output@Server_Pesado' into node 'Input@Server_Mezclado'.
15,211388888888887;ModelEntity1.80;Input@Server_Mezclado;17.OnEnteredToAssociatedObject;[Begin];Process 'Input@Server_Mezclado.OnEnteredToAssociatedObject' execution started.
15,211388888888887;ModelEntity1.80;Input@Server_Mezclado;17.OnEnteredToAssociatedObject;[Fire] EnteredEvent;Firing event 'Input@Server_Mezclado.Entered'.
15,211388888888887;ModelEntity1.80;Input@Server_Mezclado;17.OnEnteredToAssociatedObject;[Transfer] ToAssociatedObject;Entity 'ModelEntity1.80' transferring from '[Node] Input@Server_Mezclado' into object 'Server_Mezclado'.
15,211388888888887;ModelEntity1.80;Input@Server_Mezclado;17.OnEnteredToAssociatedObject;[Transfer] ToAssociatedObject;Entity 'ModelEntity1.80' transferring from '[Node] Input@Server_Mezclado' into station 'Server_Mezclado.InputBuffer'.
15,211388888888887;ModelEntity1.80;Server_Pesado;18.OnEnteredProcessing;[End];Process 'Server_Pesado.OnEnteredProcessing' execution ended.
15,211388888888887;--;--;--;--;Ignoring attempt to execute disabled process 'Worker_Panadero_1[1].OnNewSeizeRequest'.
15,211388888888887;--;--;--;--;Ignoring attempt to execute disabled process 'Worker_Panadero_2[1].OnNewSeizeRequest'.
15,211388888888887;--;--;--;--;Ignoring attempt to execute disabled process 'Worker_Panadero_3[1].OnNewSeizeRequest'.
15,211388888888887;ModelEntity1.81;Server_Pesado;7.OnEnteredInputBuffer;[Seize] SecondaryResources;Object 'ModelEntity1.81' waiting to seize '1' resource(s) of resource type '[FromList] WorkerSet_Panaderos'.
15,211388888888887;ModelEntity1.80;Server_Pesado;19.OnExitedOutputBuffer;[Begin];Process 'Server_Pesado.OnExitedOutputBuffer' execution started.
15,211388888888887;ModelEntity1.80;Server_Pesado;19.OnExitedOutputBuffer;[Execute] ExitedAddOnProcess;Executing process 'P_WIP_Pesado_Salir'.
15,211388888888887;ModelEntity1.80;Model_Panaderia;18.P_WIP_Pesado_Salir;[Begin];Process 'P_WIP_Pesado_Salir' execution started.
15,211388888888887;ModelEntity1.80;Model_Panaderia;18.P_WIP_Pesado_Salir;[Assign] Assign12;Assigning state variable 'Model_Panaderia.WIP_Pesado' the value '7'. Previous value was '8'.
15,211388888888887;ModelEntity1.80;Model_Panaderia;18.P_WIP_Pesado_Salir;[End];Process 'P_WIP_Pesado_Salir' execution ended.
15,211388888888887;ModelEntity1.80;Server_Pesado;19.OnExitedOutputBuffer;[End];Process 'Server_Pesado.OnExitedOutputBuffer' execution ended.
15,211388888888887;ModelEntity1.80;Server_Mezclado;15.OnEnteredInputBuffer;[Begin];Process 'Server_Mezclado.OnEnteredInputBuffer' execution started.
15,211388888888887;ModelEntity1.80;Server_Mezclado;15.OnEnteredInputBuffer;[Execute] EnteredAddOnProcess;Executing process 'P_WIP_Mezclado_Entrar'.
15,211388888888887;ModelEntity1.80;Model_Panaderia;19.P_WIP_Mezclado_Entrar;[Begin];Process 'P_WIP_Mezclado_Entrar' execution started.
15,211388888888887;ModelEntity1.80;Model_Panaderia;19.P_WIP_Mezclado_Entrar;[Assign] Assign9;Assigning state variable 'Model_Panaderia.WIP_Mezclado' the value '3'. Previous value was '2'.
15,211388888888887;ModelEntity1.80;Model_Panaderia;19.P_WIP_Mezclado_Entrar;[End];Process 'P_WIP_Mezclado_Entrar' execution ended.
15,211388888888887;ModelEntity1.80;Server_Mezclado;15.OnEnteredInputBuffer;[EndTransfer] IntoInputBuffer;Entity 'ModelEntity1.80' ending transfer into station 'Server_Mezclado.InputBuffer'.
15,211388888888887;ModelEntity1.80;Output@Server_Pesado;19.OnExited;[Begin];Process 'Output@Server_Pesado.OnExited' execution started.
15,211388888888887;ModelEntity1.80;Output@Server_Pesado;19.OnExited;[Fire] ExitedEvent;Firing event 'Output@Server_Pesado.Exited'.
15,211388888888887;ModelEntity1.80;Output@Server_Pesado;19.OnExited;[End];Process 'Output@Server_Pesado.OnExited' execution ended.
15,211388888888887;ModelEntity1.80;Input@Server_Mezclado;19.OnExited;[Begin];Process 'Input@Server_Mezclado.OnExited' execution started.
15,211388888888887;ModelEntity1.80;Input@Server_Mezclado;19.OnExited;[Fire] ExitedEvent;Firing event 'Input@Server_Mezclado.Exited'.
15,211388888888887;ModelEntity1.80;Input@Server_Mezclado;19.OnExited;[End];Process 'Input@Server_Mezclado.OnExited' execution ended.
15,211388888888887;ModelEntity1.80;Server_Mezclado;15.OnEnteredInputBuffer;[Seize] Server;Object 'ModelEntity1.80' waiting to seize '1' resource(s) of resource type '[ParentObject] Server_Mezclado'.
15,211388888888887;ModelEntity1.80;Server_Pesado;6.OnEnteredOutputBuffer;[End];Process 'Server_Pesado.OnEnteredOutputBuffer' execution ended.
15,211388888888887;ModelEntity1.80;Output@Server_Pesado;3.OnEnteredFromAssociatedObject;[End];Process 'Output@Server_Pesado.OnEnteredFromAssociatedObject' execution ended.
15,211388888888887;ModelEntity1.80;Input@Server_Mezclado;17.OnEnteredToAssociatedObject;[End];Process 'Input@Server_Mezclado.OnEnteredToAssociatedObject' execution ended.
15,211388888888887;--;--;--;--;Resource 'Worker_Panadero_1[1]' checking allocation queue which contains '1' item(s).
15,211388888888887;ModelEntity1.81;Server_Pesado;7.OnEnteredInputBuffer;[Seize] SecondaryResources;Object 'ModelEntity1.81' checking availability to seize '1' resource(s) of resource type '[FromList] WorkerSet_Panaderos'.
15,211388888888887;ModelEntity1.81;Server_Pesado;7.OnEnteredInputBuffer;[Seize] SecondaryResources;Object 'ModelEntity1.81' checking availability to seize '1' capacity unit(s) of resource 'Worker_Panadero_1[1]’.
15,211388888888887;ModelEntity1.81;Server_Pesado;7.OnEnteredInputBuffer;[Seize] SecondaryResources;Object 'ModelEntity1.81' found ‘1’ currently available capacity unit(s) of resource 'Worker_Panadero_1[1]’.
15,211388888888887;ModelEntity1.81;Server_Pesado;7.OnEnteredInputBuffer;[Seize] SecondaryResources;Object 'ModelEntity1.81' checking availability to seize '1' capacity unit(s) of resource 'Worker_Panadero_2[1]’.
15,211388888888887;ModelEntity1.81;Server_Pesado;7.OnEnteredInputBuffer;[Seize] SecondaryResources;Object 'ModelEntity1.81' unable to seize '1' capacity unit(s) of resource 'Worker_Panadero_2[1]'. Insufficient capacity available.
15,211388888888887;ModelEntity1.81;Server_Pesado;7.OnEnteredInputBuffer;[Seize] SecondaryResources;Object 'ModelEntity1.81' checking availability to seize '1' capacity unit(s) of resource 'Worker_Panadero_3[1]’.
15,211388888888887;ModelEntity1.81;Server_Pesado;7.OnEnteredInputBuffer;[Seize] SecondaryResources;Object 'ModelEntity1.81' found ‘1’ currently available capacity unit(s) of resource 'Worker_Panadero_3[1]’.
15,211388888888887;ModelEntity1.81;Server_Pesado;7.OnEnteredInputBuffer;[Seize] SecondaryResources;Object 'ModelEntity1.81' found '2' currently available resource(s) of resource type '[FromList] WorkerSet_Panaderos'.
15,211388888888887;--;--;--;--;Resource 'Worker_Panadero_1[1]' selecting object 'ModelEntity1.81' waiting at rank position '1' in allocation queue which contains '1' item(s).
15,211388888888887;ModelEntity1.81;Server_Pesado;7.OnEnteredInputBuffer;[Seize] SecondaryResources;Object 'ModelEntity1.81' seized '1' capacity unit(s) of resource 'Worker_Panadero_1[1]'.
15,211388888888887;--;--;--;--;Changing from AutoState 'Starved' to 'Busy' on resource 'Worker_Panadero_1[1]'.
15,211388888888887;--;--;--;--;Assigning state variable 'Worker_Panadero_1[1].ResourceState' the value '1'. Previous value was '0'.
15,211388888888887;ModelEntity1.81;Worker_Panadero_1[1];17.OnCapacityAllocated;[Begin];Process 'Worker_Panadero_1[1].OnCapacityAllocated' execution started.
15,211388888888887;ModelEntity1.81;Worker_Panadero_1[1];17.OnCapacityAllocated;[Assign] ResourceState;Assigning state variable 'Worker_Panadero_1[1].ResourceState' the value '1'. Previous value was '1'.
15,211388888888887;ModelEntity1.81;Worker_Panadero_1[1];17.OnCapacityAllocated;[Assign] OnCapacityAllocatedAssignments;Assigning state variable 'Worker_Panadero_1[1].OnEvaluatingRiderReservation.Enabled' the value '0'. Previous value was '1'.
15,211388888888887;ModelEntity1.81;Worker_Panadero_1[1];17.OnCapacityAllocated;[Assign] OnCapacityAllocatedAssignments;Assigning state variable 'Worker_Panadero_1[1].OnEvaluatingRiderReservation.ReturnValue' the value '0'. Previous value was '1'.
15,211388888888887;ModelEntity1.81;Worker_Panadero_1[1];17.OnCapacityAllocated;[Assign] OnCapacityAllocatedAssignments;Assigning state variable 'Worker_Panadero_1[1].OnEvaluatingSeizeRequest.Enabled' the value '0'. Previous value was '1'.
15,211388888888887;ModelEntity1.81;Worker_Panadero_1[1];17.OnCapacityAllocated;[Assign] OnCapacityAllocatedAssignments;Assigning state variable 'Worker_Panadero_1[1].OnEvaluatingSeizeRequest.ReturnValue' the value '0'. Previous value was '1'.
15,211388888888887;ModelEntity1.81;Worker_Panadero_1[1];17.OnCapacityAllocated;[Assign] OnCapacityAllocatedAssignments;Assigning state variable 'Worker_Panadero_1[1].OnEvaluatingRiderAtPickup.Enabled' the value '0'. Previous value was '1'.
15,211388888888887;ModelEntity1.81;Worker_Panadero_1[1];17.OnCapacityAllocated;[Assign] OnCapacityAllocatedAssignments;Assigning state variable 'Worker_Panadero_1[1].OnEvaluatingRiderAtPickup.ReturnValue' the value '0'. Previous value was '1'.
15,211388888888887;ModelEntity1.81;Worker_Panadero_1[1];17.OnCapacityAllocated;[Fire] AllocatedEvent;Firing event 'Worker_Panadero_1[1].Allocated'.
15,211388888888887;ModelEntity1.81;Worker_Panadero_1[1];17.OnCapacityAllocated;[End];Process 'Worker_Panadero_1[1].OnCapacityAllocated' execution ended.
15,211388888888887;ModelEntity1.81;Server_Pesado;7.OnEnteredInputBuffer;[Seize] SecondaryResources;Resource 'Worker_Panadero_1[1]' accepting request from object 'ModelEntity1.81' to move to destination node 'Node_Est_Pesado'.
15,211388888888887;ModelEntity1.81;Worker_Panadero_1[1];17.OnMoveRequestAccepted;[Begin];Process 'Worker_Panadero_1[1].OnMoveRequestAccepted' execution started.
15,211388888888887;ModelEntity1.81;Worker_Panadero_1[1];17.OnMoveRequestAccepted;[SelectVisit] ToAcceptedDestination;Entity 'Worker_Panadero_1[1]' searching its visit request queue containing '1' item(s).
15,211388888888887;ModelEntity1.81;Worker_Panadero_1[1];17.OnMoveRequestAccepted;[SelectVisit] ToAcceptedDestination;Assigning entity 'Worker_Panadero_1[1]' destination node the value 'Node_Est_Pesado'.
15,211388888888887;ModelEntity1.81;Worker_Panadero_1[1];17.OnMoveRequestAccepted;[Decide] IfInFreeSpace;Token branching on condition '(CurrentNode==Nothing)&&(CurrentLink==Nothing)&&(CurrentStation==Nothing)'.
15,211388888888887;ModelEntity1.81;Worker_Panadero_1[1];17.OnMoveRequestAccepted;[Decide] IfInFreeSpace;Token sent to 'False' exit.
15,211388888888887;ModelEntity1.81;Worker_Panadero_1[1];17.OnMoveRequestAccepted;[Decide] IfUnpark;Token branching on condition 'IsParked && (OnVisitingNode.TokensInProcess==0)'.
15,211388888888887;ModelEntity1.81;Worker_Panadero_1[1];17.OnMoveRequestAccepted;[Decide] IfUnpark;Token sent to 'False' exit.
15,211388888888887;ModelEntity1.81;Worker_Panadero_1[1];17.OnMoveRequestAccepted;[Fire] RemainInPlaceEndedEvent;Firing event 'Worker_Panadero_1[1].RemainInPlaceEnded'.
15,211388888888887;ModelEntity1.81;Worker_Panadero_1[1];17.OnMoveRequestAccepted;[End];Process 'Worker_Panadero_1[1].OnMoveRequestAccepted' execution ended.
15,211388888888887;ModelEntity1.81;Server_Pesado;7.OnEnteredInputBuffer;[Seize] SecondaryResources;Object 'ModelEntity1.81' completed seize of '1' resource(s) of resource type '[FromList] WorkerSet_Panaderos'.
15,211388888888887;Worker_Panadero_1[1];Worker_Panadero_1[1];0.OnVisitingNode;[Decide] IfNotVisitingNode;Token branching on condition 'Math.If(IgnoreVisitingCurrentNode, True, ResourceState==List.ResourceStateName.Idle, False, ResourceState==List.ResourceStateName.OffShift, ((OffShiftAction==List.WorkerOffShiftAction.GoToHome)||(OffShiftAction==List.WorkerOffShiftAction.ParkAtHome))&&(HomeNode!=Nothing)&&(DestinationNode==HomeNode)&&(CurrentNode!=HomeNode),(DestinationNode!=Nothing)&&(CurrentNode!=DestinationNode), True, False)'.
15,211388888888887;Worker_Panadero_1[1];Worker_Panadero_1[1];0.OnVisitingNode;[Decide] IfNotVisitingNode;Token sent to 'False' exit.
15,211388888888887;Worker_Panadero_1[1];Worker_Panadero_1[1];0.OnVisitingNode;[Decide] IfBusy;Token branching on condition '(ResourceState==List.ResourceStateName.Busy)||(ResourceState==List.ResourceStateName.OffShiftBusy)'.
15,211388888888887;Worker_Panadero_1[1];Worker_Panadero_1[1];0.OnVisitingNode;[Decide] IfBusy;Token sent to 'True' exit.
15,211388888888887;ModelEntity1.81;Server_Pesado;7.OnEnteredInputBuffer;[Seize] SecondaryResources;Resource 'Worker_Panadero_1[1]' completed request from object 'ModelEntity1.81' to move to destination node 'Node_Est_Pesado'.
15,211388888888887;Worker_Panadero_1[1];Worker_Panadero_1[1];0.OnVisitingNode;[SelectVisit] ToAcceptedDestination;Entity 'Worker_Panadero_1[1]' searching its visit request queue containing '0' item(s).
15,211388888888887;Worker_Panadero_1[1];Worker_Panadero_1[1];0.OnVisitingNode;[SelectVisit] ToAcceptedDestination;Entity 'Worker_Panadero_1[1]' failed to select an eligible visit destination. 
15,211388888888887;Worker_Panadero_1[1];Worker_Panadero_1[1];0.OnVisitingNode;[Wait] UntilRemainInPlaceEnded;Token waiting at Wait step for event 'Worker_Panadero_1[1].RemainInPlaceEnded'.
15,211388888888887;Worker_Panadero_1[1];Worker_Panadero_1[1];0.OnVisitingNode;[Wait] UntilRemainInPlaceEnded;Token waiting at Wait step for any one of '1' specified event(s) to occur.
15,211388888888887;--;--;--;--;Changing from AutoState 'Busy' to 'Blocked' on resource 'Server_Pesado'.
15,211388888888887;--;--;--;--;Assigning state variable 'Server_Pesado.ResourceState' the value '2'. Previous value was '1'.
15,211388888888887;ModelEntity1.81;Server_Pesado;7.OnEnteredInputBuffer;[Transfer] ToProcessing;Entity 'ModelEntity1.81' transferring from '[Station] Server_Pesado.InputBuffer' into station 'Server_Pesado.Processing'.
15,211388888888887;--;--;--;--;Changing from AutoState 'Blocked' to 'Busy' on resource 'Server_Pesado'.
15,211388888888887;--;--;--;--;Assigning state variable 'Server_Pesado.ResourceState' the value '1'. Previous value was '2'.
15,211388888888887;ModelEntity1.81;Server_Pesado;17.OnEnteredProcessing;[Begin];Process 'Server_Pesado.OnEnteredProcessing' execution started.
15,211388888888887;ModelEntity1.81;Server_Pesado;17.OnEnteredProcessing;[EndTransfer] IntoProcessing;Entity 'ModelEntity1.81' ending transfer into station 'Server_Pesado.Processing'.
15,211388888888887;ModelEntity1.81;Server_Pesado;17.OnEnteredProcessing;[Decide] IfProcessTypeSpecificTime;Token branching on condition 'ProcessType==Enum.TaskProcessType.SpecificTime'.
15,211388888888887;ModelEntity1.81;Server_Pesado;17.OnEnteredProcessing;[Decide] IfProcessTypeSpecificTime;Token sent to 'True' exit.
15,211388888888887;ModelEntity1.81;Server_Pesado;17.OnEnteredProcessing;[Delay] ProcessingTime;Delaying token for '5' Minutes until time '20,211388888888887' Minutes. Delay multiplier was '1'.
15,211388888888887;ModelEntity1.81;Server_Pesado;7.OnEnteredInputBuffer;[End];Process 'Server_Pesado.OnEnteredInputBuffer' execution ended.
15,211388888888887;--;--;--;--;Resource 'Server_Mezclado' checking allocation queue which contains '2' item(s).
15,211388888888887;--;--;--;--;Resource 'Server_Mezclado' unable to select any items waiting in its allocation queue. Resource is fully allocated or off shift.
17,304166666666667;ModelEntity1.78;Server_Mezclado;16.OnEnteredProcessing;[Release] SecondaryResources;Object 'ModelEntity1.78' attempting to release '1' resource(s) of resource type '[FromList] WorkerSet_Panaderos'.
17,304166666666667;ModelEntity1.78;Server_Mezclado;16.OnEnteredProcessing;[Release] SecondaryResources;Object 'ModelEntity1.78' released '1' capacity unit(s) of resource 'Worker_Panadero_2[1]'.
17,304166666666667;--;--;--;--;Changing from AutoState 'Busy' to 'Starved' on resource 'Worker_Panadero_2[1]'.
17,304166666666667;--;--;--;--;Assigning state variable 'Worker_Panadero_2[1].ResourceState' the value '0'. Previous value was '1'.
17,304166666666667;ModelEntity1.78;Worker_Panadero_2[1];7.OnCapacityReleased;[Begin];Process 'Worker_Panadero_2[1].OnCapacityReleased' execution started.
17,304166666666667;ModelEntity1.78;Worker_Panadero_2[1];7.OnCapacityReleased;[Assign] ResourceState;Assigning state variable 'Worker_Panadero_2[1].ResourceState' the value '0'. Previous value was '0'.
17,304166666666667;ModelEntity1.78;Worker_Panadero_2[1];7.OnCapacityReleased;[Assign] OnCapacityReleasedAssignments;Assigning state variable 'Worker_Panadero_2[1].OnEvaluatingRiderReservation.Enabled' the value '1'. Previous value was '0'.
17,304166666666667;ModelEntity1.78;Worker_Panadero_2[1];7.OnCapacityReleased;[Assign] OnCapacityReleasedAssignments;Assigning state variable 'Worker_Panadero_2[1].OnEvaluatingRiderReservation.ReturnValue' the value '1'. Previous value was '0'.
17,304166666666667;ModelEntity1.78;Worker_Panadero_2[1];7.OnCapacityReleased;[Assign] OnCapacityReleasedAssignments;Assigning state variable 'Worker_Panadero_2[1].OnEvaluatingSeizeRequest.Enabled' the value '1'. Previous value was '0'.
17,304166666666667;ModelEntity1.78;Worker_Panadero_2[1];7.OnCapacityReleased;[Assign] OnCapacityReleasedAssignments;Assigning state variable 'Worker_Panadero_2[1].OnEvaluatingSeizeRequest.ReturnValue' the value '1'. Previous value was '0'.
17,304166666666667;ModelEntity1.78;Worker_Panadero_2[1];7.OnCapacityReleased;[Assign] OnCapacityReleasedAssignments;Assigning state variable 'Worker_Panadero_2[1].OnEvaluatingRiderAtPickup.Enabled' the value '1'. Previous value was '0'.
17,304166666666667;ModelEntity1.78;Worker_Panadero_2[1];7.OnCapacityReleased;[Assign] OnCapacityReleasedAssignments;Assigning state variable 'Worker_Panadero_2[1].OnEvaluatingRiderAtPickup.ReturnValue' the value '1'. Previous value was '0'.
17,304166666666667;ModelEntity1.78;Worker_Panadero_2[1];7.OnCapacityReleased;[SetNode] ToClearDestination;Assigning entity ‘Worker_Panadero_2[1]’ destination node the value ‘Nothing’.
17,304166666666667;ModelEntity1.78;Worker_Panadero_2[1];7.OnCapacityReleased;[Fire] RemainInPlaceEndedEvent;Firing event 'Worker_Panadero_2[1].RemainInPlaceEnded'.
17,304166666666667;Worker_Panadero_2[1];Worker_Panadero_2[1];1.OnVisitingNode;[Wait] UntilRemainInPlaceEnded;Wait for event(s) ended. Releasing token from Wait step.
17,304166666666667;ModelEntity1.78;Worker_Panadero_2[1];7.OnCapacityReleased;[Fire] ReleasedEvent;Firing event 'Worker_Panadero_2[1].Released'.
17,304166666666667;ModelEntity1.78;Worker_Panadero_2[1];7.OnCapacityReleased;[End];Process 'Worker_Panadero_2[1].OnCapacityReleased' execution ended.
17,304166666666667;--;--;--;--;Changing from AutoState 'Busy' to 'Blocked' on resource 'Server_Mezclado'.
17,304166666666667;--;--;--;--;Assigning state variable 'Server_Mezclado.ResourceState' the value '2'. Previous value was '1'.
17,304166666666667;ModelEntity1.78;Server_Mezclado;16.OnEnteredProcessing;[Transfer] ToOutputBuffer;Entity 'ModelEntity1.78' transferring from '[Station] Server_Mezclado.Processing' into station 'Server_Mezclado.OutputBuffer'.
17,304166666666667;--;--;--;--;Changing from AutoState 'Blocked' to 'Busy' on resource 'Server_Mezclado'.
17,304166666666667;--;--;--;--;Assigning state variable 'Server_Mezclado.ResourceState' the value '1'. Previous value was '2'.
17,304166666666667;Worker_Panadero_2[1];Worker_Panadero_2[1];1.OnVisitingNode;[Delay] Epsilon;Delaying token for 'Epsilon' Minutes until time '17,304166666666667' Minutes. Scheduling end of delay as a late priority event on current events calendar.
17,304166666666667;ModelEntity1.78;Server_Mezclado;7.OnEnteredOutputBuffer;[Begin];Process 'Server_Mezclado.OnEnteredOutputBuffer' execution started.
17,304166666666667;ModelEntity1.78;Server_Mezclado;7.OnEnteredOutputBuffer;[EndTransfer] IntoOutputBuffer;Entity 'ModelEntity1.78' ending transfer into station 'Server_Mezclado.OutputBuffer'.
17,304166666666667;ModelEntity1.78;Server_Mezclado;7.OnEnteredOutputBuffer;[Release] Server;Object 'ModelEntity1.78' attempting to release '1' resource(s) of resource type '[ParentObject] Server_Mezclado'.
17,304166666666667;ModelEntity1.78;Server_Mezclado;7.OnEnteredOutputBuffer;[Release] Server;Object 'ModelEntity1.78' released '1' capacity unit(s) of resource 'Server_Mezclado'.
17,304166666666667;--;--;--;--;Changing from AutoState 'Busy' to 'Starved' on resource 'Server_Mezclado'.
17,304166666666667;--;--;--;--;Assigning state variable 'Server_Mezclado.ResourceState' the value '0'. Previous value was '1'.
17,304166666666667;--;--;--;--;Resource 'Server_Mezclado' checking allocation queue which contains '2' item(s).
17,304166666666667;ModelEntity1.79;Server_Mezclado;20.OnEnteredInputBuffer;[Seize] Server;Object 'ModelEntity1.79' checking availability to seize '1' resource(s) of resource type '[ParentObject] Server_Mezclado'.
17,304166666666667;ModelEntity1.79;Server_Mezclado;20.OnEnteredInputBuffer;[Seize] Server;Object 'ModelEntity1.79' checking availability to seize '1' capacity unit(s) of resource 'Server_Mezclado’.
17,304166666666667;ModelEntity1.79;Server_Mezclado;20.OnEnteredInputBuffer;[Seize] Server;Object 'ModelEntity1.79' found ‘1’ currently available capacity unit(s) of resource 'Server_Mezclado’.
17,304166666666667;ModelEntity1.79;Server_Mezclado;20.OnEnteredInputBuffer;[Seize] Server;Object 'ModelEntity1.79' found '1' currently available resource(s) of resource type '[ParentObject] Server_Mezclado'.
17,304166666666667;--;--;--;--;Resource 'Server_Mezclado' selecting object 'ModelEntity1.79' waiting at rank position '1' in allocation queue which contains '2' item(s).
17,304166666666667;ModelEntity1.79;Server_Mezclado;20.OnEnteredInputBuffer;[Seize] Server;Object 'ModelEntity1.79' seized '1' capacity unit(s) of resource 'Server_Mezclado'.
17,304166666666667;--;--;--;--;Changing from AutoState 'Starved' to 'Busy' on resource 'Server_Mezclado'.
17,304166666666667;--;--;--;--;Assigning state variable 'Server_Mezclado.ResourceState' the value '1'. Previous value was '0'.
17,304166666666667;ModelEntity1.79;Server_Mezclado;20.OnEnteredInputBuffer;[Seize] Server;Object 'ModelEntity1.79' completed seize of '1' resource(s) of resource type '[ParentObject] Server_Mezclado'.
17,304166666666667;--;--;--;--;Resource 'Server_Mezclado' checking allocation queue which contains '1' item(s).
17,304166666666667;--;--;--;--;Resource 'Server_Mezclado' unable to select any items waiting in its allocation queue. Resource is fully allocated or off shift.
17,304166666666667;ModelEntity1.78;Server_Mezclado;7.OnEnteredOutputBuffer;[Transfer] ToOutputNode;Entity 'ModelEntity1.78' transferring from '[Station] Server_Mezclado.OutputBuffer' into node 'Output@Server_Mezclado'.
17,304166666666667;ModelEntity1.78;Output@Server_Mezclado;3.OnEnteredFromAssociatedObject;[Begin];Process 'Output@Server_Mezclado.OnEnteredFromAssociatedObject' execution started.
17,304166666666667;ModelEntity1.78;Output@Server_Mezclado;3.OnEnteredFromAssociatedObject;[Fire] EnteredEvent;Firing event 'Output@Server_Mezclado.Entered'.
17,304166666666667;ModelEntity1.78;Output@Server_Mezclado;3.OnEnteredFromAssociatedObject;[Transfer] ToOutboundLink;Entity 'ModelEntity1.78' transferring from '[Node] Output@Server_Mezclado' into node 'Input@Server_Amasado'.
17,304166666666667;ModelEntity1.78;Input@Server_Amasado;6.OnEnteredToAssociatedObject;[Begin];Process 'Input@Server_Amasado.OnEnteredToAssociatedObject' execution started.
17,304166666666667;ModelEntity1.78;Input@Server_Amasado;6.OnEnteredToAssociatedObject;[Fire] EnteredEvent;Firing event 'Input@Server_Amasado.Entered'.
17,304166666666667;ModelEntity1.78;Input@Server_Amasado;6.OnEnteredToAssociatedObject;[Transfer] ToAssociatedObject;Entity 'ModelEntity1.78' transferring from '[Node] Input@Server_Amasado' into object 'Server_Amasado'.
17,304166666666667;ModelEntity1.78;Input@Server_Amasado;6.OnEnteredToAssociatedObject;[Transfer] ToAssociatedObject;Entity 'ModelEntity1.78' transferring from '[Node] Input@Server_Amasado' into station 'Server_Amasado.InputBuffer'.
17,304166666666667;ModelEntity1.78;Server_Mezclado;16.OnEnteredProcessing;[End];Process 'Server_Mezclado.OnEnteredProcessing' execution ended.
17,304166666666667;--;--;--;--;Ignoring attempt to execute disabled process 'Worker_Panadero_1[1].OnNewSeizeRequest'.
17,304166666666667;--;--;--;--;Ignoring attempt to execute disabled process 'Worker_Panadero_2[1].OnNewSeizeRequest'.
17,304166666666667;--;--;--;--;Ignoring attempt to execute disabled process 'Worker_Panadero_3[1].OnNewSeizeRequest'.
17,304166666666667;ModelEntity1.79;Server_Mezclado;20.OnEnteredInputBuffer;[Seize] SecondaryResources;Object 'ModelEntity1.79' waiting to seize '1' resource(s) of resource type '[FromList] WorkerSet_Panaderos'.
17,304166666666667;ModelEntity1.78;Server_Mezclado;19.OnExitedOutputBuffer;[Begin];Process 'Server_Mezclado.OnExitedOutputBuffer' execution started.
17,304166666666667;ModelEntity1.78;Server_Mezclado;19.OnExitedOutputBuffer;[Execute] ExitedAddOnProcess;Executing process 'P_WIP_Mezclado_Salir'.
17,304166666666667;ModelEntity1.78;Model_Panaderia;16.P_WIP_Mezclado_Salir;[Begin];Process 'P_WIP_Mezclado_Salir' execution started.
17,304166666666667;ModelEntity1.78;Model_Panaderia;16.P_WIP_Mezclado_Salir;[Assign] Assign10;Assigning state variable 'Model_Panaderia.WIP_Mezclado' the value '2'. Previous value was '3'.
17,304166666666667;ModelEntity1.78;Model_Panaderia;16.P_WIP_Mezclado_Salir;[End];Process 'P_WIP_Mezclado_Salir' execution ended.
17,304166666666667;ModelEntity1.78;Server_Mezclado;19.OnExitedOutputBuffer;[End];Process 'Server_Mezclado.OnExitedOutputBuffer' execution ended.
17,304166666666667;ModelEntity1.78;Server_Amasado;18.OnEnteredInputBuffer;[Begin];Process 'Server_Amasado.OnEnteredInputBuffer' execution started.
17,304166666666667;ModelEntity1.78;Server_Amasado;18.OnEnteredInputBuffer;[Execute] EnteredAddOnProcess;Executing process 'P_WIP_Amasado_Entrar'.
17,304166666666667;ModelEntity1.78;Model_Panaderia;19.P_WIP_Amasado_Entrar;[Begin];Process 'P_WIP_Amasado_Entrar' execution started.
17,304166666666667;ModelEntity1.78;Model_Panaderia;19.P_WIP_Amasado_Entrar;[Assign] Assign1;Assigning state variable 'Model_Panaderia.WIP_Amasado' the value '1'. Previous value was '0'.
17,304166666666667;ModelEntity1.78;Model_Panaderia;19.P_WIP_Amasado_Entrar;[End];Process 'P_WIP_Amasado_Entrar' execution ended.
17,304166666666667;ModelEntity1.78;Server_Amasado;18.OnEnteredInputBuffer;[EndTransfer] IntoInputBuffer;Entity 'ModelEntity1.78' ending transfer into station 'Server_Amasado.InputBuffer'.
17,304166666666667;ModelEntity1.78;Output@Server_Mezclado;19.OnExited;[Begin];Process 'Output@Server_Mezclado.OnExited' execution started.
17,304166666666667;ModelEntity1.78;Output@Server_Mezclado;19.OnExited;[Fire] ExitedEvent;Firing event 'Output@Server_Mezclado.Exited'.
17,304166666666667;ModelEntity1.78;Output@Server_Mezclado;19.OnExited;[End];Process 'Output@Server_Mezclado.OnExited' execution ended.
17,304166666666667;ModelEntity1.78;Input@Server_Amasado;19.OnExited;[Begin];Process 'Input@Server_Amasado.OnExited' execution started.
17,304166666666667;ModelEntity1.78;Input@Server_Amasado;19.OnExited;[Fire] ExitedEvent;Firing event 'Input@Server_Amasado.Exited'.
17,304166666666667;ModelEntity1.78;Input@Server_Amasado;19.OnExited;[End];Process 'Input@Server_Amasado.OnExited' execution ended.
17,304166666666667;ModelEntity1.78;Server_Amasado;18.OnEnteredInputBuffer;[Seize] Server;Object 'ModelEntity1.78' waiting to seize '1' resource(s) of resource type '[ParentObject] Server_Amasado'.
17,304166666666667;ModelEntity1.78;Server_Mezclado;7.OnEnteredOutputBuffer;[End];Process 'Server_Mezclado.OnEnteredOutputBuffer' execution ended.
17,304166666666667;ModelEntity1.78;Output@Server_Mezclado;3.OnEnteredFromAssociatedObject;[End];Process 'Output@Server_Mezclado.OnEnteredFromAssociatedObject' execution ended.
17,304166666666667;ModelEntity1.78;Input@Server_Amasado;6.OnEnteredToAssociatedObject;[End];Process 'Input@Server_Amasado.OnEnteredToAssociatedObject' execution ended.
17,304166666666667;--;--;--;--;Resource 'Worker_Panadero_2[1]' checking allocation queue which contains '1' item(s).
17,304166666666667;ModelEntity1.79;Server_Mezclado;20.OnEnteredInputBuffer;[Seize] SecondaryResources;Object 'ModelEntity1.79' checking availability to seize '1' resource(s) of resource type '[FromList] WorkerSet_Panaderos'.
17,304166666666667;ModelEntity1.79;Server_Mezclado;20.OnEnteredInputBuffer;[Seize] SecondaryResources;Object 'ModelEntity1.79' checking availability to seize '1' capacity unit(s) of resource 'Worker_Panadero_1[1]’.
17,304166666666667;ModelEntity1.79;Server_Mezclado;20.OnEnteredInputBuffer;[Seize] SecondaryResources;Object 'ModelEntity1.79' unable to seize '1' capacity unit(s) of resource 'Worker_Panadero_1[1]'. Insufficient capacity available.
17,304166666666667;ModelEntity1.79;Server_Mezclado;20.OnEnteredInputBuffer;[Seize] SecondaryResources;Object 'ModelEntity1.79' checking availability to seize '1' capacity unit(s) of resource 'Worker_Panadero_2[1]’.
17,304166666666667;ModelEntity1.79;Server_Mezclado;20.OnEnteredInputBuffer;[Seize] SecondaryResources;Object 'ModelEntity1.79' found ‘1’ currently available capacity unit(s) of resource 'Worker_Panadero_2[1]’.
17,304166666666667;ModelEntity1.79;Server_Mezclado;20.OnEnteredInputBuffer;[Seize] SecondaryResources;Object 'ModelEntity1.79' checking availability to seize '1' capacity unit(s) of resource 'Worker_Panadero_3[1]’.
17,304166666666667;ModelEntity1.79;Server_Mezclado;20.OnEnteredInputBuffer;[Seize] SecondaryResources;Object 'ModelEntity1.79' found ‘1’ currently available capacity unit(s) of resource 'Worker_Panadero_3[1]’.
17,304166666666667;ModelEntity1.79;Server_Mezclado;20.OnEnteredInputBuffer;[Seize] SecondaryResources;Object 'ModelEntity1.79' found '2' currently available resource(s) of resource type '[FromList] WorkerSet_Panaderos'.
17,304166666666667;--;--;--;--;Resource 'Worker_Panadero_2[1]' selecting object 'ModelEntity1.79' waiting at rank position '1' in allocation queue which contains '1' item(s).
17,304166666666667;ModelEntity1.79;Server_Mezclado;20.OnEnteredInputBuffer;[Seize] SecondaryResources;Object 'ModelEntity1.79' seized '1' capacity unit(s) of resource 'Worker_Panadero_2[1]'.
17,304166666666667;--;--;--;--;Changing from AutoState 'Starved' to 'Busy' on resource 'Worker_Panadero_2[1]'.
17,304166666666667;--;--;--;--;Assigning state variable 'Worker_Panadero_2[1].ResourceState' the value '1'. Previous value was '0'.
17,304166666666667;ModelEntity1.79;Worker_Panadero_2[1];6.OnCapacityAllocated;[Begin];Process 'Worker_Panadero_2[1].OnCapacityAllocated' execution started.
17,304166666666667;ModelEntity1.79;Worker_Panadero_2[1];6.OnCapacityAllocated;[Assign] ResourceState;Assigning state variable 'Worker_Panadero_2[1].ResourceState' the value '1'. Previous value was '1'.
17,304166666666667;ModelEntity1.79;Worker_Panadero_2[1];6.OnCapacityAllocated;[Assign] OnCapacityAllocatedAssignments;Assigning state variable 'Worker_Panadero_2[1].OnEvaluatingRiderReservation.Enabled' the value '0'. Previous value was '1'.
17,304166666666667;ModelEntity1.79;Worker_Panadero_2[1];6.OnCapacityAllocated;[Assign] OnCapacityAllocatedAssignments;Assigning state variable 'Worker_Panadero_2[1].OnEvaluatingRiderReservation.ReturnValue' the value '0'. Previous value was '1'.
17,304166666666667;ModelEntity1.79;Worker_Panadero_2[1];6.OnCapacityAllocated;[Assign] OnCapacityAllocatedAssignments;Assigning state variable 'Worker_Panadero_2[1].OnEvaluatingSeizeRequest.Enabled' the value '0'. Previous value was '1'.
17,304166666666667;ModelEntity1.79;Worker_Panadero_2[1];6.OnCapacityAllocated;[Assign] OnCapacityAllocatedAssignments;Assigning state variable 'Worker_Panadero_2[1].OnEvaluatingSeizeRequest.ReturnValue' the value '0'. Previous value was '1'.
17,304166666666667;ModelEntity1.79;Worker_Panadero_2[1];6.OnCapacityAllocated;[Assign] OnCapacityAllocatedAssignments;Assigning state variable 'Worker_Panadero_2[1].OnEvaluatingRiderAtPickup.Enabled' the value '0'. Previous value was '1'.
17,304166666666667;ModelEntity1.79;Worker_Panadero_2[1];6.OnCapacityAllocated;[Assign] OnCapacityAllocatedAssignments;Assigning state variable 'Worker_Panadero_2[1].OnEvaluatingRiderAtPickup.ReturnValue' the value '0'. Previous value was '1'.
17,304166666666667;ModelEntity1.79;Worker_Panadero_2[1];6.OnCapacityAllocated;[Fire] AllocatedEvent;Firing event 'Worker_Panadero_2[1].Allocated'.
17,304166666666667;ModelEntity1.79;Worker_Panadero_2[1];6.OnCapacityAllocated;[End];Process 'Worker_Panadero_2[1].OnCapacityAllocated' execution ended.
17,304166666666667;ModelEntity1.79;Server_Mezclado;20.OnEnteredInputBuffer;[Seize] SecondaryResources;Resource 'Worker_Panadero_2[1]' accepting request from object 'ModelEntity1.79' to move to destination node 'Node_Est_Mezclado'.
17,304166666666667;ModelEntity1.79;Worker_Panadero_2[1];6.OnMoveRequestAccepted;[Begin];Process 'Worker_Panadero_2[1].OnMoveRequestAccepted' execution started.
17,304166666666667;ModelEntity1.79;Worker_Panadero_2[1];6.OnMoveRequestAccepted;[SelectVisit] ToAcceptedDestination;Entity 'Worker_Panadero_2[1]' searching its visit request queue containing '1' item(s).
17,304166666666667;ModelEntity1.79;Worker_Panadero_2[1];6.OnMoveRequestAccepted;[SelectVisit] ToAcceptedDestination;Assigning entity 'Worker_Panadero_2[1]' destination node the value 'Node_Est_Mezclado'.
17,304166666666667;ModelEntity1.79;Worker_Panadero_2[1];6.OnMoveRequestAccepted;[Decide] IfInFreeSpace;Token branching on condition '(CurrentNode==Nothing)&&(CurrentLink==Nothing)&&(CurrentStation==Nothing)'.
17,304166666666667;ModelEntity1.79;Worker_Panadero_2[1];6.OnMoveRequestAccepted;[Decide] IfInFreeSpace;Token sent to 'False' exit.
17,304166666666667;ModelEntity1.79;Worker_Panadero_2[1];6.OnMoveRequestAccepted;[Decide] IfUnpark;Token branching on condition 'IsParked && (OnVisitingNode.TokensInProcess==0)'.
17,304166666666667;ModelEntity1.79;Worker_Panadero_2[1];6.OnMoveRequestAccepted;[Decide] IfUnpark;Token sent to 'False' exit.
17,304166666666667;ModelEntity1.79;Worker_Panadero_2[1];6.OnMoveRequestAccepted;[Fire] RemainInPlaceEndedEvent;Firing event 'Worker_Panadero_2[1].RemainInPlaceEnded'.
17,304166666666667;ModelEntity1.79;Worker_Panadero_2[1];6.OnMoveRequestAccepted;[End];Process 'Worker_Panadero_2[1].OnMoveRequestAccepted' execution ended.
17,304166666666667;ModelEntity1.79;Server_Mezclado;20.OnEnteredInputBuffer;[Seize] SecondaryResources;Object 'ModelEntity1.79' completed seize of '1' resource(s) of resource type '[FromList] WorkerSet_Panaderos'.
17,304166666666667;Worker_Panadero_2[1];Worker_Panadero_2[1];1.OnVisitingNode;[Decide] IfNotVisitingNode;Token branching on condition 'Math.If(IgnoreVisitingCurrentNode, True, ResourceState==List.ResourceStateName.Idle, False, ResourceState==List.ResourceStateName.OffShift, ((OffShiftAction==List.WorkerOffShiftAction.GoToHome)||(OffShiftAction==List.WorkerOffShiftAction.ParkAtHome))&&(HomeNode!=Nothing)&&(DestinationNode==HomeNode)&&(CurrentNode!=HomeNode),(DestinationNode!=Nothing)&&(CurrentNode!=DestinationNode), True, False)'.
17,304166666666667;Worker_Panadero_2[1];Worker_Panadero_2[1];1.OnVisitingNode;[Decide] IfNotVisitingNode;Token sent to 'False' exit.
17,304166666666667;Worker_Panadero_2[1];Worker_Panadero_2[1];1.OnVisitingNode;[Decide] IfBusy;Token branching on condition '(ResourceState==List.ResourceStateName.Busy)||(ResourceState==List.ResourceStateName.OffShiftBusy)'.
17,304166666666667;Worker_Panadero_2[1];Worker_Panadero_2[1];1.OnVisitingNode;[Decide] IfBusy;Token sent to 'True' exit.
17,304166666666667;ModelEntity1.79;Server_Mezclado;20.OnEnteredInputBuffer;[Seize] SecondaryResources;Resource 'Worker_Panadero_2[1]' completed request from object 'ModelEntity1.79' to move to destination node 'Node_Est_Mezclado'.
17,304166666666667;Worker_Panadero_2[1];Worker_Panadero_2[1];1.OnVisitingNode;[SelectVisit] ToAcceptedDestination;Entity 'Worker_Panadero_2[1]' searching its visit request queue containing '0' item(s).
17,304166666666667;Worker_Panadero_2[1];Worker_Panadero_2[1];1.OnVisitingNode;[SelectVisit] ToAcceptedDestination;Entity 'Worker_Panadero_2[1]' failed to select an eligible visit destination. 
17,304166666666667;Worker_Panadero_2[1];Worker_Panadero_2[1];1.OnVisitingNode;[Wait] UntilRemainInPlaceEnded;Token waiting at Wait step for event 'Worker_Panadero_2[1].RemainInPlaceEnded'.
17,304166666666667;Worker_Panadero_2[1];Worker_Panadero_2[1];1.OnVisitingNode;[Wait] UntilRemainInPlaceEnded;Token waiting at Wait step for any one of '1' specified event(s) to occur.
17,304166666666667;--;--;--;--;Changing from AutoState 'Busy' to 'Blocked' on resource 'Server_Mezclado'.
17,304166666666667;--;--;--;--;Assigning state variable 'Server_Mezclado.ResourceState' the value '2'. Previous value was '1'.
17,304166666666667;ModelEntity1.79;Server_Mezclado;20.OnEnteredInputBuffer;[Transfer] ToProcessing;Entity 'ModelEntity1.79' transferring from '[Station] Server_Mezclado.InputBuffer' into station 'Server_Mezclado.Processing'.
17,304166666666667;--;--;--;--;Changing from AutoState 'Blocked' to 'Busy' on resource 'Server_Mezclado'.
17,304166666666667;--;--;--;--;Assigning state variable 'Server_Mezclado.ResourceState' the value '1'. Previous value was '2'.
17,304166666666667;ModelEntity1.79;Server_Mezclado;6.OnEnteredProcessing;[Begin];Process 'Server_Mezclado.OnEnteredProcessing' execution started.
17,304166666666667;ModelEntity1.79;Server_Mezclado;6.OnEnteredProcessing;[EndTransfer] IntoProcessing;Entity 'ModelEntity1.79' ending transfer into station 'Server_Mezclado.Processing'.
17,304166666666667;ModelEntity1.79;Server_Mezclado;6.OnEnteredProcessing;[Decide] IfProcessTypeSpecificTime;Token branching on condition 'ProcessType==Enum.TaskProcessType.SpecificTime'.
17,304166666666667;ModelEntity1.79;Server_Mezclado;6.OnEnteredProcessing;[Decide] IfProcessTypeSpecificTime;Token sent to 'True' exit.
17,304166666666667;ModelEntity1.79;Server_Mezclado;6.OnEnteredProcessing;[Delay] ProcessingTime;Delaying token for '12' Minutes until time '29,304166666666667' Minutes. Delay multiplier was '1'.
17,304166666666667;ModelEntity1.79;Server_Mezclado;20.OnEnteredInputBuffer;[End];Process 'Server_Mezclado.OnEnteredInputBuffer' execution ended.
17,304166666666667;--;--;--;--;Resource 'Server_Amasado' checking allocation queue which contains '1' item(s).
17,304166666666667;ModelEntity1.78;Server_Amasado;18.OnEnteredInputBuffer;[Seize] Server;Object 'ModelEntity1.78' checking availability to seize '1' resource(s) of resource type '[ParentObject] Server_Amasado'.
17,304166666666667;ModelEntity1.78;Server_Amasado;18.OnEnteredInputBuffer;[Seize] Server;Object 'ModelEntity1.78' checking availability to seize '1' capacity unit(s) of resource 'Server_Amasado’.
17,304166666666667;ModelEntity1.78;Server_Amasado;18.OnEnteredInputBuffer;[Seize] Server;Object 'ModelEntity1.78' found ‘1’ currently available capacity unit(s) of resource 'Server_Amasado’.
17,304166666666667;ModelEntity1.78;Server_Amasado;18.OnEnteredInputBuffer;[Seize] Server;Object 'ModelEntity1.78' found '1' currently available resource(s) of resource type '[ParentObject] Server_Amasado'.
17,304166666666667;--;--;--;--;Resource 'Server_Amasado' selecting object 'ModelEntity1.78' waiting at rank position '1' in allocation queue which contains '1' item(s).
17,304166666666667;ModelEntity1.78;Server_Amasado;18.OnEnteredInputBuffer;[Seize] Server;Object 'ModelEntity1.78' seized '1' capacity unit(s) of resource 'Server_Amasado'.
17,304166666666667;--;--;--;--;Changing from AutoState 'Starved' to 'Busy' on resource 'Server_Amasado'.
17,304166666666667;--;--;--;--;Assigning state variable 'Server_Amasado.ResourceState' the value '1'. Previous value was '0'.
17,304166666666667;ModelEntity1.78;Server_Amasado;18.OnEnteredInputBuffer;[Seize] Server;Object 'ModelEntity1.78' completed seize of '1' resource(s) of resource type '[ParentObject] Server_Amasado'.
17,304166666666667;--;--;--;--;Ignoring attempt to execute disabled process 'Worker_Panadero_1[1].OnNewSeizeRequest'.
17,304166666666667;--;--;--;--;Ignoring attempt to execute disabled process 'Worker_Panadero_2[1].OnNewSeizeRequest'.
17,304166666666667;--;--;--;--;Ignoring attempt to execute disabled process 'Worker_Panadero_3[1].OnNewSeizeRequest'.
17,304166666666667;ModelEntity1.78;Server_Amasado;18.OnEnteredInputBuffer;[Seize] SecondaryResources;Object 'ModelEntity1.78' waiting to seize '1' resource(s) of resource type '[FromList] WorkerSet_Panaderos'.
17,304166666666667;--;--;--;--;Resource 'Worker_Panadero_1[1]' checking allocation queue which contains '1' item(s).
17,304166666666667;--;--;--;--;Resource 'Worker_Panadero_1[1]' unable to select any items waiting in its allocation queue. Resource is fully allocated or off shift.
17,304166666666667;--;--;--;--;Resource 'Worker_Panadero_2[1]' checking allocation queue which contains '1' item(s).
17,304166666666667;--;--;--;--;Resource 'Worker_Panadero_2[1]' unable to select any items waiting in its allocation queue. Resource is fully allocated or off shift.
17,304166666666667;--;--;--;--;Resource 'Worker_Panadero_3[1]' checking allocation queue which contains '1' item(s).
17,304166666666667;ModelEntity1.78;Server_Amasado;18.OnEnteredInputBuffer;[Seize] SecondaryResources;Object 'ModelEntity1.78' checking availability to seize '1' resource(s) of resource type '[FromList] WorkerSet_Panaderos'.
17,304166666666667;ModelEntity1.78;Server_Amasado;18.OnEnteredInputBuffer;[Seize] SecondaryResources;Object 'ModelEntity1.78' checking availability to seize '1' capacity unit(s) of resource 'Worker_Panadero_1[1]’.
17,304166666666667;ModelEntity1.78;Server_Amasado;18.OnEnteredInputBuffer;[Seize] SecondaryResources;Object 'ModelEntity1.78' unable to seize '1' capacity unit(s) of resource 'Worker_Panadero_1[1]'. Insufficient capacity available.
17,304166666666667;ModelEntity1.78;Server_Amasado;18.OnEnteredInputBuffer;[Seize] SecondaryResources;Object 'ModelEntity1.78' checking availability to seize '1' capacity unit(s) of resource 'Worker_Panadero_2[1]’.
17,304166666666667;ModelEntity1.78;Server_Amasado;18.OnEnteredInputBuffer;[Seize] SecondaryResources;Object 'ModelEntity1.78' unable to seize '1' capacity unit(s) of resource 'Worker_Panadero_2[1]'. Insufficient capacity available.
17,304166666666667;ModelEntity1.78;Server_Amasado;18.OnEnteredInputBuffer;[Seize] SecondaryResources;Object 'ModelEntity1.78' checking availability to seize '1' capacity unit(s) of resource 'Worker_Panadero_3[1]’.
17,304166666666667;ModelEntity1.78;Server_Amasado;18.OnEnteredInputBuffer;[Seize] SecondaryResources;Object 'ModelEntity1.78' found ‘1’ currently available capacity unit(s) of resource 'Worker_Panadero_3[1]’.
17,304166666666667;ModelEntity1.78;Server_Amasado;18.OnEnteredInputBuffer;[Seize] SecondaryResources;Object 'ModelEntity1.78' found '1' currently available resource(s) of resource type '[FromList] WorkerSet_Panaderos'.
17,304166666666667;--;--;--;--;Resource 'Worker_Panadero_3[1]' selecting object 'ModelEntity1.78' waiting at rank position '1' in allocation queue which contains '1' item(s).
17,304166666666667;ModelEntity1.78;Server_Amasado;18.OnEnteredInputBuffer;[Seize] SecondaryResources;Object 'ModelEntity1.78' seized '1' capacity unit(s) of resource 'Worker_Panadero_3[1]'.
17,304166666666667;--;--;--;--;Changing from AutoState 'Starved' to 'Busy' on resource 'Worker_Panadero_3[1]'.
17,304166666666667;--;--;--;--;Assigning state variable 'Worker_Panadero_3[1].ResourceState' the value '1'. Previous value was '0'.
17,304166666666667;ModelEntity1.78;Worker_Panadero_3[1];20.OnCapacityAllocated;[Begin];Process 'Worker_Panadero_3[1].OnCapacityAllocated' execution started.
17,304166666666667;ModelEntity1.78;Worker_Panadero_3[1];20.OnCapacityAllocated;[Assign] ResourceState;Assigning state variable 'Worker_Panadero_3[1].ResourceState' the value '1'. Previous value was '1'.
17,304166666666667;ModelEntity1.78;Worker_Panadero_3[1];20.OnCapacityAllocated;[Assign] OnCapacityAllocatedAssignments;Assigning state variable 'Worker_Panadero_3[1].OnEvaluatingRiderReservation.Enabled' the value '0'. Previous value was '1'.
17,304166666666667;ModelEntity1.78;Worker_Panadero_3[1];20.OnCapacityAllocated;[Assign] OnCapacityAllocatedAssignments;Assigning state variable 'Worker_Panadero_3[1].OnEvaluatingRiderReservation.ReturnValue' the value '0'. Previous value was '1'.
17,304166666666667;ModelEntity1.78;Worker_Panadero_3[1];20.OnCapacityAllocated;[Assign] OnCapacityAllocatedAssignments;Assigning state variable 'Worker_Panadero_3[1].OnEvaluatingSeizeRequest.Enabled' the value '0'. Previous value was '1'.
17,304166666666667;ModelEntity1.78;Worker_Panadero_3[1];20.OnCapacityAllocated;[Assign] OnCapacityAllocatedAssignments;Assigning state variable 'Worker_Panadero_3[1].OnEvaluatingSeizeRequest.ReturnValue' the value '0'. Previous value was '1'.
17,304166666666667;ModelEntity1.78;Worker_Panadero_3[1];20.OnCapacityAllocated;[Assign] OnCapacityAllocatedAssignments;Assigning state variable 'Worker_Panadero_3[1].OnEvaluatingRiderAtPickup.Enabled' the value '0'. Previous value was '1'.
17,304166666666667;ModelEntity1.78;Worker_Panadero_3[1];20.OnCapacityAllocated;[Assign] OnCapacityAllocatedAssignments;Assigning state variable 'Worker_Panadero_3[1].OnEvaluatingRiderAtPickup.ReturnValue' the value '0'. Previous value was '1'.
17,304166666666667;ModelEntity1.78;Worker_Panadero_3[1];20.OnCapacityAllocated;[Fire] AllocatedEvent;Firing event 'Worker_Panadero_3[1].Allocated'.
17,304166666666667;ModelEntity1.78;Worker_Panadero_3[1];20.OnCapacityAllocated;[End];Process 'Worker_Panadero_3[1].OnCapacityAllocated' execution ended.
17,304166666666667;ModelEntity1.78;Server_Amasado;18.OnEnteredInputBuffer;[Seize] SecondaryResources;Resource 'Worker_Panadero_3[1]' accepting request from object 'ModelEntity1.78' to move to destination node 'Node_Est_Amasado'.
17,304166666666667;ModelEntity1.78;Worker_Panadero_3[1];20.OnMoveRequestAccepted;[Begin];Process 'Worker_Panadero_3[1].OnMoveRequestAccepted' execution started.
17,304166666666667;ModelEntity1.78;Worker_Panadero_3[1];20.OnMoveRequestAccepted;[SelectVisit] ToAcceptedDestination;Entity 'Worker_Panadero_3[1]' searching its visit request queue containing '1' item(s).
17,304166666666667;ModelEntity1.78;Worker_Panadero_3[1];20.OnMoveRequestAccepted;[SelectVisit] ToAcceptedDestination;Assigning entity 'Worker_Panadero_3[1]' destination node the value 'Node_Est_Amasado'.
17,304166666666667;ModelEntity1.78;Worker_Panadero_3[1];20.OnMoveRequestAccepted;[Decide] IfInFreeSpace;Token branching on condition '(CurrentNode==Nothing)&&(CurrentLink==Nothing)&&(CurrentStation==Nothing)'.
17,304166666666667;ModelEntity1.78;Worker_Panadero_3[1];20.OnMoveRequestAccepted;[Decide] IfInFreeSpace;Token sent to 'False' exit.
17,304166666666667;ModelEntity1.78;Worker_Panadero_3[1];20.OnMoveRequestAccepted;[Decide] IfUnpark;Token branching on condition 'IsParked && (OnVisitingNode.TokensInProcess==0)'.
17,304166666666667;ModelEntity1.78;Worker_Panadero_3[1];20.OnMoveRequestAccepted;[Decide] IfUnpark;Token sent to 'True' exit.
17,304166666666667;ModelEntity1.78;Worker_Panadero_3[1];20.OnMoveRequestAccepted;[UnPark] Worker;Entity 'Worker_Panadero_3[1]' transferring from '[Station] Node_Silla_Panadero_3.ParkingStation' into node 'Node_Silla_Panadero_3'.
17,304166666666667;Worker_Panadero_3[1];Node_Silla_Panadero_3;3.OnEntered;[Begin];Process 'Node_Silla_Panadero_3.OnEntered' execution started.
17,304166666666667;Worker_Panadero_3[1];Node_Silla_Panadero_3;3.OnEntered;[Fire] EnteredEvent;Firing event 'Node_Silla_Panadero_3.Entered'.
17,304166666666667;Worker_Panadero_3[1];Node_Silla_Panadero_3;3.OnEntered;[VisitNode] Entity;Executing process 'Worker_Panadero_3[1].OnVisitingNode'.
17,304166666666667;Worker_Panadero_3[1];Worker_Panadero_3[1];7.OnVisitingNode;[Begin];Process 'Worker_Panadero_3[1].OnVisitingNode' execution started.
17,304166666666667;Worker_Panadero_3[1];Worker_Panadero_3[1];7.OnVisitingNode;[Decide] IfNotVisitingNode;Token branching on condition 'Math.If(IgnoreVisitingCurrentNode, True, ResourceState==List.ResourceStateName.Idle, False, ResourceState==List.ResourceStateName.OffShift, ((OffShiftAction==List.WorkerOffShiftAction.GoToHome)||(OffShiftAction==List.WorkerOffShiftAction.ParkAtHome))&&(HomeNode!=Nothing)&&(DestinationNode==HomeNode)&&(CurrentNode!=HomeNode),(DestinationNode!=Nothing)&&(CurrentNode!=DestinationNode), True, False)'.
17,304166666666667;Worker_Panadero_3[1];Worker_Panadero_3[1];7.OnVisitingNode;[Decide] IfNotVisitingNode;Token sent to 'True' exit.
17,304166666666667;Worker_Panadero_3[1];Worker_Panadero_3[1];7.OnVisitingNode;[Decide] IfParked;Token branching on condition 'IsParked'.
17,304166666666667;Worker_Panadero_3[1];Worker_Panadero_3[1];7.OnVisitingNode;[Decide] IfParked;Token sent to 'False' exit.
17,304166666666667;Worker_Panadero_3[1];Worker_Panadero_3[1];7.OnVisitingNode;[Assign] IgnoreVisitingCurrentNodeFlag;Assigning state variable 'Worker_Panadero_3[1].IgnoreVisitingCurrentNode' the value '0'. Previous value was '0'.
17,304166666666667;Worker_Panadero_3[1];Worker_Panadero_3[1];7.OnVisitingNode;[End];Process 'Worker_Panadero_3[1].OnVisitingNode' execution ended.
17,304166666666667;Worker_Panadero_3[1];Node_Silla_Panadero_3;3.OnEntered;[Transfer] ToOutboundLink;Entity 'Worker_Panadero_3[1]' transferring from '[Node] Node_Silla_Panadero_3' onto link 'Path7'.
17,304166666666667;Worker_Panadero_3[1];Path7;7.OnEntered;[Begin];Process 'Path7.OnEntered' execution started.
17,304166666666667;Worker_Panadero_3[1];Path7;7.OnEntered;[Assign] EntityMovementRate;Assigning state variable 'Worker_Panadero_3[1].Movement.Rate' the value '4320' Meters per Hour. Previous value was '7200' Meters per Hour.
17,304166666666667;Worker_Panadero_3[1];Path7;7.OnEntered;[EndTransfer] OntoPath;Entity 'Worker_Panadero_3[1]' ending transfer onto link 'Path7'.
17,304166666666667;Worker_Panadero_3[1];Path7;7.OnEntered;[End];Process 'Path7.OnEntered' execution ended.
17,304166666666667;ModelEntity1.78;Server_Amasado;18.OnEnteredInputBuffer;[Seize] SecondaryResources;Object 'ModelEntity1.78' completed seize of '1' resource(s) of resource type '[FromList] WorkerSet_Panaderos'.
17,304166666666667;ModelEntity1.78;Worker_Panadero_3[1];20.OnMoveRequestAccepted;[End];Process 'Worker_Panadero_3[1].OnMoveRequestAccepted' execution ended.
17,304166666666667;Worker_Panadero_3[1];Node_Silla_Panadero_3;3.OnEntered;[End];Process 'Node_Silla_Panadero_3.OnEntered' execution ended.
17,312580226814198;Worker_Panadero_3[1];Node_Silla_Panadero_3;3.OnExited;[Begin];Process 'Node_Silla_Panadero_3.OnExited' execution started.
17,312580226814198;Worker_Panadero_3[1];Node_Silla_Panadero_3;3.OnExited;[Fire] ExitedEvent;Firing event 'Node_Silla_Panadero_3.Exited'.
17,312580226814198;Worker_Panadero_3[1];Node_Silla_Panadero_3;3.OnExited;[End];Process 'Node_Silla_Panadero_3.OnExited' execution ended.
17,383055555555558;Worker_Panadero_3[1];Path7;3.OnReachedEnd;[Begin];Process 'Path7.OnReachedEnd' execution started.
17,383055555555558;Worker_Panadero_3[1];Path7;3.OnReachedEnd;[Transfer] FromPath;Entity 'Worker_Panadero_3[1]' transferring from '[EndOfLink] Path7' into node 'NodoUnion'.
17,383055555555558;Worker_Panadero_3[1];NodoUnion;20.OnEntered;[Begin];Process 'NodoUnion.OnEntered' execution started.
17,383055555555558;Worker_Panadero_3[1];NodoUnion;20.OnEntered;[Fire] EnteredEvent;Firing event 'NodoUnion.Entered'.
17,383055555555558;Worker_Panadero_3[1];NodoUnion;20.OnEntered;[VisitNode] Entity;Executing process 'Worker_Panadero_3[1].OnVisitingNode'.
17,383055555555558;Worker_Panadero_3[1];Worker_Panadero_3[1];7.OnVisitingNode;[Begin];Process 'Worker_Panadero_3[1].OnVisitingNode' execution started.
17,383055555555558;Worker_Panadero_3[1];Worker_Panadero_3[1];7.OnVisitingNode;[Decide] IfNotVisitingNode;Token branching on condition 'Math.If(IgnoreVisitingCurrentNode, True, ResourceState==List.ResourceStateName.Idle, False, ResourceState==List.ResourceStateName.OffShift, ((OffShiftAction==List.WorkerOffShiftAction.GoToHome)||(OffShiftAction==List.WorkerOffShiftAction.ParkAtHome))&&(HomeNode!=Nothing)&&(DestinationNode==HomeNode)&&(CurrentNode!=HomeNode),(DestinationNode!=Nothing)&&(CurrentNode!=DestinationNode), True, False)'.
17,383055555555558;Worker_Panadero_3[1];Worker_Panadero_3[1];7.OnVisitingNode;[Decide] IfNotVisitingNode;Token sent to 'True' exit.
17,383055555555558;Worker_Panadero_3[1];Worker_Panadero_3[1];7.OnVisitingNode;[Decide] IfParked;Token branching on condition 'IsParked'.
17,383055555555558;Worker_Panadero_3[1];Worker_Panadero_3[1];7.OnVisitingNode;[Decide] IfParked;Token sent to 'False' exit.
17,383055555555558;Worker_Panadero_3[1];Worker_Panadero_3[1];7.OnVisitingNode;[Assign] IgnoreVisitingCurrentNodeFlag;Assigning state variable 'Worker_Panadero_3[1].IgnoreVisitingCurrentNode' the value '0'. Previous value was '0'.
17,383055555555558;Worker_Panadero_3[1];Worker_Panadero_3[1];7.OnVisitingNode;[End];Process 'Worker_Panadero_3[1].OnVisitingNode' execution ended.
17,383055555555558;Worker_Panadero_3[1];NodoUnion;20.OnEntered;[Transfer] ToOutboundLink;Entity 'Worker_Panadero_3[1]' transferring from '[Node] NodoUnion' onto link 'Path5'.
17,383055555555558;Worker_Panadero_3[1];Path5;7.OnEntered;[Begin];Process 'Path5.OnEntered' execution started.
17,383055555555558;Worker_Panadero_3[1];Path5;7.OnEntered;[Assign] EntityMovementRate;Assigning state variable 'Worker_Panadero_3[1].Movement.Rate' the value '4320' Meters per Hour. Previous value was '7200' Meters per Hour.
17,383055555555558;Worker_Panadero_3[1];Path5;7.OnEntered;[EndTransfer] OntoPath;Entity 'Worker_Panadero_3[1]' ending transfer onto link 'Path5'.
17,383055555555558;Worker_Panadero_3[1];Path5;7.OnEntered;[End];Process 'Path5.OnEntered' execution ended.
17,383055555555558;Worker_Panadero_3[1];Path7;3.OnReachedEnd;[End];Process 'Path7.OnReachedEnd' execution ended.
17,383055555555558;Worker_Panadero_3[1];NodoUnion;20.OnEntered;[End];Process 'NodoUnion.OnEntered' execution ended.
17,391469115703085;Worker_Panadero_3[1];NodoUnion;20.OnExited;[Begin];Process 'NodoUnion.OnExited' execution started.
17,391469115703085;Worker_Panadero_3[1];NodoUnion;20.OnExited;[Fire] ExitedEvent;Firing event 'NodoUnion.Exited'.
17,391469115703085;Worker_Panadero_3[1];NodoUnion;20.OnExited;[End];Process 'NodoUnion.OnExited' execution ended.
17,408749999999998;Worker_Panadero_3[1];Path5;20.OnReachedEnd;[Begin];Process 'Path5.OnReachedEnd' execution started.
17,408749999999998;Worker_Panadero_3[1];Path5;20.OnReachedEnd;[Transfer] FromPath;Entity 'Worker_Panadero_3[1]' transferring from '[EndOfLink] Path5' into node 'Node_Est_Amasado'.
17,408749999999998;Worker_Panadero_3[1];Node_Est_Amasado;3.OnEntered;[Begin];Process 'Node_Est_Amasado.OnEntered' execution started.
17,408749999999998;Worker_Panadero_3[1];Node_Est_Amasado;3.OnEntered;[Fire] EnteredEvent;Firing event 'Node_Est_Amasado.Entered'.
17,408749999999998;Worker_Panadero_3[1];Node_Est_Amasado;3.OnEntered;[VisitNode] Entity;Executing process 'Worker_Panadero_3[1].OnVisitingNode'.
17,408749999999998;Worker_Panadero_3[1];Worker_Panadero_3[1];7.OnVisitingNode;[Begin];Process 'Worker_Panadero_3[1].OnVisitingNode' execution started.
17,408749999999998;Worker_Panadero_3[1];Worker_Panadero_3[1];7.OnVisitingNode;[Decide] IfNotVisitingNode;Token branching on condition 'Math.If(IgnoreVisitingCurrentNode, True, ResourceState==List.ResourceStateName.Idle, False, ResourceState==List.ResourceStateName.OffShift, ((OffShiftAction==List.WorkerOffShiftAction.GoToHome)||(OffShiftAction==List.WorkerOffShiftAction.ParkAtHome))&&(HomeNode!=Nothing)&&(DestinationNode==HomeNode)&&(CurrentNode!=HomeNode),(DestinationNode!=Nothing)&&(CurrentNode!=DestinationNode), True, False)'.
17,408749999999998;Worker_Panadero_3[1];Worker_Panadero_3[1];7.OnVisitingNode;[Decide] IfNotVisitingNode;Token sent to 'False' exit.
17,408749999999998;Worker_Panadero_3[1];Worker_Panadero_3[1];7.OnVisitingNode;[Decide] IfBusy;Token branching on condition '(ResourceState==List.ResourceStateName.Busy)||(ResourceState==List.ResourceStateName.OffShiftBusy)'.
17,408749999999998;Worker_Panadero_3[1];Worker_Panadero_3[1];7.OnVisitingNode;[Decide] IfBusy;Token sent to 'True' exit.
17,408749999999998;ModelEntity1.78;Server_Amasado;18.OnEnteredInputBuffer;[Seize] SecondaryResources;Resource 'Worker_Panadero_3[1]' completed request from object 'ModelEntity1.78' to move to destination node 'Node_Est_Amasado'.
17,408749999999998;Worker_Panadero_3[1];Worker_Panadero_3[1];7.OnVisitingNode;[SelectVisit] ToAcceptedDestination;Entity 'Worker_Panadero_3[1]' searching its visit request queue containing '0' item(s).
17,408749999999998;Worker_Panadero_3[1];Worker_Panadero_3[1];7.OnVisitingNode;[SelectVisit] ToAcceptedDestination;Entity 'Worker_Panadero_3[1]' failed to select an eligible visit destination. 
17,408749999999998;Worker_Panadero_3[1];Worker_Panadero_3[1];7.OnVisitingNode;[Wait] UntilRemainInPlaceEnded;Token waiting at Wait step for event 'Worker_Panadero_3[1].RemainInPlaceEnded'.
17,408749999999998;Worker_Panadero_3[1];Worker_Panadero_3[1];7.OnVisitingNode;[Wait] UntilRemainInPlaceEnded;Token waiting at Wait step for any one of '1' specified event(s) to occur.
17,408749999999998;Worker_Panadero_3[1];Node_Est_Amasado;3.OnEntered;[VisitNode] Entity;Token waiting at VisitNode step for '1' other processes to complete.
17,408749999999998;--;--;--;--;Changing from AutoState 'Busy' to 'Blocked' on resource 'Server_Amasado'.
17,408749999999998;--;--;--;--;Assigning state variable 'Server_Amasado.ResourceState' the value '2'. Previous value was '1'.
17,408749999999998;ModelEntity1.78;Server_Amasado;18.OnEnteredInputBuffer;[Transfer] ToProcessing;Entity 'ModelEntity1.78' transferring from '[Station] Server_Amasado.InputBuffer' into station 'Server_Amasado.Processing'.
17,408749999999998;--;--;--;--;Changing from AutoState 'Blocked' to 'Busy' on resource 'Server_Amasado'.
17,408749999999998;--;--;--;--;Assigning state variable 'Server_Amasado.ResourceState' the value '1'. Previous value was '2'.
17,408749999999998;ModelEntity1.78;Server_Amasado;19.OnEnteredProcessing;[Begin];Process 'Server_Amasado.OnEnteredProcessing' execution started.
17,408749999999998;ModelEntity1.78;Server_Amasado;19.OnEnteredProcessing;[EndTransfer] IntoProcessing;Entity 'ModelEntity1.78' ending transfer into station 'Server_Amasado.Processing'.
17,408749999999998;ModelEntity1.78;Server_Amasado;19.OnEnteredProcessing;[Decide] IfProcessTypeSpecificTime;Token branching on condition 'ProcessType==Enum.TaskProcessType.SpecificTime'.
17,408749999999998;ModelEntity1.78;Server_Amasado;19.OnEnteredProcessing;[Decide] IfProcessTypeSpecificTime;Token sent to 'True' exit.
17,408749999999998;ModelEntity1.78;Server_Amasado;19.OnEnteredProcessing;[Delay] ProcessingTime;Delaying token for '15' Minutes until time '32,40875' Minutes. Delay multiplier was '1'.
17,408749999999998;ModelEntity1.78;Server_Amasado;18.OnEnteredInputBuffer;[End];Process 'Server_Amasado.OnEnteredInputBuffer' execution ended.

