RUT,Nombre cliente,Dirección cliente,Fecha de Pedido,Número de Orden,Monto Pedido,Fecha de despacho Solicitada,Comuna
14.512.240-4,Cliente Nuevo 14512240,"Avenida Matta 5370, Santiago, Chile",2026-12-01,ORD-CL-202612-000001,123929,2026-12-02,Estación Central
17.313.403-1,Cliente 17313403,"Avenida La Florida 7678, Santiago, Chile",2026-12-01,ORD-CL-202612-000002,118942,2026-12-03,Santiago
7.941.056-6,Cliente Nuevo 7941056,"Avenida Kennedy 5315, Santiago, Chile",2026-12-01,ORD-CL-202612-000003,115798,2026-12-04,Independencia
18.305.966-9,Cliente 18305966,"Calle San Antonio 8832, Santiago, Chile",2026-12-01,ORD-CL-202612-000004,240273,2026-12-03,Lo Prado
20.329.309-9,Cliente Nuevo 20329309,"Calle Catedral 6899, Santiago, Chile",2026-12-01,ORD-CL-202612-000005,230875,2026-12-04,Independencia
20.741.726-2,Cliente Nuevo 20741726,"Calle Catedral 9181, Santiago, Chile",2026-12-01,ORD-CL-202612-000006,125517,2026-12-03,Puente Alto
17.709.152-5,Cliente Nuevo 17709152,"Calle Estado 5634, Santiago, Chile",2026-12-01,ORD-CL-202612-000007,154260,2026-12-04,Estación Central
8.336.332-0,Cliente Nuevo 8336332,"Avenida Manuel Montt 685, Santiago, Chile",2026-12-01,ORD-CL-202612-000008,291166,2026-12-04,Recoleta
8.823.811-3,Cliente 8823811,"Avenida Kennedy 7331, Santiago, Chile",2026-12-01,ORD-CL-202612-000009,187109,2026-12-03,Independencia
6.283.572-5,Cliente 6283572,"Avenida Américo Vespucio 2389, Santiago, Chile",2026-12-01,ORD-CL-202612-000010,192370,2026-12-03,Independencia
18.195.149-6,Cliente 18195149,"Avenida Pajaritos 5435, Santiago, Chile",2026-12-01,ORD-CL-202612-000011,140619,2026-12-03,Santiago
11.565.215-0,Cliente Nuevo 11565215,"Avenida Grecia 5499, Santiago, Chile",2026-12-01,ORD-CL-202612-000012,69556,2026-12-04,Providencia
9.933.788-8,Cliente 9933788,"Avenida Manuel Montt 401, Santiago, Chile",2026-12-01,ORD-CL-202612-000013,131893,2026-12-03,Vitacura
10.794.720-1,Cliente Nuevo 10794720,"Calle San Antonio 9747, Santiago, Chile",2026-12-01,ORD-CL-202612-000014,79764,2026-12-04,Puente Alto
9.347.581-0,Cliente Nuevo 9347581,"Calle Morandé 6751, Santiago, Chile",2026-12-01,ORD-CL-202612-000015,229269,2026-12-03,Estación Central
18.460.722-8,Cliente Nuevo 18460722,"Avenida Apoquindo 2937, Santiago, Chile",2026-12-01,ORD-CL-202612-000016,267477,2026-12-06,Peñalolén
14.945.612-5,Cliente Nuevo 14945612,"Avenida Matta 4672, Santiago, Chile",2026-12-01,ORD-CL-202612-000017,84124,2026-12-03,Las Condes
18.484.174-2,Cliente Nuevo 18484174,"Calle Santo Domingo 6604, Santiago, Chile",2026-12-01,ORD-CL-202612-000018,90367,2026-12-04,La Florida
15.682.091-5,Cliente 15682091,"Avenida Tobalaba 3402, Santiago, Chile",2026-12-01,ORD-CL-202612-000019,180085,2026-12-03,Santiago
10.263.868-8,Cliente 10263868,"Avenida Manuel Montt 3031, Santiago, Chile",2026-12-01,ORD-CL-202612-000020,226689,2026-12-03,Santiago
21.785.699-3,Cliente 21785699,"Avenida Apoquindo 4280, Santiago, Chile",2026-12-01,ORD-CL-202612-000021,183858,2026-12-03,Independencia
16.946.891-7,Cliente 16946891,"Avenida Pajaritos 7516, Santiago, Chile",2026-12-01,ORD-CL-202612-000022,124770,2026-12-03,Santiago
15.460.916-7,Cliente 15460916,"Calle Bandera 7800, Santiago, Chile",2026-12-01,ORD-CL-202612-000023,92650,2026-12-04,Puente Alto
5.335.185-2,Cliente Nuevo 5335185,"Avenida Apoquindo 5706, Santiago, Chile",2026-12-01,ORD-CL-202612-000024,58647,2026-12-03,La Florida
22.476.617-7,Cliente Nuevo 22476617,"Calle Teatinos 6266, Santiago, Chile",2026-12-01,ORD-CL-202612-000025,255160,2026-12-03,Providencia
17.573.126-3,Cliente 17573126,"Calle San Antonio 1509, Santiago, Chile",2026-12-01,ORD-CL-202612-000026,174809,2026-12-03,Providencia
7.499.276-7,Cliente 7499276,"Calle Compañía De Jesús 5241, Santiago, Chile",2026-12-01,ORD-CL-202612-000027,137864,2026-12-03,Providencia
12.883.674-1,Cliente Nuevo 12883674,"Avenida Irarrázaval 9906, Santiago, Chile",2026-12-01,ORD-CL-202612-000028,118119,2026-12-05,Independencia
22.149.970-6,Cliente Nuevo 22149970,"Calle Compañía De Jesús 7303, Santiago, Chile",2026-12-01,ORD-CL-202612-000029,161307,2026-12-04,Independencia
20.757.511-0,Cliente 20757511,"Avenida Vicuña Mackenna 154, Santiago, Chile",2026-12-01,ORD-CL-202612-000030,229074,2026-12-04,Recoleta
14.317.726-4,Cliente 14317726,"Avenida La Florida 1002, Santiago, Chile",2026-12-01,ORD-CL-202612-000031,170357,2026-12-03,Peñalolén
8.395.310-4,Cliente Nuevo 8395310,"Gran Avenida José Miguel Carrera 1084, Santiago, Chile",2026-12-01,ORD-CL-202612-000032,124759,2026-12-03,La Florida
15.022.998-1,Cliente 15022998,"Avenida Providencia 1687, Santiago, Chile",2026-12-01,ORD-CL-202612-000033,99454,2026-12-02,La Reina
18.190.145-8,Cliente Nuevo 18190145,"Avenida Matta 7432, Santiago, Chile",2026-12-01,ORD-CL-202612-000034,255441,2026-12-04,Peñalolén
18.489.688-3,Cliente 18489688,"Avenida Kennedy 5660, Santiago, Chile",2026-12-01,ORD-CL-202612-000035,259234,2026-12-04,Estación Central
5.882.244-8,Cliente Nuevo 5882244,"Calle Merced 8895, Santiago, Chile",2026-12-01,ORD-CL-202612-000036,329568,2026-12-04,Quinta Normal
13.872.638-3,Cliente Nuevo 13872638,"Calle Amunátegui 5971, Santiago, Chile",2026-12-01,ORD-CL-202612-000037,51456,2026-12-04,Santiago
15.199.393-7,Cliente Nuevo 15199393,"Avenida Irarrázaval 1804, Santiago, Chile",2026-12-01,ORD-CL-202612-000038,88071,2026-12-04,Santiago
6.495.658-2,Cliente 6495658,"Avenida Tobalaba 9986, Santiago, Chile",2026-12-01,ORD-CL-202612-000039,54521,2026-12-03,Las Condes
20.473.461-3,Cliente Nuevo 20473461,"Avenida Libertador Bernardo O'Higgins 1672, Santiago, Chile",2026-12-01,ORD-CL-202612-000040,61345,2026-12-04,Peñalolén
5.884.281-4,Cliente 5884281,"Avenida Grecia 8422, Santiago, Chile",2026-12-01,ORD-CL-202612-000041,107532,2026-12-04,Peñalolén
7.133.217-9,Cliente Nuevo 7133217,"Avenida Departamental 4795, Santiago, Chile",2026-12-01,ORD-CL-202612-000042,74718,2026-12-02,Quinta Normal
10.469.153-4,Cliente 10469153,"Avenida La Florida 9689, Santiago, Chile",2026-12-01,ORD-CL-202612-000043,101590,2026-12-04,Quinta Normal
14.503.617-7,Cliente 14503617,"Avenida Tobalaba 5892, Santiago, Chile",2026-12-01,ORD-CL-202612-000044,94377,2026-12-03,Quinta Normal
7.498.317-5,Cliente Nuevo 7498317,"Avenida Apoquindo 7097, Santiago, Chile",2026-12-01,ORD-CL-202612-000045,71728,2026-12-03,Vitacura
7.686.773-4,Cliente Nuevo 7686773,"Avenida Manuel Montt 4785, Santiago, Chile",2026-12-01,ORD-CL-202612-000046,58778,2026-12-04,Providencia
14.175.945-6,Cliente Nuevo 14175945,"Avenida Pajaritos 3788, Santiago, Chile",2026-12-01,ORD-CL-202612-000047,180072,2026-12-04,La Reina
7.062.851-9,Cliente Nuevo 7062851,"Avenida Las Condes 2824, Santiago, Chile",2026-12-01,ORD-CL-202612-000048,76722,2026-12-04,Independencia
11.110.125-3,Cliente Nuevo 11110125,"Avenida Grecia 7712, Santiago, Chile",2026-12-01,ORD-CL-202612-000049,112421,2026-12-03,Recoleta
12.334.420-8,Cliente Nuevo 12334420,"Calle Teatinos 7022, Santiago, Chile",2026-12-01,ORD-CL-202612-000050,163034,2026-12-05,Providencia
16.445.432-1,Cliente Nuevo 16445432,"Avenida Santa Rosa 8652, Santiago, Chile",2026-12-01,ORD-CL-202612-000051,331791,2026-12-05,Peñalolén
14.976.779-6,Cliente 14976779,"Avenida Irarrázaval 8302, Santiago, Chile",2026-12-01,ORD-CL-202612-000052,82669,2026-12-03,Santiago
17.777.808-6,Cliente 17777808,"Avenida Libertador Bernardo O'Higgins 5746, Santiago, Chile",2026-12-01,ORD-CL-202612-000053,152527,2026-12-04,Santiago
21.577.718-1,Cliente Nuevo 21577718,"Gran Avenida José Miguel Carrera 1092, Santiago, Chile",2026-12-01,ORD-CL-202612-000054,315308,2026-12-05,La Florida
20.317.971-7,Cliente Nuevo 20317971,"Avenida Mapocho 6648, Santiago, Chile",2026-12-01,ORD-CL-202612-000055,283566,2026-12-03,Santiago
17.709.152-5,Cliente Nuevo 17709152,"Calle Estado 5634, Santiago, Chile",2026-12-01,ORD-CL-202612-000056,153719,2026-12-04,Estación Central
19.942.029-2,Cliente 19942029,"Calle Bandera 7833, Santiago, Chile",2026-12-01,ORD-CL-202612-000057,193622,2026-12-04,Santiago
11.129.072-4,Cliente 11129072,"Avenida Departamental 6137, Santiago, Chile",2026-12-01,ORD-CL-202612-000058,192878,2026-12-04,Recoleta
9.032.352-7,Cliente 9032352,"Calle Compañía De Jesús 1673, Santiago, Chile",2026-12-01,ORD-CL-202612-000059,52565,2026-12-05,La Florida
19.994.164-4,Cliente 19994164,"Avenida Macul 7795, Santiago, Chile",2026-12-01,ORD-CL-202612-000060,145322,2026-12-03,Santiago
18.051.800-7,Cliente Nuevo 18051800,"Avenida Manuel Montt 5734, Santiago, Chile",2026-12-01,ORD-CL-202612-000061,91564,2026-12-03,Independencia
7.640.094-3,Cliente Nuevo 7640094,"Calle San Antonio 9379, Santiago, Chile",2026-12-01,ORD-CL-202612-000062,64250,2026-12-03,Lo Prado
9.444.321-7,Cliente Nuevo 9444321,"Avenida Mapocho 5244, Santiago, Chile",2026-12-01,ORD-CL-202612-000063,99852,2026-12-04,Vitacura
10.825.499-3,Cliente Nuevo 10825499,"Calle Teatinos 1289, Santiago, Chile",2026-12-01,ORD-CL-202612-000064,132830,2026-12-02,Independencia
12.508.817-7,Cliente 12508817,"Avenida Grecia 5637, Santiago, Chile",2026-12-01,ORD-CL-202612-000065,81286,2026-12-04,Recoleta
9.682.276-0,Cliente 9682276,"Calle Teatinos 5180, Santiago, Chile",2026-12-01,ORD-CL-202612-000066,206162,2026-12-03,Vitacura
12.592.663-1,Cliente Nuevo 12592663,"Avenida Santa Rosa 1012, Santiago, Chile",2026-12-01,ORD-CL-202612-000067,126717,2026-12-04,Puente Alto
16.822.988-5,Cliente 16822988,"Calle Teatinos 1540, Santiago, Chile",2026-12-01,ORD-CL-202612-000068,78589,2026-12-04,Providencia
14.331.931-2,Cliente Nuevo 14331931,"Avenida Pedro De Valdivia 8517, Santiago, Chile",2026-12-01,ORD-CL-202612-000069,134426,2026-12-03,Lo Prado
16.548.853-1,Cliente 16548853,"Avenida Américo Vespucio 6473, Santiago, Chile",2026-12-01,ORD-CL-202612-000070,184828,2026-12-05,Santiago
21.219.636-4,Cliente 21219636,"Avenida Pajaritos 3626, Santiago, Chile",2026-12-01,ORD-CL-202612-000071,88539,2026-12-03,Estación Central
16.508.612-7,Cliente Nuevo 16508612,"Avenida Vitacura 8184, Santiago, Chile",2026-12-01,ORD-CL-202612-000072,175782,2026-12-05,Recoleta
14.172.902-8,Cliente Nuevo 14172902,"Calle Arturo Prat 4790, Santiago, Chile",2026-12-01,ORD-CL-202612-000073,173787,2026-12-05,La Florida
7.133.217-9,Cliente Nuevo 7133217,"Avenida Departamental 4795, Santiago, Chile",2026-12-01,ORD-CL-202612-000074,108644,2026-12-04,Quinta Normal
6.639.530-6,Cliente 6639530,"Avenida Grecia 3963, Santiago, Chile",2026-12-01,ORD-CL-202612-000075,148912,2026-12-05,Las Condes
21.188.403-1,Cliente 21188403,"Calle Merced 1295, Santiago, Chile",2026-12-01,ORD-CL-202612-000076,186428,2026-12-04,Recoleta
22.716.997-1,Cliente 22716997,"Calle Compañía De Jesús 386, Santiago, Chile",2026-12-01,ORD-CL-202612-000077,104512,2026-12-05,Peñalolén
17.126.096-0,Cliente Nuevo 17126096,"Calle Santo Domingo 1055, Santiago, Chile",2026-12-01,ORD-CL-202612-000078,305291,2026-12-05,Providencia
11.292.260-5,Cliente 11292260,"Avenida Irarrázaval 6780, Santiago, Chile",2026-12-01,ORD-CL-202612-000079,48218,2026-12-03,Santiago
9.212.917-4,Cliente 9212917,"Gran Avenida José Miguel Carrera 9844, Santiago, Chile",2026-12-01,ORD-CL-202612-000080,203429,2026-12-05,Quinta Normal
5.207.312-2,Cliente Nuevo 5207312,"Calle San Diego 2452, Santiago, Chile",2026-12-01,ORD-CL-202612-000081,172749,2026-12-04,Estación Central
19.856.952-4,Cliente 19856952,"Avenida Departamental 2287, Santiago, Chile",2026-12-01,ORD-CL-202612-000082,168422,2026-12-03,La Florida
10.469.153-4,Cliente 10469153,"Avenida La Florida 9689, Santiago, Chile",2026-12-01,ORD-CL-202612-000083,150920,2026-12-04,Quinta Normal
20.325.827-9,Cliente 20325827,"Avenida Santa Rosa 7174, Santiago, Chile",2026-12-01,ORD-CL-202612-000084,148638,2026-12-04,Providencia
15.236.104-9,Cliente 15236104,"Calle Teatinos 975, Santiago, Chile",2026-12-01,ORD-CL-202612-000085,299317,2026-12-03,San Miguel
7.383.509-4,Cliente Nuevo 7383509,"Avenida Matta 4411, Santiago, Chile",2026-12-01,ORD-CL-202612-000086,188471,2026-12-04,Las Condes
17.107.764-6,Cliente 17107764,"Avenida Pajaritos 5796, Santiago, Chile",2026-12-01,ORD-CL-202612-000087,325781,2026-12-03,Independencia
7.924.963-1,Cliente Nuevo 7924963,"Calle Monjitas 7974, Santiago, Chile",2026-12-01,ORD-CL-202612-000088,77450,2026-12-03,Recoleta
17.206.882-4,Cliente 17206882,"Calle San Diego 6019, Santiago, Chile",2026-12-01,ORD-CL-202612-000089,200092,2026-12-03,Santiago
7.599.270-9,Cliente 7599270,"Avenida La Florida 7983, Santiago, Chile",2026-12-01,ORD-CL-202612-000090,137219,2026-12-04,Santiago
7.910.497-1,Cliente Nuevo 7910497,"Avenida Independencia 4637, Santiago, Chile",2026-12-01,ORD-CL-202612-000091,200870,2026-12-03,Providencia
16.205.995-6,Cliente 16205995,"Avenida Providencia 4727, Santiago, Chile",2026-12-01,ORD-CL-202612-000092,288295,2026-12-03,La Florida
13.453.886-9,Cliente 13453886,"Calle Catedral 2615, Santiago, Chile",2026-12-01,ORD-CL-202612-000093,127911,2026-12-03,Providencia
8.447.364-0,Cliente 8447364,"Avenida Irarrázaval 640, Santiago, Chile",2026-12-01,ORD-CL-202612-000094,94985,2026-12-03,Lo Prado
14.005.353-7,Cliente 14005353,"Calle Morandé 3761, Santiago, Chile",2026-12-01,ORD-CL-202612-000095,239928,2026-12-03,Quinta Normal
5.260.189-5,Cliente Nuevo 5260189,"Calle Arturo Prat 4852, Santiago, Chile",2026-12-01,ORD-CL-202612-000096,212161,2026-12-03,Independencia
11.044.319-2,Cliente Nuevo 11044319,"Calle Bandera 7702, Santiago, Chile",2026-12-01,ORD-CL-202612-000097,239385,2026-12-04,Santiago
14.918.958-0,Cliente Nuevo 14918958,"Avenida Apoquindo 3829, Santiago, Chile",2026-12-01,ORD-CL-202612-000098,276504,2026-12-05,La Florida
20.827.561-3,Cliente 20827561,"Avenida Macul 2508, Santiago, Chile",2026-12-01,ORD-CL-202612-000099,206032,2026-12-05,La Reina
21.692.042-6,Cliente 21692042,"Avenida Las Condes 1523, Santiago, Chile",2026-12-01,ORD-CL-202612-000100,311310,2026-12-02,Estación Central
16.028.172-6,Cliente 16028172,"Gran Avenida José Miguel Carrera 7987, Santiago, Chile",2026-12-01,ORD-CL-202612-000101,168542,2026-12-06,Santiago
5.875.859-6,Cliente 5875859,"Avenida Manuel Montt 5607, Santiago, Chile",2026-12-01,ORD-CL-202612-000102,137624,2026-12-06,Las Condes
22.242.242-0,Cliente 22242242,"Calle Teatinos 7628, Santiago, Chile",2026-12-01,ORD-CL-202612-000103,244021,2026-12-03,Santiago
19.129.527-8,Cliente Nuevo 19129527,"Calle San Diego 3767, Santiago, Chile",2026-12-01,ORD-CL-202612-000104,72921,2026-12-05,Lo Prado
5.504.653-3,Cliente Nuevo 5504653,"Avenida Las Condes 6424, Santiago, Chile",2026-12-01,ORD-CL-202612-000105,142258,2026-12-02,Recoleta
6.941.496-0,Cliente Nuevo 6941496,"Calle Santo Domingo 7909, Santiago, Chile",2026-12-01,ORD-CL-202612-000106,189597,2026-12-05,Independencia
15.815.165-1,Cliente 15815165,"Calle Santo Domingo 9121, Santiago, Chile",2026-12-01,ORD-CL-202612-000107,126632,2026-12-03,Recoleta
9.272.430-1,Cliente 9272430,"Avenida Kennedy 3695, Santiago, Chile",2026-12-01,ORD-CL-202612-000108,180277,2026-12-03,La Reina
14.004.266-5,Cliente 14004266,"Calle San Diego 9520, Santiago, Chile",2026-12-01,ORD-CL-202612-000109,93564,2026-12-05,La Florida
16.111.501-1,Cliente Nuevo 16111501,"Avenida Mapocho 2352, Santiago, Chile",2026-12-01,ORD-CL-202612-000110,151697,2026-12-04,Recoleta
5.802.113-4,Cliente Nuevo 5802113,"Avenida Las Condes 599, Santiago, Chile",2026-12-01,ORD-CL-202612-000111,260585,2026-12-03,San Miguel
20.827.561-3,Cliente 20827561,"Avenida Macul 2508, Santiago, Chile",2026-12-01,ORD-CL-202612-000112,156946,2026-12-03,La Reina
10.793.214-1,Cliente 10793214,"Calle Huérfanos 7037, Santiago, Chile",2026-12-01,ORD-CL-202612-000113,158040,2026-12-02,Santiago
19.513.768-2,Cliente Nuevo 19513768,"Calle Estado 238, Santiago, Chile",2026-12-01,ORD-CL-202612-000114,110928,2026-12-04,Santiago
19.815.475-2,Cliente Nuevo 19815475,"Calle San Antonio 6514, Santiago, Chile",2026-12-01,ORD-CL-202612-000115,267478,2026-12-03,La Reina
7.380.294-6,Cliente Nuevo 7380294,"Avenida Libertador Bernardo O'Higgins 4192, Santiago, Chile",2026-12-01,ORD-CL-202612-000116,113234,2026-12-03,Providencia
7.656.397-6,Cliente 7656397,"Avenida La Florida 777, Santiago, Chile",2026-12-01,ORD-CL-202612-000117,42545,2026-12-02,Estación Central
6.505.448-5,Cliente 6505448,"Avenida La Florida 3026, Santiago, Chile",2026-12-01,ORD-CL-202612-000118,43659,2026-12-03,Santiago
6.466.103-7,Cliente 6466103,"Calle San Antonio 7911, Santiago, Chile",2026-12-01,ORD-CL-202612-000119,212531,2026-12-03,Santiago
7.396.585-3,Cliente 7396585,"Avenida Departamental 2586, Santiago, Chile",2026-12-01,ORD-CL-202612-000120,143418,2026-12-04,Santiago
10.213.922-7,Cliente Nuevo 10213922,"Calle Bandera 3131, Santiago, Chile",2026-12-01,ORD-CL-202612-000121,172717,2026-12-03,Estación Central
5.149.195-4,Cliente 5149195,"Avenida Santa Rosa 5626, Santiago, Chile",2026-12-01,ORD-CL-202612-000122,156474,2026-12-03,San Miguel
5.257.070-1,Cliente Nuevo 5257070,"Avenida Macul 1756, Santiago, Chile",2026-12-01,ORD-CL-202612-000123,186998,2026-12-05,Santiago
20.453.110-8,Cliente 20453110,"Avenida Américo Vespucio 4961, Santiago, Chile",2026-12-01,ORD-CL-202612-000124,173886,2026-12-04,La Florida
13.728.526-8,Cliente Nuevo 13728526,"Avenida Mapocho 1404, Santiago, Chile",2026-12-01,ORD-CL-202612-000125,203160,2026-12-04,Santiago
22.556.099-9,Cliente Nuevo 22556099,"Avenida Kennedy 6395, Santiago, Chile",2026-12-01,ORD-CL-202612-000126,158204,2026-12-03,Recoleta
18.879.635-6,Cliente 18879635,"Avenida Independencia 8901, Santiago, Chile",2026-12-01,ORD-CL-202612-000127,105275,2026-12-05,Santiago
9.763.970-0,Cliente 9763970,"Calle Bandera 9916, Santiago, Chile",2026-12-01,ORD-CL-202612-000128,103775,2026-12-04,Peñalolén
22.759.622-2,Cliente 22759622,"Avenida Matta 5603, Santiago, Chile",2026-12-01,ORD-CL-202612-000129,118861,2026-12-04,La Reina
9.679.989-7,Cliente Nuevo 9679989,"Calle San Diego 1071, Santiago, Chile",2026-12-01,ORD-CL-202612-000130,239305,2026-12-02,Providencia
17.446.258-8,Cliente 17446258,"Avenida Departamental 6863, Santiago, Chile",2026-12-01,ORD-CL-202612-000131,144727,2026-12-04,Providencia
10.814.207-6,Cliente Nuevo 10814207,"Avenida Santa Rosa 5046, Santiago, Chile",2026-12-01,ORD-CL-202612-000132,199076,2026-12-04,Puente Alto
5.538.773-7,Cliente Nuevo 5538773,"Calle Teatinos 4659, Santiago, Chile",2026-12-01,ORD-CL-202612-000133,46938,2026-12-03,La Florida
16.554.800-3,Cliente 16554800,"Calle Estado 7420, Santiago, Chile",2026-12-01,ORD-CL-202612-000134,98029,2026-12-04,San Miguel
15.301.216-5,Cliente 15301216,"Avenida Vicuña Mackenna 8405, Santiago, Chile",2026-12-01,ORD-CL-202612-000135,219322,2026-12-03,Peñalolén
9.255.041-3,Cliente Nuevo 9255041,"Avenida Mapocho 7888, Santiago, Chile",2026-12-01,ORD-CL-202612-000136,86698,2026-12-04,Lo Prado
11.669.766-7,Cliente Nuevo 11669766,"Avenida Kennedy 5651, Santiago, Chile",2026-12-01,ORD-CL-202612-000137,134635,2026-12-04,Independencia
6.343.287-3,Cliente Nuevo 6343287,"Avenida Grecia 943, Santiago, Chile",2026-12-01,ORD-CL-202612-000138,92973,2026-12-04,Peñalolén
16.229.670-1,Cliente 16229670,"Avenida Pajaritos 9174, Santiago, Chile",2026-12-01,ORD-CL-202612-000139,112448,2026-12-03,La Florida
9.810.834-8,Cliente Nuevo 9810834,"Avenida Apoquindo 8832, Santiago, Chile",2026-12-01,ORD-CL-202612-000140,208315,2026-12-03,Lo Prado
14.016.222-5,Cliente Nuevo 14016222,"Calle San Antonio 2631, Santiago, Chile",2026-12-01,ORD-CL-202612-000141,255487,2026-12-03,La Reina
6.304.052-0,Cliente Nuevo 6304052,"Avenida Vitacura 682, Santiago, Chile",2026-12-01,ORD-CL-202612-000142,216826,2026-12-04,Quinta Normal
14.358.394-1,Cliente 14358394,"Avenida Matta 9543, Santiago, Chile",2026-12-01,ORD-CL-202612-000143,41473,2026-12-03,Estación Central
21.030.198-9,Cliente 21030198,"Avenida Vitacura 713, Santiago, Chile",2026-12-01,ORD-CL-202612-000144,113704,2026-12-03,Quinta Normal
17.328.690-8,Cliente 17328690,"Avenida Departamental 8533, Santiago, Chile",2026-12-01,ORD-CL-202612-000145,178899,2026-12-04,Santiago
13.752.238-8,Cliente 13752238,"Calle Estado 9631, Santiago, Chile",2026-12-01,ORD-CL-202612-000146,142945,2026-12-04,Santiago
22.644.999-4,Cliente Nuevo 22644999,"Calle Catedral 9906, Santiago, Chile",2026-12-01,ORD-CL-202612-000147,129587,2026-12-05,Recoleta
17.547.435-3,Cliente Nuevo 17547435,"Avenida Irarrázaval 2033, Santiago, Chile",2026-12-01,ORD-CL-202612-000148,121313,2026-12-03,Santiago
16.478.394-3,Cliente Nuevo 16478394,"Avenida Las Condes 7366, Santiago, Chile",2026-12-01,ORD-CL-202612-000149,138025,2026-12-05,Providencia
10.411.606-1,Cliente Nuevo 10411606,"Calle Santo Domingo 6777, Santiago, Chile",2026-12-01,ORD-CL-202612-000150,242231,2026-12-03,Vitacura
14.310.620-8,Cliente Nuevo 14310620,"Calle Santo Domingo 5170, Santiago, Chile",2026-12-01,ORD-CL-202612-000151,229807,2026-12-02,Recoleta
5.889.029-3,Cliente 5889029,"Calle Santo Domingo 8242, Santiago, Chile",2026-12-01,ORD-CL-202612-000152,89992,2026-12-04,La Reina
19.928.840-1,Cliente Nuevo 19928840,"Calle San Diego 1862, Santiago, Chile",2026-12-01,ORD-CL-202612-000153,107781,2026-12-05,Peñalolén
19.779.462-2,Cliente 19779462,"Calle Huérfanos 3861, Santiago, Chile",2026-12-01,ORD-CL-202612-000154,207166,2026-12-04,San Miguel
22.116.046-1,Cliente Nuevo 22116046,"Calle Monjitas 4798, Santiago, Chile",2026-12-01,ORD-CL-202612-000155,72069,2026-12-03,Independencia
22.555.917-0,Cliente Nuevo 22555917,"Calle Amunátegui 8910, Santiago, Chile",2026-12-01,ORD-CL-202612-000156,96495,2026-12-04,Peñalolén
20.757.511-0,Cliente 20757511,"Avenida Vicuña Mackenna 154, Santiago, Chile",2026-12-01,ORD-CL-202612-000157,47974,2026-12-02,Recoleta
14.233.701-5,Cliente 14233701,"Avenida Libertador Bernardo O'Higgins 2588, Santiago, Chile",2026-12-01,ORD-CL-202612-000158,126038,2026-12-04,Lo Prado
22.449.774-2,Cliente Nuevo 22449774,"Avenida Pajaritos 6316, Santiago, Chile",2026-12-01,ORD-CL-202612-000159,256738,2026-12-05,Providencia
10.850.565-0,Cliente Nuevo 10850565,"Avenida Providencia 178, Santiago, Chile",2026-12-01,ORD-CL-202612-000160,126552,2026-12-03,Providencia
14.638.662-5,Cliente Nuevo 14638662,"Avenida Libertador Bernardo O'Higgins 9819, Santiago, Chile",2026-12-01,ORD-CL-202612-000161,227725,2026-12-04,Santiago
12.221.010-7,Cliente Nuevo 12221010,"Avenida Matta 5052, Santiago, Chile",2026-12-01,ORD-CL-202612-000162,112099,2026-12-05,Puente Alto
21.546.217-3,Cliente Nuevo 21546217,"Avenida Pedro De Valdivia 8264, Santiago, Chile",2026-12-01,ORD-CL-202612-000163,153079,2026-12-03,Puente Alto
13.594.672-8,Cliente Nuevo 13594672,"Avenida Macul 2271, Santiago, Chile",2026-12-01,ORD-CL-202612-000164,297993,2026-12-04,Peñalolén
20.328.731-5,Cliente Nuevo 20328731,"Avenida Pajaritos 9996, Santiago, Chile",2026-12-01,ORD-CL-202612-000165,221136,2026-12-04,Las Condes
9.709.625-6,Cliente Nuevo 9709625,"Calle Arturo Prat 2589, Santiago, Chile",2026-12-01,ORD-CL-202612-000166,247085,2026-12-03,Peñalolén
6.163.666-8,Cliente Nuevo 6163666,"Avenida Tobalaba 8026, Santiago, Chile",2026-12-01,ORD-CL-202612-000167,211246,2026-12-02,Santiago
8.059.148-2,Cliente 8059148,"Gran Avenida José Miguel Carrera 9890, Santiago, Chile",2026-12-01,ORD-CL-202612-000168,155223,2026-12-04,Santiago
15.815.165-1,Cliente 15815165,"Calle Santo Domingo 9121, Santiago, Chile",2026-12-01,ORD-CL-202612-000169,222871,2026-12-03,Recoleta
13.725.651-2,Cliente 13725651,"Calle San Antonio 2929, Santiago, Chile",2026-12-01,ORD-CL-202612-000170,192555,2026-12-03,Santiago
17.328.690-8,Cliente 17328690,"Avenida Departamental 8533, Santiago, Chile",2026-12-01,ORD-CL-202612-000171,88690,2026-12-04,Santiago
21.961.796-1,Cliente Nuevo 21961796,"Avenida Tobalaba 7018, Santiago, Chile",2026-12-01,ORD-CL-202612-000172,160962,2026-12-04,Peñalolén
9.312.265-5,Cliente Nuevo 9312265,"Calle Morandé 3445, Santiago, Chile",2026-12-01,ORD-CL-202612-000173,73164,2026-12-04,Recoleta
8.827.735-9,Cliente Nuevo 8827735,"Avenida Pajaritos 4700, Santiago, Chile",2026-12-01,ORD-CL-202612-000174,206890,2026-12-02,Santiago
13.905.591-0,Cliente Nuevo 13905591,"Avenida Irarrázaval 7578, Santiago, Chile",2026-12-01,ORD-CL-202612-000175,110439,2026-12-06,Providencia
6.031.151-7,Cliente 6031151,"Avenida Independencia 1274, Santiago, Chile",2026-12-01,ORD-CL-202612-000176,132609,2026-12-04,Puente Alto
19.337.908-6,Cliente 19337908,"Avenida La Florida 2133, Santiago, Chile",2026-12-01,ORD-CL-202612-000177,144689,2026-12-03,Santiago
6.756.635-4,Cliente Nuevo 6756635,"Calle Bandera 9187, Santiago, Chile",2026-12-01,ORD-CL-202612-000178,204090,2026-12-03,Vitacura
12.106.755-7,Cliente 12106755,"Avenida Pedro De Valdivia 4433, Santiago, Chile",2026-12-01,ORD-CL-202612-000179,132092,2026-12-03,Peñalolén
13.555.003-6,Cliente 13555003,"Avenida Grecia 4946, Santiago, Chile",2026-12-01,ORD-CL-202612-000180,178002,2026-12-03,Santiago
6.219.949-0,Cliente 6219949,"Calle Morandé 1976, Santiago, Chile",2026-12-01,ORD-CL-202612-000181,172274,2026-12-04,Puente Alto
19.246.133-9,Cliente Nuevo 19246133,"Avenida Mapocho 4083, Santiago, Chile",2026-12-01,ORD-CL-202612-000182,323619,2026-12-04,La Florida
14.899.995-0,Cliente Nuevo 14899995,"Avenida Vicuña Mackenna 578, Santiago, Chile",2026-12-01,ORD-CL-202612-000183,89405,2026-12-03,Santiago
21.805.102-0,Cliente 21805102,"Calle Arturo Prat 175, Santiago, Chile",2026-12-01,ORD-CL-202612-000184,123558,2026-12-03,Peñalolén
8.339.978-1,Cliente 8339978,"Avenida Macul 791, Santiago, Chile",2026-12-01,ORD-CL-202612-000185,136882,2026-12-04,Santiago
20.328.731-5,Cliente Nuevo 20328731,"Avenida Pajaritos 9996, Santiago, Chile",2026-12-01,ORD-CL-202612-000186,135103,2026-12-05,Las Condes
5.138.738-6,Cliente Nuevo 5138738,"Avenida Independencia 4810, Santiago, Chile",2026-12-01,ORD-CL-202612-000187,156899,2026-12-03,Puente Alto
14.638.662-5,Cliente Nuevo 14638662,"Avenida Libertador Bernardo O'Higgins 9819, Santiago, Chile",2026-12-01,ORD-CL-202612-000188,316038,2026-12-03,Santiago
19.268.872-3,Cliente Nuevo 19268872,"Calle Estado 3858, Santiago, Chile",2026-12-01,ORD-CL-202612-000189,188630,2026-12-05,Peñalolén
14.544.300-5,Cliente Nuevo 14544300,"Calle Morandé 5902, Santiago, Chile",2026-12-01,ORD-CL-202612-000190,170906,2026-12-05,Quinta Normal
18.148.969-2,Cliente 18148969,"Calle San Antonio 448, Santiago, Chile",2026-12-01,ORD-CL-202612-000191,73854,2026-12-06,Vitacura
6.256.899-1,Cliente 6256899,"Calle Teatinos 3427, Santiago, Chile",2026-12-01,ORD-CL-202612-000192,131968,2026-12-06,Lo Prado
14.693.203-4,Cliente Nuevo 14693203,"Calle Huérfanos 996, Santiago, Chile",2026-12-01,ORD-CL-202612-000193,154564,2026-12-05,La Florida
17.602.845-5,Cliente Nuevo 17602845,"Calle Arturo Prat 2535, Santiago, Chile",2026-12-01,ORD-CL-202612-000194,319547,2026-12-02,Lo Prado
16.543.282-2,Cliente 16543282,"Avenida Las Condes 180, Santiago, Chile",2026-12-01,ORD-CL-202612-000195,73082,2026-12-03,Independencia
20.441.515-9,Cliente Nuevo 20441515,"Calle Arturo Prat 1187, Santiago, Chile",2026-12-01,ORD-CL-202612-000196,202595,2026-12-03,Santiago
12.172.627-6,Cliente Nuevo 12172627,"Calle San Diego 9161, Santiago, Chile",2026-12-01,ORD-CL-202612-000197,138778,2026-12-03,Recoleta
13.085.408-7,Cliente Nuevo 13085408,"Avenida Kennedy 7474, Santiago, Chile",2026-12-01,ORD-CL-202612-000198,120827,2026-12-04,Peñalolén
15.306.485-5,Cliente Nuevo 15306485,"Calle Monjitas 3087, Santiago, Chile",2026-12-01,ORD-CL-202612-000199,185394,2026-12-04,Recoleta
7.995.605-2,Cliente Nuevo 7995605,"Avenida La Florida 4780, Santiago, Chile",2026-12-01,ORD-CL-202612-000200,229029,2026-12-04,Santiago
13.044.024-6,Cliente 13044024,"Calle Estado 8180, Santiago, Chile",2026-12-01,ORD-CL-202612-000201,187811,2026-12-05,Las Condes
17.446.258-8,Cliente 17446258,"Avenida Departamental 6863, Santiago, Chile",2026-12-01,ORD-CL-202612-000202,99680,2026-12-05,Providencia
10.061.823-5,Cliente 10061823,"Calle Merced 7933, Santiago, Chile",2026-12-01,ORD-CL-202612-000203,138762,2026-12-05,Estación Central
14.276.332-2,Cliente Nuevo 14276332,"Calle Morandé 7331, Santiago, Chile",2026-12-01,ORD-CL-202612-000204,211877,2026-12-04,Puente Alto
10.884.364-8,Cliente Nuevo 10884364,"Avenida Santa Rosa 5380, Santiago, Chile",2026-12-01,ORD-CL-202612-000205,84205,2026-12-04,La Florida
14.073.763-2,Cliente 14073763,"Calle Monjitas 403, Santiago, Chile",2026-12-01,ORD-CL-202612-000206,168346,2026-12-05,Recoleta
7.099.944-3,Cliente 7099944,"Avenida Pedro De Valdivia 2536, Santiago, Chile",2026-12-01,ORD-CL-202612-000207,85975,2026-12-05,Providencia
10.772.894-6,Cliente 10772894,"Avenida Pajaritos 1016, Santiago, Chile",2026-12-01,ORD-CL-202612-000208,107390,2026-12-03,San Miguel
16.399.358-6,Cliente 16399358,"Avenida Providencia 4275, Santiago, Chile",2026-12-01,ORD-CL-202612-000209,178265,2026-12-03,Las Condes
11.704.104-4,Cliente Nuevo 11704104,"Calle Estado 8684, Santiago, Chile",2026-12-01,ORD-CL-202612-000210,131223,2026-12-03,Vitacura
21.455.475-7,Cliente Nuevo 21455475,"Calle Teatinos 7534, Santiago, Chile",2026-12-02,ORD-CL-202612-000211,211760,2026-12-05,Recoleta
11.853.776-8,Cliente 11853776,"Calle Catedral 3304, Santiago, Chile",2026-12-02,ORD-CL-202612-000212,123297,2026-12-06,Quinta Normal
7.891.477-2,Cliente 7891477,"Avenida Providencia 5573, Santiago, Chile",2026-12-02,ORD-CL-202612-000213,96069,2026-12-05,Providencia
9.245.633-5,Cliente Nuevo 9245633,"Avenida Irarrázaval 8877, Santiago, Chile",2026-12-02,ORD-CL-202612-000214,270079,2026-12-04,Peñalolén
21.542.499-5,Cliente Nuevo 21542499,"Avenida Pajaritos 8543, Santiago, Chile",2026-12-02,ORD-CL-202612-000215,63614,2026-12-05,La Florida
5.295.785-2,Cliente 5295785,"Calle Teatinos 535, Santiago, Chile",2026-12-02,ORD-CL-202612-000216,181499,2026-12-04,La Florida
13.300.529-9,Cliente Nuevo 13300529,"Calle Merced 8147, Santiago, Chile",2026-12-02,ORD-CL-202612-000217,117903,2026-12-05,La Florida
12.725.879-1,Cliente Nuevo 12725879,"Avenida Mapocho 6728, Santiago, Chile",2026-12-02,ORD-CL-202612-000218,156889,2026-12-05,Lo Prado
12.334.763-3,Cliente 12334763,"Avenida Vicuña Mackenna 3407, Santiago, Chile",2026-12-02,ORD-CL-202612-000219,83006,2026-12-05,Santiago
18.703.849-2,Cliente 18703849,"Calle San Antonio 5691, Santiago, Chile",2026-12-02,ORD-CL-202612-000220,88017,2026-12-06,Quinta Normal
6.634.625-8,Cliente Nuevo 6634625,"Calle Monjitas 1046, Santiago, Chile",2026-12-02,ORD-CL-202612-000221,76791,2026-12-06,Santiago
6.438.229-6,Cliente 6438229,"Calle Merced 6576, Santiago, Chile",2026-12-02,ORD-CL-202612-000222,298476,2026-12-03,Puente Alto
7.383.509-4,Cliente Nuevo 7383509,"Avenida Matta 4411, Santiago, Chile",2026-12-02,ORD-CL-202612-000223,222937,2026-12-06,Las Condes
16.111.501-1,Cliente Nuevo 16111501,"Avenida Mapocho 2352, Santiago, Chile",2026-12-02,ORD-CL-202612-000224,275701,2026-12-05,Recoleta
22.904.284-0,Cliente 22904284,"Avenida La Florida 934, Santiago, Chile",2026-12-02,ORD-CL-202612-000225,293059,2026-12-04,Peñalolén
11.169.226-3,Cliente 11169226,"Avenida Mapocho 4335, Santiago, Chile",2026-12-02,ORD-CL-202612-000226,68538,2026-12-05,Las Condes
6.510.437-1,Cliente 6510437,"Calle Bandera 1508, Santiago, Chile",2026-12-02,ORD-CL-202612-000227,198083,2026-12-04,Independencia
22.930.138-1,Cliente Nuevo 22930138,"Calle Huérfanos 4079, Santiago, Chile",2026-12-02,ORD-CL-202612-000228,140018,2026-12-05,Puente Alto
22.290.680-4,Cliente Nuevo 22290680,"Calle Estado 6774, Santiago, Chile",2026-12-02,ORD-CL-202612-000229,81612,2026-12-04,Santiago
15.056.286-5,Cliente 15056286,"Avenida Independencia 6313, Santiago, Chile",2026-12-02,ORD-CL-202612-000230,157814,2026-12-05,Santiago
16.753.214-7,Cliente Nuevo 16753214,"Avenida Apoquindo 1827, Santiago, Chile",2026-12-02,ORD-CL-202612-000231,244663,2026-12-04,Santiago
15.595.095-2,Cliente 15595095,"Avenida Manuel Montt 6241, Santiago, Chile",2026-12-02,ORD-CL-202612-000232,261654,2026-12-04,Quinta Normal
9.689.641-2,Cliente Nuevo 9689641,"Avenida Tobalaba 2551, Santiago, Chile",2026-12-02,ORD-CL-202612-000233,86209,2026-12-06,Independencia
21.719.824-7,Cliente 21719824,"Avenida Vicuña Mackenna 4674, Santiago, Chile",2026-12-02,ORD-CL-202612-000234,101269,2026-12-04,Quinta Normal
5.662.885-2,Cliente 5662885,"Calle Arturo Prat 9631, Santiago, Chile",2026-12-02,ORD-CL-202612-000235,155282,2026-12-05,Las Condes
22.813.500-2,Cliente 22813500,"Avenida Mapocho 9885, Santiago, Chile",2026-12-02,ORD-CL-202612-000236,176877,2026-12-04,La Reina
22.050.970-7,Cliente Nuevo 22050970,"Calle San Diego 439, Santiago, Chile",2026-12-02,ORD-CL-202612-000237,96299,2026-12-05,Las Condes
9.227.283-1,Cliente Nuevo 9227283,"Calle Santo Domingo 1221, Santiago, Chile",2026-12-02,ORD-CL-202612-000238,244617,2026-12-05,Vitacura
5.207.312-2,Cliente Nuevo 5207312,"Calle San Diego 2452, Santiago, Chile",2026-12-02,ORD-CL-202612-000239,195781,2026-12-04,Estación Central
21.177.638-5,Cliente 21177638,"Avenida Pajaritos 1039, Santiago, Chile",2026-12-02,ORD-CL-202612-000240,216425,2026-12-05,La Florida
22.031.223-7,Cliente 22031223,"Calle Amunátegui 3146, Santiago, Chile",2026-12-02,ORD-CL-202612-000241,130629,2026-12-04,Las Condes
18.454.880-2,Cliente 18454880,"Calle Huérfanos 4859, Santiago, Chile",2026-12-02,ORD-CL-202612-000242,72730,2026-12-05,Peñalolén
5.053.024-2,Cliente 5053024,"Avenida Departamental 1018, Santiago, Chile",2026-12-02,ORD-CL-202612-000243,205763,2026-12-04,Quinta Normal
7.117.233-1,Cliente 7117233,"Avenida Las Condes 5070, Santiago, Chile",2026-12-02,ORD-CL-202612-000244,268529,2026-12-04,Santiago
19.398.473-2,Cliente Nuevo 19398473,"Avenida Manuel Montt 6079, Santiago, Chile",2026-12-02,ORD-CL-202612-000245,253065,2026-12-04,Recoleta
8.738.877-8,Cliente 8738877,"Avenida Tobalaba 7259, Santiago, Chile",2026-12-02,ORD-CL-202612-000246,199560,2026-12-04,Santiago
19.694.095-4,Cliente 19694095,"Avenida Independencia 2139, Santiago, Chile",2026-12-02,ORD-CL-202612-000247,197881,2026-12-04,Independencia
22.296.078-0,Cliente Nuevo 22296078,"Avenida Macul 7401, Santiago, Chile",2026-12-02,ORD-CL-202612-000248,257646,2026-12-05,Peñalolén
11.714.785-7,Cliente Nuevo 11714785,"Avenida Matta 2703, Santiago, Chile",2026-12-02,ORD-CL-202612-000249,61447,2026-12-06,Puente Alto
5.129.743-6,Cliente Nuevo 5129743,"Avenida Providencia 1433, Santiago, Chile",2026-12-02,ORD-CL-202612-000250,170966,2026-12-04,San Miguel
16.267.073-3,Cliente 16267073,"Avenida Manuel Montt 1437, Santiago, Chile",2026-12-02,ORD-CL-202612-000251,106907,2026-12-04,Providencia
10.595.944-8,Cliente Nuevo 10595944,"Calle Arturo Prat 9278, Santiago, Chile",2026-12-02,ORD-CL-202612-000252,188329,2026-12-04,Santiago
7.112.518-1,Cliente 7112518,"Avenida Pedro De Valdivia 9956, Santiago, Chile",2026-12-02,ORD-CL-202612-000253,157215,2026-12-04,Estación Central
8.815.449-0,Cliente 8815449,"Avenida Irarrázaval 3007, Santiago, Chile",2026-12-02,ORD-CL-202612-000254,176229,2026-12-04,La Florida
8.876.027-1,Cliente Nuevo 8876027,"Calle Morandé 3445, Santiago, Chile",2026-12-02,ORD-CL-202612-000255,145069,2026-12-04,Santiago
11.863.822-2,Cliente 11863822,"Avenida Apoquindo 793, Santiago, Chile",2026-12-02,ORD-CL-202612-000256,136619,2026-12-05,Santiago
21.783.451-3,Cliente 21783451,"Calle Morandé 7161, Santiago, Chile",2026-12-02,ORD-CL-202612-000257,316912,2026-12-04,Recoleta
20.310.309-1,Cliente 20310309,"Avenida Américo Vespucio 1622, Santiago, Chile",2026-12-02,ORD-CL-202612-000258,162285,2026-12-06,Providencia
19.297.833-3,Cliente Nuevo 19297833,"Calle Estado 5453, Santiago, Chile",2026-12-02,ORD-CL-202612-000259,222542,2026-12-06,San Miguel
7.428.395-0,Cliente Nuevo 7428395,"Avenida Macul 3026, Santiago, Chile",2026-12-02,ORD-CL-202612-000260,90310,2026-12-06,Peñalolén
17.416.421-8,Cliente 17416421,"Avenida Libertador Bernardo O'Higgins 8614, Santiago, Chile",2026-12-02,ORD-CL-202612-000261,280640,2026-12-06,Puente Alto
8.164.057-6,Cliente Nuevo 8164057,"Avenida Libertador Bernardo O'Higgins 4908, Santiago, Chile",2026-12-02,ORD-CL-202612-000262,239891,2026-12-05,San Miguel
13.775.682-8,Cliente Nuevo 13775682,"Calle Monjitas 6910, Santiago, Chile",2026-12-02,ORD-CL-202612-000263,198496,2026-12-05,Puente Alto
12.447.358-7,Cliente Nuevo 12447358,"Avenida Las Condes 7304, Santiago, Chile",2026-12-02,ORD-CL-202612-000264,166622,2026-12-05,Puente Alto
8.194.807-7,Cliente Nuevo 8194807,"Avenida Las Condes 3925, Santiago, Chile",2026-12-02,ORD-CL-202612-000265,75091,2026-12-06,Santiago
22.867.654-5,Cliente Nuevo 22867654,"Calle Morandé 2676, Santiago, Chile",2026-12-02,ORD-CL-202612-000266,263258,2026-12-07,Santiago
7.648.841-2,Cliente Nuevo 7648841,"Avenida Manuel Montt 4025, Santiago, Chile",2026-12-02,ORD-CL-202612-000267,61363,2026-12-04,Santiago
17.170.812-3,Cliente Nuevo 17170812,"Avenida Santa Rosa 5583, Santiago, Chile",2026-12-02,ORD-CL-202612-000268,149766,2026-12-05,Santiago
8.431.260-9,Cliente 8431260,"Calle Compañía De Jesús 871, Santiago, Chile",2026-12-03,ORD-CL-202612-000269,52953,2026-12-07,Santiago
12.996.594-8,Cliente 12996594,"Avenida Mapocho 1503, Santiago, Chile",2026-12-03,ORD-CL-202612-000270,211592,2026-12-05,Santiago
20.499.691-9,Cliente 20499691,"Avenida Manuel Montt 4307, Santiago, Chile",2026-12-03,ORD-CL-202612-000271,202985,2026-12-07,San Miguel
5.444.756-4,Cliente Nuevo 5444756,"Avenida Irarrázaval 2771, Santiago, Chile",2026-12-03,ORD-CL-202612-000272,238570,2026-12-06,Independencia
7.972.328-1,Cliente 7972328,"Avenida La Florida 9292, Santiago, Chile",2026-12-03,ORD-CL-202612-000273,171413,2026-12-05,Independencia
13.324.907-7,Cliente 13324907,"Calle Arturo Prat 2679, Santiago, Chile",2026-12-03,ORD-CL-202612-000274,112359,2026-12-04,Recoleta
17.751.590-7,Cliente Nuevo 17751590,"Avenida Providencia 9673, Santiago, Chile",2026-12-03,ORD-CL-202612-000275,146516,2026-12-07,San Miguel
14.640.298-4,Cliente Nuevo 14640298,"Avenida Santa Rosa 4230, Santiago, Chile",2026-12-03,ORD-CL-202612-000276,107605,2026-12-07,La Reina
15.958.523-9,Cliente Nuevo 15958523,"Avenida Vicuña Mackenna 6713, Santiago, Chile",2026-12-03,ORD-CL-202612-000277,202785,2026-12-06,San Miguel
5.835.411-2,Cliente 5835411,"Avenida Manuel Montt 4909, Santiago, Chile",2026-12-03,ORD-CL-202612-000278,268113,2026-12-04,La Florida
7.932.926-3,Cliente 7932926,"Calle Estado 5553, Santiago, Chile",2026-12-03,ORD-CL-202612-000279,318213,2026-12-06,Puente Alto
5.238.389-7,Cliente Nuevo 5238389,"Calle San Diego 9579, Santiago, Chile",2026-12-03,ORD-CL-202612-000280,146648,2026-12-05,Santiago
11.555.733-9,Cliente 11555733,"Calle Monjitas 6333, Santiago, Chile",2026-12-03,ORD-CL-202612-000281,53760,2026-12-04,Estación Central
11.677.416-6,Cliente 11677416,"Calle Morandé 1655, Santiago, Chile",2026-12-03,ORD-CL-202612-000282,135373,2026-12-05,Quinta Normal
14.512.240-4,Cliente Nuevo 14512240,"Avenida Matta 5370, Santiago, Chile",2026-12-03,ORD-CL-202612-000283,125301,2026-12-06,Estación Central
10.463.358-7,Cliente Nuevo 10463358,"Calle Monjitas 6053, Santiago, Chile",2026-12-03,ORD-CL-202612-000284,137588,2026-12-05,San Miguel
7.554.754-9,Cliente Nuevo 7554754,"Calle Compañía De Jesús 7238, Santiago, Chile",2026-12-03,ORD-CL-202612-000285,131646,2026-12-04,Puente Alto
19.237.467-1,Cliente 19237467,"Avenida Kennedy 7565, Santiago, Chile",2026-12-03,ORD-CL-202612-000286,157873,2026-12-05,Peñalolén
17.569.588-0,Cliente 17569588,"Avenida Kennedy 6833, Santiago, Chile",2026-12-03,ORD-CL-202612-000287,116410,2026-12-06,Santiago
13.755.709-8,Cliente 13755709,"Avenida Kennedy 9990, Santiago, Chile",2026-12-03,ORD-CL-202612-000288,309477,2026-12-07,Santiago
17.734.478-7,Cliente 17734478,"Avenida Manuel Montt 630, Santiago, Chile",2026-12-03,ORD-CL-202612-000289,189786,2026-12-05,La Reina
9.578.791-6,Cliente Nuevo 9578791,"Avenida Libertador Bernardo O'Higgins 2045, Santiago, Chile",2026-12-03,ORD-CL-202612-000290,79722,2026-12-05,Recoleta
9.415.369-1,Cliente 9415369,"Calle San Antonio 8998, Santiago, Chile",2026-12-03,ORD-CL-202612-000291,163832,2026-12-07,Recoleta
14.077.834-4,Cliente 14077834,"Calle San Diego 9330, Santiago, Chile",2026-12-03,ORD-CL-202612-000292,94531,2026-12-06,Lo Prado
7.686.618-4,Cliente 7686618,"Calle Catedral 8449, Santiago, Chile",2026-12-03,ORD-CL-202612-000293,324324,2026-12-07,Santiago
13.745.331-4,Cliente Nuevo 13745331,"Avenida Departamental 3715, Santiago, Chile",2026-12-03,ORD-CL-202612-000294,85413,2026-12-06,Santiago
7.609.238-3,Cliente 7609238,"Avenida Mapocho 4268, Santiago, Chile",2026-12-03,ORD-CL-202612-000295,166303,2026-12-06,Santiago
8.829.354-0,Cliente Nuevo 8829354,"Avenida Matta 1351, Santiago, Chile",2026-12-03,ORD-CL-202612-000296,199679,2026-12-05,Santiago
11.020.590-6,Cliente 11020590,"Avenida Libertador Bernardo O'Higgins 6436, Santiago, Chile",2026-12-03,ORD-CL-202612-000297,71801,2026-12-05,Las Condes
14.545.473-6,Cliente 14545473,"Avenida Grecia 6697, Santiago, Chile",2026-12-03,ORD-CL-202612-000298,50989,2026-12-05,San Miguel
7.499.857-0,Cliente Nuevo 7499857,"Calle Santo Domingo 8998, Santiago, Chile",2026-12-03,ORD-CL-202612-000299,137233,2026-12-05,Santiago
8.417.845-7,Cliente Nuevo 8417845,"Calle Compañía De Jesús 2116, Santiago, Chile",2026-12-03,ORD-CL-202612-000300,87863,2026-12-06,Santiago
18.370.362-7,Cliente Nuevo 18370362,"Avenida Libertador Bernardo O'Higgins 2384, Santiago, Chile",2026-12-03,ORD-CL-202612-000301,191776,2026-12-05,Independencia
7.893.622-9,Cliente 7893622,"Calle Teatinos 1584, Santiago, Chile",2026-12-03,ORD-CL-202612-000302,66025,2026-12-06,Vitacura
22.692.685-2,Cliente 22692685,"Calle Arturo Prat 5100, Santiago, Chile",2026-12-03,ORD-CL-202612-000303,127277,2026-12-04,Santiago
8.829.317-5,Cliente 8829317,"Avenida Providencia 4618, Santiago, Chile",2026-12-03,ORD-CL-202612-000304,141062,2026-12-05,La Reina
18.518.400-1,Cliente Nuevo 18518400,"Calle San Antonio 7402, Santiago, Chile",2026-12-03,ORD-CL-202612-000305,119348,2026-12-04,Puente Alto
11.843.976-3,Cliente 11843976,"Calle Estado 1767, Santiago, Chile",2026-12-03,ORD-CL-202612-000306,228336,2026-12-06,La Florida
7.941.056-6,Cliente Nuevo 7941056,"Avenida Kennedy 5315, Santiago, Chile",2026-12-03,ORD-CL-202612-000307,94138,2026-12-05,Independencia
5.834.790-3,Cliente Nuevo 5834790,"Avenida Independencia 8147, Santiago, Chile",2026-12-03,ORD-CL-202612-000308,197345,2026-12-06,La Reina
5.205.860-3,Cliente Nuevo 5205860,"Avenida Libertador Bernardo O'Higgins 5665, Santiago, Chile",2026-12-03,ORD-CL-202612-000309,47026,2026-12-06,San Miguel
13.862.636-1,Cliente 13862636,"Avenida Kennedy 5716, Santiago, Chile",2026-12-03,ORD-CL-202612-000310,95244,2026-12-06,Vitacura
7.891.477-2,Cliente 7891477,"Avenida Providencia 5573, Santiago, Chile",2026-12-03,ORD-CL-202612-000311,104122,2026-12-05,Providencia
14.092.820-9,Cliente Nuevo 14092820,"Avenida Américo Vespucio 5192, Santiago, Chile",2026-12-03,ORD-CL-202612-000312,65619,2026-12-05,Vitacura
13.862.636-1,Cliente 13862636,"Avenida Kennedy 5716, Santiago, Chile",2026-12-03,ORD-CL-202612-000313,85561,2026-12-06,Vitacura
7.894.878-8,Cliente Nuevo 7894878,"Calle Huérfanos 6471, Santiago, Chile",2026-12-03,ORD-CL-202612-000314,73205,2026-12-05,Quinta Normal
7.444.024-7,Cliente Nuevo 7444024,"Avenida Manuel Montt 531, Santiago, Chile",2026-12-03,ORD-CL-202612-000315,65806,2026-12-05,Las Condes
19.928.840-1,Cliente Nuevo 19928840,"Calle San Diego 1862, Santiago, Chile",2026-12-03,ORD-CL-202612-000316,214493,2026-12-05,Peñalolén
18.807.122-0,Cliente 18807122,"Avenida Irarrázaval 3792, Santiago, Chile",2026-12-03,ORD-CL-202612-000317,165126,2026-12-07,Las Condes
18.216.525-2,Cliente 18216525,"Avenida Américo Vespucio 8124, Santiago, Chile",2026-12-03,ORD-CL-202612-000318,41249,2026-12-05,San Miguel
20.657.286-2,Cliente 20657286,"Avenida Manuel Montt 8479, Santiago, Chile",2026-12-03,ORD-CL-202612-000319,142564,2026-12-06,La Florida
15.636.947-1,Cliente Nuevo 15636947,"Avenida La Florida 5799, Santiago, Chile",2026-12-03,ORD-CL-202612-000320,265444,2026-12-07,Estación Central
17.328.690-8,Cliente 17328690,"Avenida Departamental 8533, Santiago, Chile",2026-12-03,ORD-CL-202612-000321,297503,2026-12-05,Santiago
16.514.129-5,Cliente Nuevo 16514129,"Calle Compañía De Jesús 3674, Santiago, Chile",2026-12-03,ORD-CL-202612-000322,206598,2026-12-06,San Miguel
10.120.780-8,Cliente Nuevo 10120780,"Avenida Grecia 7990, Santiago, Chile",2026-12-03,ORD-CL-202612-000323,203222,2026-12-06,Recoleta
14.738.270-9,Cliente Nuevo 14738270,"Calle Arturo Prat 3533, Santiago, Chile",2026-12-03,ORD-CL-202612-000324,118984,2026-12-05,Providencia
13.719.443-2,Cliente Nuevo 13719443,"Avenida Mapocho 9405, Santiago, Chile",2026-12-03,ORD-CL-202612-000325,137300,2026-12-06,La Florida
10.584.097-1,Cliente Nuevo 10584097,"Calle San Antonio 17, Santiago, Chile",2026-12-03,ORD-CL-202612-000326,106916,2026-12-05,Lo Prado
15.648.825-4,Cliente 15648825,"Avenida Departamental 223, Santiago, Chile",2026-12-03,ORD-CL-202612-000327,252727,2026-12-06,La Reina
16.287.716-7,Cliente 16287716,"Avenida Santa Rosa 6749, Santiago, Chile",2026-12-03,ORD-CL-202612-000328,124512,2026-12-06,Estación Central
10.109.395-5,Cliente Nuevo 10109395,"Avenida Apoquindo 4985, Santiago, Chile",2026-12-03,ORD-CL-202612-000329,60167,2026-12-06,Santiago
22.445.445-9,Cliente 22445445,"Avenida Kennedy 7707, Santiago, Chile",2026-12-03,ORD-CL-202612-000330,198294,2026-12-07,Providencia
21.037.736-2,Cliente 21037736,"Calle Compañía De Jesús 1424, Santiago, Chile",2026-12-03,ORD-CL-202612-000331,132743,2026-12-05,Santiago
19.068.810-5,Cliente Nuevo 19068810,"Calle San Diego 1108, Santiago, Chile",2026-12-03,ORD-CL-202612-000332,169458,2026-12-05,Quinta Normal
22.359.273-4,Cliente Nuevo 22359273,"Avenida Manuel Montt 8349, Santiago, Chile",2026-12-03,ORD-CL-202612-000333,101902,2026-12-07,Peñalolén
16.129.373-5,Cliente Nuevo 16129373,"Calle Estado 1081, Santiago, Chile",2026-12-03,ORD-CL-202612-000334,205612,2026-12-05,Santiago
17.893.629-2,Cliente 17893629,"Avenida Tobalaba 2189, Santiago, Chile",2026-12-03,ORD-CL-202612-000335,192641,2026-12-04,Las Condes
15.304.873-5,Cliente Nuevo 15304873,"Calle Arturo Prat 9820, Santiago, Chile",2026-12-03,ORD-CL-202612-000336,105015,2026-12-06,Lo Prado
18.193.416-1,Cliente 18193416,"Calle Amunátegui 7500, Santiago, Chile",2026-12-03,ORD-CL-202612-000337,270911,2026-12-05,Puente Alto
6.894.716-3,Cliente Nuevo 6894716,"Avenida Pedro De Valdivia 1787, Santiago, Chile",2026-12-03,ORD-CL-202612-000338,120983,2026-12-05,Santiago
13.537.079-2,Cliente 13537079,"Gran Avenida José Miguel Carrera 1141, Santiago, Chile",2026-12-03,ORD-CL-202612-000339,98215,2026-12-06,Santiago
10.442.592-5,Cliente 10442592,"Avenida Mapocho 8002, Santiago, Chile",2026-12-03,ORD-CL-202612-000340,145828,2026-12-05,San Miguel
18.454.880-2,Cliente 18454880,"Calle Huérfanos 4859, Santiago, Chile",2026-12-03,ORD-CL-202612-000341,140068,2026-12-05,Peñalolén
8.739.314-1,Cliente 8739314,"Avenida Matta 1939, Santiago, Chile",2026-12-03,ORD-CL-202612-000342,246645,2026-12-06,La Florida
14.455.374-4,Cliente 14455374,"Avenida Apoquindo 5742, Santiago, Chile",2026-12-03,ORD-CL-202612-000343,196169,2026-12-07,Puente Alto
18.429.770-6,Cliente 18429770,"Calle Huérfanos 8536, Santiago, Chile",2026-12-03,ORD-CL-202612-000344,47412,2026-12-05,Puente Alto
13.168.967-9,Cliente Nuevo 13168967,"Avenida Recoleta 6597, Santiago, Chile",2026-12-03,ORD-CL-202612-000345,174252,2026-12-05,La Reina
9.146.692-9,Cliente Nuevo 9146692,"Avenida Pajaritos 2476, Santiago, Chile",2026-12-03,ORD-CL-202612-000346,334878,2026-12-05,Santiago
10.841.030-7,Cliente 10841030,"Calle Catedral 5661, Santiago, Chile",2026-12-03,ORD-CL-202612-000347,249386,2026-12-08,Santiago
21.466.765-2,Cliente Nuevo 21466765,"Calle Estado 8982, Santiago, Chile",2026-12-03,ORD-CL-202612-000348,155873,2026-12-05,Santiago
9.610.956-8,Cliente Nuevo 9610956,"Avenida Apoquindo 3723, Santiago, Chile",2026-12-03,ORD-CL-202612-000349,260256,2026-12-06,Quinta Normal
15.604.622-8,Cliente 15604622,"Calle Amunátegui 562, Santiago, Chile",2026-12-03,ORD-CL-202612-000350,130592,2026-12-05,Las Condes
18.429.770-6,Cliente 18429770,"Calle Huérfanos 8536, Santiago, Chile",2026-12-03,ORD-CL-202612-000351,46432,2026-12-06,Puente Alto
21.853.990-0,Cliente 21853990,"Gran Avenida José Miguel Carrera 3229, Santiago, Chile",2026-12-03,ORD-CL-202612-000352,78020,2026-12-05,Las Condes
18.290.345-3,Cliente Nuevo 18290345,"Calle Amunátegui 8098, Santiago, Chile",2026-12-03,ORD-CL-202612-000353,151221,2026-12-06,Santiago
21.989.213-7,Cliente Nuevo 21989213,"Calle Bandera 7093, Santiago, Chile",2026-12-03,ORD-CL-202612-000354,230279,2026-12-07,Quinta Normal
9.979.417-9,Cliente 9979417,"Avenida Pajaritos 4330, Santiago, Chile",2026-12-03,ORD-CL-202612-000355,92803,2026-12-06,Santiago
8.827.735-9,Cliente Nuevo 8827735,"Avenida Pajaritos 4700, Santiago, Chile",2026-12-03,ORD-CL-202612-000356,126699,2026-12-05,Santiago
14.630.107-0,Cliente Nuevo 14630107,"Avenida Vitacura 6815, Santiago, Chile",2026-12-03,ORD-CL-202612-000357,282550,2026-12-06,La Reina
15.893.864-7,Cliente 15893864,"Gran Avenida José Miguel Carrera 572, Santiago, Chile",2026-12-03,ORD-CL-202612-000358,242346,2026-12-05,Recoleta
22.383.761-1,Cliente Nuevo 22383761,"Calle Catedral 7236, Santiago, Chile",2026-12-03,ORD-CL-202612-000359,40957,2026-12-06,La Reina
10.772.894-6,Cliente 10772894,"Avenida Pajaritos 1016, Santiago, Chile",2026-12-03,ORD-CL-202612-000360,331402,2026-12-05,San Miguel
19.116.035-0,Cliente 19116035,"Calle Amunátegui 6560, Santiago, Chile",2026-12-03,ORD-CL-202612-000361,158587,2026-12-06,Vitacura
12.356.190-9,Cliente Nuevo 12356190,"Avenida Américo Vespucio 9821, Santiago, Chile",2026-12-03,ORD-CL-202612-000362,141162,2026-12-04,Santiago
22.158.436-1,Cliente 22158436,"Avenida Apoquindo 7890, Santiago, Chile",2026-12-03,ORD-CL-202612-000363,205657,2026-12-05,Estación Central
9.084.968-3,Cliente Nuevo 9084968,"Calle Merced 3073, Santiago, Chile",2026-12-03,ORD-CL-202612-000364,319001,2026-12-05,Santiago
22.359.273-4,Cliente Nuevo 22359273,"Avenida Manuel Montt 8349, Santiago, Chile",2026-12-03,ORD-CL-202612-000365,188264,2026-12-06,Peñalolén
22.805.755-1,Cliente Nuevo 22805755,"Avenida Mapocho 7470, Santiago, Chile",2026-12-03,ORD-CL-202612-000366,134515,2026-12-05,Santiago
18.208.456-5,Cliente 18208456,"Avenida Irarrázaval 2396, Santiago, Chile",2026-12-03,ORD-CL-202612-000367,168860,2026-12-07,Santiago
14.155.365-5,Cliente 14155365,"Avenida Recoleta 5538, Santiago, Chile",2026-12-03,ORD-CL-202612-000368,81849,2026-12-07,Las Condes
5.766.588-6,Cliente Nuevo 5766588,"Avenida Santa Rosa 9461, Santiago, Chile",2026-12-03,ORD-CL-202612-000369,162986,2026-12-06,Santiago
17.225.889-9,Cliente Nuevo 17225889,"Avenida Tobalaba 9535, Santiago, Chile",2026-12-03,ORD-CL-202612-000370,218948,2026-12-05,Peñalolén
14.975.953-4,Cliente Nuevo 14975953,"Avenida Apoquindo 1014, Santiago, Chile",2026-12-03,ORD-CL-202612-000371,265742,2026-12-05,Vitacura
15.297.656-0,Cliente Nuevo 15297656,"Avenida Pajaritos 734, Santiago, Chile",2026-12-03,ORD-CL-202612-000372,82379,2026-12-06,Quinta Normal
17.297.224-8,Cliente 17297224,"Avenida Independencia 9028, Santiago, Chile",2026-12-03,ORD-CL-202612-000373,167789,2026-12-06,Lo Prado
18.429.138-2,Cliente 18429138,"Calle Merced 6618, Santiago, Chile",2026-12-03,ORD-CL-202612-000374,98122,2026-12-06,Santiago
7.894.878-8,Cliente Nuevo 7894878,"Calle Huérfanos 6471, Santiago, Chile",2026-12-03,ORD-CL-202612-000375,79018,2026-12-04,Quinta Normal
15.575.959-7,Cliente 15575959,"Avenida Mapocho 4652, Santiago, Chile",2026-12-03,ORD-CL-202612-000376,49384,2026-12-05,Vitacura
10.436.716-4,Cliente 10436716,"Avenida Manuel Montt 756, Santiago, Chile",2026-12-03,ORD-CL-202612-000377,114231,2026-12-05,Providencia
5.361.421-5,Cliente Nuevo 5361421,"Avenida Mapocho 1540, Santiago, Chile",2026-12-03,ORD-CL-202612-000378,211042,2026-12-06,Peñalolén
8.185.637-4,Cliente 8185637,"Calle Santo Domingo 1982, Santiago, Chile",2026-12-03,ORD-CL-202612-000379,95366,2026-12-07,Estación Central
17.539.021-0,Cliente 17539021,"Calle Huérfanos 438, Santiago, Chile",2026-12-03,ORD-CL-202612-000380,237984,2026-12-06,Santiago
14.150.753-1,Cliente Nuevo 14150753,"Calle Amunátegui 144, Santiago, Chile",2026-12-03,ORD-CL-202612-000381,117083,2026-12-06,Santiago
22.428.951-5,Cliente 22428951,"Avenida Matta 2839, Santiago, Chile",2026-12-03,ORD-CL-202612-000382,277111,2026-12-05,Recoleta
13.477.983-5,Cliente Nuevo 13477983,"Avenida Grecia 6060, Santiago, Chile",2026-12-03,ORD-CL-202612-000383,137673,2026-12-06,Lo Prado
22.017.346-4,Cliente Nuevo 22017346,"Calle San Antonio 4090, Santiago, Chile",2026-12-03,ORD-CL-202612-000384,52773,2026-12-05,Lo Prado
8.605.872-1,Cliente Nuevo 8605872,"Avenida Providencia 3337, Santiago, Chile",2026-12-03,ORD-CL-202612-000385,163480,2026-12-06,Las Condes
17.342.737-7,Cliente Nuevo 17342737,"Avenida Las Condes 5550, Santiago, Chile",2026-12-03,ORD-CL-202612-000386,218343,2026-12-04,Santiago
11.212.451-0,Cliente 11212451,"Avenida Américo Vespucio 2037, Santiago, Chile",2026-12-03,ORD-CL-202612-000387,63448,2026-12-06,Las Condes
14.867.251-1,Cliente 14867251,"Calle Catedral 3440, Santiago, Chile",2026-12-03,ORD-CL-202612-000388,233447,2026-12-05,Independencia
16.887.774-4,Cliente 16887774,"Calle Estado 4661, Santiago, Chile",2026-12-03,ORD-CL-202612-000389,138462,2026-12-05,Puente Alto
20.779.131-3,Cliente Nuevo 20779131,"Avenida Matta 4095, Santiago, Chile",2026-12-03,ORD-CL-202612-000390,271645,2026-12-06,Providencia
19.651.236-1,Cliente Nuevo 19651236,"Avenida Pajaritos 235, Santiago, Chile",2026-12-03,ORD-CL-202612-000391,62295,2026-12-05,La Reina
14.245.334-6,Cliente Nuevo 14245334,"Calle Merced 5537, Santiago, Chile",2026-12-03,ORD-CL-202612-000392,290649,2026-12-06,Peñalolén
14.141.338-0,Cliente 14141338,"Avenida Matta 8464, Santiago, Chile",2026-12-03,ORD-CL-202612-000393,103222,2026-12-06,Independencia
6.127.937-4,Cliente 6127937,"Avenida Recoleta 3894, Santiago, Chile",2026-12-03,ORD-CL-202612-000394,96074,2026-12-05,Recoleta
18.590.669-7,Cliente Nuevo 18590669,"Calle Catedral 2624, Santiago, Chile",2026-12-03,ORD-CL-202612-000395,257589,2026-12-06,Santiago
8.652.464-3,Cliente 8652464,"Avenida Irarrázaval 228, Santiago, Chile",2026-12-03,ORD-CL-202612-000396,73856,2026-12-05,Estación Central
11.547.340-3,Cliente 11547340,"Avenida La Florida 9375, Santiago, Chile",2026-12-03,ORD-CL-202612-000397,68105,2026-12-06,La Reina
15.558.134-2,Cliente Nuevo 15558134,"Avenida Vitacura 5063, Santiago, Chile",2026-12-03,ORD-CL-202612-000398,106824,2026-12-05,Quinta Normal
21.087.190-3,Cliente Nuevo 21087190,"Avenida Pajaritos 7107, Santiago, Chile",2026-12-03,ORD-CL-202612-000399,150195,2026-12-06,Providencia
19.442.394-3,Cliente 19442394,"Avenida Américo Vespucio 3407, Santiago, Chile",2026-12-03,ORD-CL-202612-000400,277047,2026-12-06,Recoleta
8.687.840-7,Cliente Nuevo 8687840,"Avenida Vicuña Mackenna 2587, Santiago, Chile",2026-12-03,ORD-CL-202612-000401,82773,2026-12-07,Estación Central
21.668.211-6,Cliente 21668211,"Calle Catedral 9848, Santiago, Chile",2026-12-03,ORD-CL-202612-000402,276727,2026-12-05,La Reina
14.763.688-3,Cliente Nuevo 14763688,"Gran Avenida José Miguel Carrera 5636, Santiago, Chile",2026-12-03,ORD-CL-202612-000403,165612,2026-12-07,La Reina
19.442.394-3,Cliente 19442394,"Avenida Américo Vespucio 3407, Santiago, Chile",2026-12-03,ORD-CL-202612-000404,286117,2026-12-05,Recoleta
7.883.540-8,Cliente 7883540,"Avenida Pedro De Valdivia 7181, Santiago, Chile",2026-12-03,ORD-CL-202612-000405,293651,2026-12-06,Vitacura
14.206.573-5,Cliente Nuevo 14206573,"Avenida Recoleta 2761, Santiago, Chile",2026-12-03,ORD-CL-202612-000406,252154,2026-12-05,Santiago
18.485.626-3,Cliente Nuevo 18485626,"Calle Monjitas 5985, Santiago, Chile",2026-12-03,ORD-CL-202612-000407,188529,2026-12-05,Vitacura
10.321.726-6,Cliente 10321726,"Avenida Manuel Montt 6339, Santiago, Chile",2026-12-04,ORD-CL-202612-000408,123442,2026-12-06,Recoleta
12.590.437-9,Cliente Nuevo 12590437,"Calle Santo Domingo 3029, Santiago, Chile",2026-12-04,ORD-CL-202612-000409,114667,2026-12-07,Recoleta
20.538.144-4,Cliente Nuevo 20538144,"Calle Teatinos 3114, Santiago, Chile",2026-12-04,ORD-CL-202612-000410,260984,2026-12-06,Santiago
21.558.419-3,Cliente 21558419,"Calle San Antonio 1349, Santiago, Chile",2026-12-04,ORD-CL-202612-000411,198777,2026-12-06,Puente Alto
9.212.565-7,Cliente Nuevo 9212565,"Avenida Santa Rosa 7074, Santiago, Chile",2026-12-04,ORD-CL-202612-000412,234489,2026-12-07,Lo Prado
8.878.523-4,Cliente Nuevo 8878523,"Avenida Manuel Montt 5813, Santiago, Chile",2026-12-04,ORD-CL-202612-000413,155041,2026-12-07,Peñalolén
22.511.212-7,Cliente 22511212,"Calle Huérfanos 1261, Santiago, Chile",2026-12-04,ORD-CL-202612-000414,158166,2026-12-07,Peñalolén
14.972.766-4,Cliente 14972766,"Avenida Santa Rosa 7428, Santiago, Chile",2026-12-04,ORD-CL-202612-000415,321589,2026-12-07,Santiago
19.464.509-3,Cliente 19464509,"Avenida Libertador Bernardo O'Higgins 2778, Santiago, Chile",2026-12-04,ORD-CL-202612-000416,140447,2026-12-07,Recoleta
12.247.678-3,Cliente 12247678,"Avenida Apoquindo 3809, Santiago, Chile",2026-12-04,ORD-CL-202612-000417,152741,2026-12-07,Santiago
17.868.261-3,Cliente Nuevo 17868261,"Avenida Irarrázaval 4764, Santiago, Chile",2026-12-04,ORD-CL-202612-000418,254873,2026-12-08,Recoleta
10.595.944-8,Cliente Nuevo 10595944,"Calle Arturo Prat 9278, Santiago, Chile",2026-12-04,ORD-CL-202612-000419,247399,2026-12-07,Santiago
5.551.654-0,Cliente Nuevo 5551654,"Calle Monjitas 9410, Santiago, Chile",2026-12-04,ORD-CL-202612-000420,264296,2026-12-07,La Reina
14.004.174-2,Cliente 14004174,"Avenida Kennedy 5560, Santiago, Chile",2026-12-04,ORD-CL-202612-000421,196348,2026-12-06,Santiago
16.805.473-9,Cliente Nuevo 16805473,"Calle Santo Domingo 406, Santiago, Chile",2026-12-04,ORD-CL-202612-000422,126409,2026-12-08,Santiago
7.805.131-2,Cliente Nuevo 7805131,"Calle Bandera 3912, Santiago, Chile",2026-12-04,ORD-CL-202612-000423,191655,2026-12-06,Lo Prado
6.756.635-4,Cliente Nuevo 6756635,"Calle Bandera 9187, Santiago, Chile",2026-12-04,ORD-CL-202612-000424,228625,2026-12-06,Vitacura
15.199.393-7,Cliente Nuevo 15199393,"Avenida Irarrázaval 1804, Santiago, Chile",2026-12-04,ORD-CL-202612-000425,199232,2026-12-06,Santiago
20.756.914-7,Cliente Nuevo 20756914,"Avenida Vicuña Mackenna 208, Santiago, Chile",2026-12-04,ORD-CL-202612-000426,139630,2026-12-07,La Reina
11.266.059-7,Cliente Nuevo 11266059,"Avenida Las Condes 3397, Santiago, Chile",2026-12-04,ORD-CL-202612-000427,281609,2026-12-06,San Miguel
8.829.354-0,Cliente Nuevo 8829354,"Avenida Matta 1351, Santiago, Chile",2026-12-04,ORD-CL-202612-000428,146853,2026-12-06,Santiago
19.119.886-0,Cliente Nuevo 19119886,"Avenida Irarrázaval 2943, Santiago, Chile",2026-12-04,ORD-CL-202612-000429,112449,2026-12-07,Peñalolén
9.762.149-0,Cliente 9762149,"Calle Amunátegui 3663, Santiago, Chile",2026-12-04,ORD-CL-202612-000430,86135,2026-12-08,Santiago
15.512.435-0,Cliente 15512435,"Calle Merced 5050, Santiago, Chile",2026-12-04,ORD-CL-202612-000431,162054,2026-12-06,Puente Alto
7.486.777-6,Cliente 7486777,"Avenida Recoleta 4097, Santiago, Chile",2026-12-04,ORD-CL-202612-000432,90760,2026-12-07,Estación Central
14.458.746-3,Cliente Nuevo 14458746,"Avenida Kennedy 9107, Santiago, Chile",2026-12-04,ORD-CL-202612-000433,84161,2026-12-05,Recoleta
10.150.216-4,Cliente 10150216,"Avenida Kennedy 2183, Santiago, Chile",2026-12-04,ORD-CL-202612-000434,116930,2026-12-08,Lo Prado
8.005.663-1,Cliente Nuevo 8005663,"Avenida Pajaritos 7032, Santiago, Chile",2026-12-04,ORD-CL-202612-000435,118675,2026-12-08,La Reina
19.414.022-1,Cliente Nuevo 19414022,"Calle Santo Domingo 8278, Santiago, Chile",2026-12-04,ORD-CL-202612-000436,163804,2026-12-07,Santiago
20.589.339-7,Cliente 20589339,"Calle Santo Domingo 9749, Santiago, Chile",2026-12-04,ORD-CL-202612-000437,71578,2026-12-07,Santiago
19.243.880-6,Cliente Nuevo 19243880,"Avenida Vicuña Mackenna 3016, Santiago, Chile",2026-12-04,ORD-CL-202612-000438,152234,2026-12-08,Vitacura
10.332.125-2,Cliente 10332125,"Avenida Grecia 5268, Santiago, Chile",2026-12-04,ORD-CL-202612-000439,207746,2026-12-06,La Florida
8.897.012-2,Cliente Nuevo 8897012,"Avenida Mapocho 5746, Santiago, Chile",2026-12-04,ORD-CL-202612-000440,205290,2026-12-08,Vitacura
16.046.312-2,Cliente Nuevo 16046312,"Calle Merced 6001, Santiago, Chile",2026-12-04,ORD-CL-202612-000441,100654,2026-12-07,Independencia
16.976.124-3,Cliente 16976124,"Avenida Mapocho 5395, Santiago, Chile",2026-12-04,ORD-CL-202612-000442,162574,2026-12-06,Santiago
21.956.641-1,Cliente 21956641,"Gran Avenida José Miguel Carrera 1848, Santiago, Chile",2026-12-04,ORD-CL-202612-000443,184459,2026-12-07,Recoleta
7.574.356-3,Cliente 7574356,"Calle San Diego 5489, Santiago, Chile",2026-12-04,ORD-CL-202612-000444,151630,2026-12-06,Puente Alto
19.246.133-9,Cliente Nuevo 19246133,"Avenida Mapocho 4083, Santiago, Chile",2026-12-04,ORD-CL-202612-000445,182380,2026-12-06,La Florida
19.726.513-4,Cliente Nuevo 19726513,"Avenida Vitacura 4260, Santiago, Chile",2026-12-04,ORD-CL-202612-000446,298173,2026-12-06,Independencia
12.112.764-2,Cliente Nuevo 12112764,"Avenida Apoquindo 7063, Santiago, Chile",2026-12-04,ORD-CL-202612-000447,177578,2026-12-07,Providencia
16.263.178-2,Cliente Nuevo 16263178,"Calle Amunátegui 7235, Santiago, Chile",2026-12-04,ORD-CL-202612-000448,150492,2026-12-07,Quinta Normal
20.560.432-4,Cliente Nuevo 20560432,"Calle Morandé 6158, Santiago, Chile",2026-12-04,ORD-CL-202612-000449,77020,2026-12-06,Santiago
22.543.918-4,Cliente Nuevo 22543918,"Calle Catedral 3236, Santiago, Chile",2026-12-04,ORD-CL-202612-000450,70515,2026-12-06,Recoleta
12.764.048-9,Cliente 12764048,"Avenida Independencia 3560, Santiago, Chile",2026-12-04,ORD-CL-202612-000451,225368,2026-12-05,Santiago
16.508.612-7,Cliente Nuevo 16508612,"Avenida Vitacura 8184, Santiago, Chile",2026-12-04,ORD-CL-202612-000452,126887,2026-12-07,Recoleta
6.736.303-5,Cliente 6736303,"Avenida Manuel Montt 7039, Santiago, Chile",2026-12-04,ORD-CL-202612-000453,215999,2026-12-07,Santiago
19.950.985-0,Cliente Nuevo 19950985,"Avenida Tobalaba 8544, Santiago, Chile",2026-12-04,ORD-CL-202612-000454,72775,2026-12-08,Quinta Normal
21.785.699-3,Cliente 21785699,"Avenida Apoquindo 4280, Santiago, Chile",2026-12-04,ORD-CL-202612-000455,59302,2026-12-06,Independencia
13.139.013-9,Cliente Nuevo 13139013,"Avenida Vicuña Mackenna 9865, Santiago, Chile",2026-12-04,ORD-CL-202612-000456,212889,2026-12-06,La Reina
13.193.452-1,Cliente Nuevo 13193452,"Avenida Vicuña Mackenna 1848, Santiago, Chile",2026-12-04,ORD-CL-202612-000457,208661,2026-12-07,Lo Prado
17.704.869-3,Cliente Nuevo 17704869,"Avenida Libertador Bernardo O'Higgins 6740, Santiago, Chile",2026-12-04,ORD-CL-202612-000458,233460,2026-12-08,Estación Central
12.193.567-5,Cliente 12193567,"Avenida Independencia 9295, Santiago, Chile",2026-12-04,ORD-CL-202612-000459,178684,2026-12-08,Lo Prado
8.156.680-3,Cliente Nuevo 8156680,"Avenida Las Condes 6476, Santiago, Chile",2026-12-04,ORD-CL-202612-000460,252795,2026-12-07,Peñalolén
10.967.839-0,Cliente 10967839,"Avenida La Florida 9336, Santiago, Chile",2026-12-04,ORD-CL-202612-000461,315049,2026-12-07,Lo Prado
8.876.027-1,Cliente Nuevo 8876027,"Calle Morandé 3445, Santiago, Chile",2026-12-04,ORD-CL-202612-000462,148190,2026-12-07,Santiago
6.643.744-0,Cliente Nuevo 6643744,"Calle Teatinos 1106, Santiago, Chile",2026-12-04,ORD-CL-202612-000463,55035,2026-12-06,Santiago
17.918.205-5,Cliente Nuevo 17918205,"Avenida Manuel Montt 2121, Santiago, Chile",2026-12-04,ORD-CL-202612-000464,79858,2026-12-07,Peñalolén
15.305.122-8,Cliente 15305122,"Calle Morandé 7758, Santiago, Chile",2026-12-04,ORD-CL-202612-000465,163503,2026-12-05,Estación Central
20.657.286-2,Cliente 20657286,"Avenida Manuel Montt 8479, Santiago, Chile",2026-12-04,ORD-CL-202612-000466,152587,2026-12-06,La Florida
5.472.652-1,Cliente 5472652,"Calle Amunátegui 3124, Santiago, Chile",2026-12-04,ORD-CL-202612-000467,70422,2026-12-06,Vitacura
13.963.434-1,Cliente Nuevo 13963434,"Calle San Diego 3902, Santiago, Chile",2026-12-04,ORD-CL-202612-000468,179445,2026-12-06,La Reina
7.499.276-7,Cliente 7499276,"Calle Compañía De Jesús 5241, Santiago, Chile",2026-12-04,ORD-CL-202612-000469,166904,2026-12-06,Providencia
14.867.251-1,Cliente 14867251,"Calle Catedral 3440, Santiago, Chile",2026-12-04,ORD-CL-202612-000470,109571,2026-12-07,Independencia
11.781.750-3,Cliente 11781750,"Gran Avenida José Miguel Carrera 9176, Santiago, Chile",2026-12-04,ORD-CL-202612-000471,72905,2026-12-06,Santiago
16.302.192-8,Cliente 16302192,"Calle Bandera 5901, Santiago, Chile",2026-12-04,ORD-CL-202612-000472,72319,2026-12-06,La Florida
21.221.403-9,Cliente Nuevo 21221403,"Calle Huérfanos 2937, Santiago, Chile",2026-12-04,ORD-CL-202612-000473,78094,2026-12-07,Providencia
8.582.936-2,Cliente Nuevo 8582936,"Calle Catedral 9540, Santiago, Chile",2026-12-04,ORD-CL-202612-000474,282516,2026-12-08,La Reina
16.053.602-9,Cliente Nuevo 16053602,"Calle Amunátegui 4142, Santiago, Chile",2026-12-04,ORD-CL-202612-000475,296934,2026-12-07,Providencia
10.793.214-1,Cliente 10793214,"Calle Huérfanos 7037, Santiago, Chile",2026-12-04,ORD-CL-202612-000476,112454,2026-12-05,Santiago
14.729.367-0,Cliente 14729367,"Avenida Recoleta 1848, Santiago, Chile",2026-12-04,ORD-CL-202612-000477,112251,2026-12-06,Santiago
17.624.572-6,Cliente 17624572,"Calle San Antonio 960, Santiago, Chile",2026-12-04,ORD-CL-202612-000478,76992,2026-12-06,Peñalolén
17.107.543-6,Cliente 17107543,"Avenida Vicuña Mackenna 691, Santiago, Chile",2026-12-04,ORD-CL-202612-000479,243832,2026-12-08,Independencia
13.866.087-3,Cliente Nuevo 13866087,"Avenida Departamental 9238, Santiago, Chile",2026-12-04,ORD-CL-202612-000480,132051,2026-12-06,Providencia
8.313.740-6,Cliente 8313740,"Gran Avenida José Miguel Carrera 8043, Santiago, Chile",2026-12-04,ORD-CL-202612-000481,182742,2026-12-06,Santiago
15.998.202-2,Cliente Nuevo 15998202,"Calle Monjitas 6010, Santiago, Chile",2026-12-04,ORD-CL-202612-000482,71080,2026-12-06,Puente Alto
8.829.317-5,Cliente 8829317,"Avenida Providencia 4618, Santiago, Chile",2026-12-04,ORD-CL-202612-000483,119707,2026-12-06,La Reina
14.102.774-5,Cliente 14102774,"Avenida Independencia 8409, Santiago, Chile",2026-12-04,ORD-CL-202612-000484,100636,2026-12-08,Las Condes
5.879.412-3,Cliente Nuevo 5879412,"Calle Estado 300, Santiago, Chile",2026-12-04,ORD-CL-202612-000485,112460,2026-12-06,Santiago
10.796.031-2,Cliente 10796031,"Avenida Pajaritos 9591, Santiago, Chile",2026-12-04,ORD-CL-202612-000486,233350,2026-12-06,Santiago
9.490.310-5,Cliente 9490310,"Avenida Vicuña Mackenna 9874, Santiago, Chile",2026-12-04,ORD-CL-202612-000487,255830,2026-12-06,La Florida
20.396.809-1,Cliente Nuevo 20396809,"Avenida Grecia 8308, Santiago, Chile",2026-12-04,ORD-CL-202612-000488,151631,2026-12-08,Estación Central
14.917.705-7,Cliente 14917705,"Avenida Providencia 1570, Santiago, Chile",2026-12-04,ORD-CL-202612-000489,263389,2026-12-06,La Florida
5.472.652-1,Cliente 5472652,"Calle Amunátegui 3124, Santiago, Chile",2026-12-04,ORD-CL-202612-000490,250404,2026-12-06,Vitacura
11.157.992-0,Cliente Nuevo 11157992,"Avenida Pajaritos 8388, Santiago, Chile",2026-12-04,ORD-CL-202612-000491,99371,2026-12-06,Santiago
5.805.164-9,Cliente Nuevo 5805164,"Avenida Departamental 4173, Santiago, Chile",2026-12-04,ORD-CL-202612-000492,131396,2026-12-05,La Reina
22.003.359-2,Cliente Nuevo 22003359,"Avenida Libertador Bernardo O'Higgins 4013, Santiago, Chile",2026-12-04,ORD-CL-202612-000493,124540,2026-12-06,La Florida
11.304.512-5,Cliente 11304512,"Avenida Recoleta 5362, Santiago, Chile",2026-12-04,ORD-CL-202612-000494,288406,2026-12-06,Peñalolén
6.782.303-1,Cliente Nuevo 6782303,"Avenida Tobalaba 7894, Santiago, Chile",2026-12-04,ORD-CL-202612-000495,194565,2026-12-06,Estación Central
15.437.407-1,Cliente Nuevo 15437407,"Calle Santo Domingo 6677, Santiago, Chile",2026-12-05,ORD-CL-202612-000496,196695,2026-12-08,Quinta Normal
22.556.099-9,Cliente Nuevo 22556099,"Avenida Kennedy 6395, Santiago, Chile",2026-12-05,ORD-CL-202612-000497,69043,2026-12-07,Recoleta
16.513.880-6,Cliente Nuevo 16513880,"Avenida Las Condes 6382, Santiago, Chile",2026-12-05,ORD-CL-202612-000498,87329,2026-12-07,Vitacura
8.331.891-5,Cliente Nuevo 8331891,"Avenida Grecia 8650, Santiago, Chile",2026-12-05,ORD-CL-202612-000499,47493,2026-12-07,Independencia
16.822.988-5,Cliente 16822988,"Calle Teatinos 1540, Santiago, Chile",2026-12-05,ORD-CL-202612-000500,188879,2026-12-09,Providencia
14.429.807-9,Cliente 14429807,"Avenida Apoquindo 6788, Santiago, Chile",2026-12-05,ORD-CL-202612-000501,252352,2026-12-07,Independencia
15.029.322-2,Cliente 15029322,"Avenida Irarrázaval 3307, Santiago, Chile",2026-12-05,ORD-CL-202612-000502,262219,2026-12-08,Vitacura
12.122.288-8,Cliente Nuevo 12122288,"Avenida Las Condes 2361, Santiago, Chile",2026-12-05,ORD-CL-202612-000503,271564,2026-12-07,La Florida
5.834.790-3,Cliente Nuevo 5834790,"Avenida Independencia 8147, Santiago, Chile",2026-12-05,ORD-CL-202612-000504,235769,2026-12-08,La Reina
8.741.036-6,Cliente Nuevo 8741036,"Calle Monjitas 7214, Santiago, Chile",2026-12-05,ORD-CL-202612-000505,86034,2026-12-07,Quinta Normal
8.313.740-6,Cliente 8313740,"Gran Avenida José Miguel Carrera 8043, Santiago, Chile",2026-12-05,ORD-CL-202612-000506,166843,2026-12-09,Santiago
21.566.857-2,Cliente Nuevo 21566857,"Calle Morandé 4015, Santiago, Chile",2026-12-05,ORD-CL-202612-000507,36950,2026-12-08,Las Condes
6.820.648-0,Cliente 6820648,"Calle Compañía De Jesús 9929, Santiago, Chile",2026-12-05,ORD-CL-202612-000508,72228,2026-12-07,La Florida
12.287.194-3,Cliente 12287194,"Avenida Vicuña Mackenna 9322, Santiago, Chile",2026-12-05,ORD-CL-202612-000509,130216,2026-12-09,San Miguel
12.698.104-2,Cliente Nuevo 12698104,"Calle Estado 6949, Santiago, Chile",2026-12-05,ORD-CL-202612-000510,85275,2026-12-08,La Florida
21.054.860-0,Cliente Nuevo 21054860,"Avenida Libertador Bernardo O'Higgins 6781, Santiago, Chile",2026-12-05,ORD-CL-202612-000511,76608,2026-12-08,Quinta Normal
17.657.459-0,Cliente 17657459,"Avenida Macul 5525, Santiago, Chile",2026-12-05,ORD-CL-202612-000512,114594,2026-12-07,La Florida
8.903.786-7,Cliente Nuevo 8903786,"Avenida Departamental 1684, Santiago, Chile",2026-12-05,ORD-CL-202612-000513,125438,2026-12-07,San Miguel
14.428.682-3,Cliente 14428682,"Avenida Vicuña Mackenna 3183, Santiago, Chile",2026-12-05,ORD-CL-202612-000514,87482,2026-12-07,Estación Central
22.361.716-4,Cliente Nuevo 22361716,"Avenida Pajaritos 1316, Santiago, Chile",2026-12-05,ORD-CL-202612-000515,32564,2026-12-07,Independencia
16.478.394-3,Cliente Nuevo 16478394,"Avenida Las Condes 7366, Santiago, Chile",2026-12-05,ORD-CL-202612-000516,189206,2026-12-08,Providencia
14.772.588-5,Cliente Nuevo 14772588,"Avenida Departamental 5011, Santiago, Chile",2026-12-05,ORD-CL-202612-000517,128840,2026-12-07,Independencia
7.444.024-7,Cliente Nuevo 7444024,"Avenida Manuel Montt 531, Santiago, Chile",2026-12-05,ORD-CL-202612-000518,94285,2026-12-10,Las Condes
6.946.263-4,Cliente 6946263,"Avenida Manuel Montt 2881, Santiago, Chile",2026-12-05,ORD-CL-202612-000519,106735,2026-12-09,Quinta Normal
14.417.563-0,Cliente 14417563,"Gran Avenida José Miguel Carrera 2906, Santiago, Chile",2026-12-05,ORD-CL-202612-000520,86028,2026-12-07,Santiago
9.867.745-4,Cliente Nuevo 9867745,"Avenida Pedro De Valdivia 1553, Santiago, Chile",2026-12-05,ORD-CL-202612-000521,269249,2026-12-07,Santiago
13.458.560-5,Cliente 13458560,"Gran Avenida José Miguel Carrera 8857, Santiago, Chile",2026-12-05,ORD-CL-202612-000522,159701,2026-12-08,La Florida
6.438.229-6,Cliente 6438229,"Calle Merced 6576, Santiago, Chile",2026-12-05,ORD-CL-202612-000523,74778,2026-12-07,Puente Alto
20.080.354-5,Cliente Nuevo 20080354,"Avenida Matta 2150, Santiago, Chile",2026-12-05,ORD-CL-202612-000524,266274,2026-12-07,La Florida
6.370.573-0,Cliente Nuevo 6370573,"Calle Estado 1092, Santiago, Chile",2026-12-05,ORD-CL-202612-000525,113742,2026-12-09,La Reina
11.330.850-8,Cliente 11330850,"Avenida Pajaritos 9008, Santiago, Chile",2026-12-05,ORD-CL-202612-000526,97441,2026-12-07,Independencia
6.438.229-6,Cliente 6438229,"Calle Merced 6576, Santiago, Chile",2026-12-05,ORD-CL-202612-000527,173653,2026-12-07,Puente Alto
16.494.486-0,Cliente Nuevo 16494486,"Calle San Diego 6793, Santiago, Chile",2026-12-05,ORD-CL-202612-000528,265724,2026-12-08,Santiago
8.448.991-8,Cliente 8448991,"Avenida Providencia 7118, Santiago, Chile",2026-12-05,ORD-CL-202612-000529,114883,2026-12-08,Independencia
17.227.907-9,Cliente Nuevo 17227907,"Calle Compañía De Jesús 7495, Santiago, Chile",2026-12-05,ORD-CL-202612-000530,189133,2026-12-07,Estación Central
7.640.426-3,Cliente Nuevo 7640426,"Avenida Vitacura 7084, Santiago, Chile",2026-12-05,ORD-CL-202612-000531,115009,2026-12-08,Peñalolén
5.630.264-9,Cliente Nuevo 5630264,"Calle Amunátegui 3884, Santiago, Chile",2026-12-05,ORD-CL-202612-000532,107583,2026-12-06,Vitacura
14.466.059-3,Cliente Nuevo 14466059,"Avenida Las Condes 9155, Santiago, Chile",2026-12-05,ORD-CL-202612-000533,211597,2026-12-09,Santiago
13.456.989-1,Cliente 13456989,"Calle Compañía De Jesús 9577, Santiago, Chile",2026-12-05,ORD-CL-202612-000534,277053,2026-12-08,Quinta Normal
18.922.808-4,Cliente Nuevo 18922808,"Calle Monjitas 1794, Santiago, Chile",2026-12-05,ORD-CL-202612-000535,165646,2026-12-07,Santiago
20.320.279-3,Cliente Nuevo 20320279,"Calle San Antonio 2616, Santiago, Chile",2026-12-05,ORD-CL-202612-000536,165498,2026-12-08,La Florida
16.936.113-2,Cliente 16936113,"Avenida Las Condes 6073, Santiago, Chile",2026-12-05,ORD-CL-202612-000537,118959,2026-12-07,Estación Central
11.046.540-5,Cliente 11046540,"Avenida Santa Rosa 7373, Santiago, Chile",2026-12-05,ORD-CL-202612-000538,243581,2026-12-07,Santiago
19.962.702-1,Cliente Nuevo 19962702,"Calle Monjitas 8816, Santiago, Chile",2026-12-05,ORD-CL-202612-000539,89182,2026-12-07,Santiago
11.782.805-1,Cliente 11782805,"Calle Teatinos 51, Santiago, Chile",2026-12-05,ORD-CL-202612-000540,209629,2026-12-07,Providencia
10.321.726-6,Cliente 10321726,"Avenida Manuel Montt 6339, Santiago, Chile",2026-12-05,ORD-CL-202612-000541,106505,2026-12-07,Recoleta
9.741.243-6,Cliente 9741243,"Calle San Antonio 3410, Santiago, Chile",2026-12-05,ORD-CL-202612-000542,157031,2026-12-08,Santiago
20.917.666-0,Cliente Nuevo 20917666,"Calle Teatinos 9903, Santiago, Chile",2026-12-05,ORD-CL-202612-000543,137956,2026-12-09,Estación Central
16.038.629-9,Cliente Nuevo 16038629,"Calle Morandé 1319, Santiago, Chile",2026-12-05,ORD-CL-202612-000544,72426,2026-12-06,Estación Central
16.353.195-1,Cliente Nuevo 16353195,"Avenida Pajaritos 2107, Santiago, Chile",2026-12-05,ORD-CL-202612-000545,300640,2026-12-06,Providencia
16.240.089-1,Cliente Nuevo 16240089,"Calle Monjitas 3007, Santiago, Chile",2026-12-05,ORD-CL-202612-000546,63431,2026-12-06,Estación Central
19.869.239-1,Cliente Nuevo 19869239,"Avenida Matta 8387, Santiago, Chile",2026-12-05,ORD-CL-202612-000547,132647,2026-12-06,Providencia
17.221.645-5,Cliente Nuevo 17221645,"Avenida La Florida 563, Santiago, Chile",2026-12-05,ORD-CL-202612-000548,81038,2026-12-07,Puente Alto
17.247.993-8,Cliente Nuevo 17247993,"Avenida Vicuña Mackenna 1529, Santiago, Chile",2026-12-05,ORD-CL-202612-000549,213186,2026-12-09,Independencia
5.391.116-5,Cliente Nuevo 5391116,"Avenida Tobalaba 8701, Santiago, Chile",2026-12-05,ORD-CL-202612-000550,169996,2026-12-07,Peñalolén
14.150.753-1,Cliente Nuevo 14150753,"Calle Amunátegui 144, Santiago, Chile",2026-12-05,ORD-CL-202612-000551,83921,2026-12-07,Santiago
14.206.573-5,Cliente Nuevo 14206573,"Avenida Recoleta 2761, Santiago, Chile",2026-12-05,ORD-CL-202612-000552,231054,2026-12-08,Santiago
22.958.652-8,Cliente 22958652,"Avenida Departamental 5762, Santiago, Chile",2026-12-05,ORD-CL-202612-000553,107471,2026-12-08,Lo Prado
7.101.483-0,Cliente 7101483,"Calle Teatinos 8173, Santiago, Chile",2026-12-05,ORD-CL-202612-000554,263205,2026-12-08,Santiago
8.829.354-0,Cliente Nuevo 8829354,"Avenida Matta 1351, Santiago, Chile",2026-12-05,ORD-CL-202612-000555,168411,2026-12-07,Santiago
22.445.445-9,Cliente 22445445,"Avenida Kennedy 7707, Santiago, Chile",2026-12-05,ORD-CL-202612-000556,227036,2026-12-09,Providencia
5.212.571-7,Cliente 5212571,"Avenida Apoquindo 6587, Santiago, Chile",2026-12-05,ORD-CL-202612-000557,220103,2026-12-09,Santiago
22.223.430-0,Cliente 22223430,"Avenida Tobalaba 8047, Santiago, Chile",2026-12-05,ORD-CL-202612-000558,128809,2026-12-07,La Florida
17.458.213-6,Cliente 17458213,"Avenida Santa Rosa 3463, Santiago, Chile",2026-12-05,ORD-CL-202612-000559,204610,2026-12-07,Santiago
7.099.944-3,Cliente 7099944,"Avenida Pedro De Valdivia 2536, Santiago, Chile",2026-12-05,ORD-CL-202612-000560,116349,2026-12-09,Providencia
11.735.042-7,Cliente 11735042,"Avenida Vicuña Mackenna 2305, Santiago, Chile",2026-12-05,ORD-CL-202612-000561,148343,2026-12-08,Recoleta
6.649.055-1,Cliente Nuevo 6649055,"Avenida La Florida 9550, Santiago, Chile",2026-12-05,ORD-CL-202612-000562,217160,2026-12-08,Providencia
6.534.246-7,Cliente Nuevo 6534246,"Avenida Independencia 8549, Santiago, Chile",2026-12-05,ORD-CL-202612-000563,209435,2026-12-07,Quinta Normal
19.856.952-4,Cliente 19856952,"Avenida Departamental 2287, Santiago, Chile",2026-12-05,ORD-CL-202612-000564,259180,2026-12-08,La Florida
10.676.304-9,Cliente Nuevo 10676304,"Calle Teatinos 9422, Santiago, Chile",2026-12-05,ORD-CL-202612-000565,178623,2026-12-07,Las Condes
8.903.786-7,Cliente Nuevo 8903786,"Avenida Departamental 1684, Santiago, Chile",2026-12-05,ORD-CL-202612-000566,144563,2026-12-09,San Miguel
10.499.637-6,Cliente Nuevo 10499637,"Avenida Independencia 7595, Santiago, Chile",2026-12-05,ORD-CL-202612-000567,108244,2026-12-08,Santiago
6.256.899-1,Cliente 6256899,"Calle Teatinos 3427, Santiago, Chile",2026-12-05,ORD-CL-202612-000568,133693,2026-12-07,Lo Prado
11.969.299-2,Cliente Nuevo 11969299,"Avenida Vitacura 4042, Santiago, Chile",2026-12-05,ORD-CL-202612-000569,155664,2026-12-07,Peñalolén
16.445.432-1,Cliente Nuevo 16445432,"Avenida Santa Rosa 8652, Santiago, Chile",2026-12-05,ORD-CL-202612-000570,269701,2026-12-10,Peñalolén
14.102.774-5,Cliente 14102774,"Avenida Independencia 8409, Santiago, Chile",2026-12-05,ORD-CL-202612-000571,128181,2026-12-09,Las Condes
11.421.223-3,Cliente 11421223,"Avenida Tobalaba 205, Santiago, Chile",2026-12-05,ORD-CL-202612-000572,174998,2026-12-08,La Reina
6.281.296-9,Cliente 6281296,"Avenida La Florida 4209, Santiago, Chile",2026-12-05,ORD-CL-202612-000573,67397,2026-12-09,Lo Prado
17.689.703-3,Cliente 17689703,"Avenida Santa Rosa 4394, Santiago, Chile",2026-12-05,ORD-CL-202612-000574,216807,2026-12-09,Santiago
5.004.054-6,Cliente Nuevo 5004054,"Avenida Manuel Montt 1358, Santiago, Chile",2026-12-05,ORD-CL-202612-000575,81557,2026-12-08,Independencia
19.823.676-7,Cliente 19823676,"Avenida Mapocho 8108, Santiago, Chile",2026-12-05,ORD-CL-202612-000576,218323,2026-12-07,Santiago
19.805.203-9,Cliente 19805203,"Calle Santo Domingo 7873, Santiago, Chile",2026-12-05,ORD-CL-202612-000577,103639,2026-12-09,Santiago
21.866.790-6,Cliente Nuevo 21866790,"Avenida Matta 4519, Santiago, Chile",2026-12-05,ORD-CL-202612-000578,170202,2026-12-09,La Florida
22.275.515-0,Cliente 22275515,"Avenida Grecia 6734, Santiago, Chile",2026-12-05,ORD-CL-202612-000579,232458,2026-12-07,La Reina
18.703.849-2,Cliente 18703849,"Calle San Antonio 5691, Santiago, Chile",2026-12-05,ORD-CL-202612-000580,176615,2026-12-07,Quinta Normal
6.891.525-9,Cliente Nuevo 6891525,"Avenida Libertador Bernardo O'Higgins 9532, Santiago, Chile",2026-12-05,ORD-CL-202612-000581,175693,2026-12-07,Vitacura
10.832.554-5,Cliente Nuevo 10832554,"Avenida Vitacura 8645, Santiago, Chile",2026-12-05,ORD-CL-202612-000582,187339,2026-12-09,San Miguel
14.319.883-1,Cliente 14319883,"Avenida Matta 5936, Santiago, Chile",2026-12-05,ORD-CL-202612-000583,128047,2026-12-08,Puente Alto
8.903.786-7,Cliente Nuevo 8903786,"Avenida Departamental 1684, Santiago, Chile",2026-12-05,ORD-CL-202612-000584,74494,2026-12-07,San Miguel
19.237.467-1,Cliente 19237467,"Avenida Kennedy 7565, Santiago, Chile",2026-12-05,ORD-CL-202612-000585,296917,2026-12-07,Peñalolén
12.348.199-2,Cliente 12348199,"Calle San Diego 2825, Santiago, Chile",2026-12-05,ORD-CL-202612-000586,93553,2026-12-07,Quinta Normal
6.106.585-0,Cliente Nuevo 6106585,"Avenida Kennedy 8602, Santiago, Chile",2026-12-05,ORD-CL-202612-000587,107539,2026-12-07,Independencia
7.828.574-5,Cliente Nuevo 7828574,"Calle Merced 3950, Santiago, Chile",2026-12-05,ORD-CL-202612-000588,156537,2026-12-08,Peñalolén
12.986.328-3,Cliente 12986328,"Calle San Diego 7434, Santiago, Chile",2026-12-05,ORD-CL-202612-000589,103001,2026-12-06,La Florida
14.636.046-2,Cliente 14636046,"Calle Merced 2409, Santiago, Chile",2026-12-05,ORD-CL-202612-000590,133780,2026-12-08,Estación Central
8.440.511-5,Cliente Nuevo 8440511,"Avenida Pajaritos 5711, Santiago, Chile",2026-12-05,ORD-CL-202612-000591,173881,2026-12-07,Quinta Normal
7.411.334-2,Cliente 7411334,"Gran Avenida José Miguel Carrera 3534, Santiago, Chile",2026-12-05,ORD-CL-202612-000592,315065,2026-12-08,Providencia
20.341.187-6,Cliente 20341187,"Avenida Independencia 5061, Santiago, Chile",2026-12-05,ORD-CL-202612-000593,195688,2026-12-09,San Miguel
22.339.630-5,Cliente Nuevo 22339630,"Avenida Irarrázaval 7187, Santiago, Chile",2026-12-05,ORD-CL-202612-000594,215196,2026-12-08,Independencia
13.011.364-4,Cliente Nuevo 13011364,"Avenida Américo Vespucio 1280, Santiago, Chile",2026-12-05,ORD-CL-202612-000595,284364,2026-12-07,Puente Alto
17.978.490-4,Cliente 17978490,"Avenida Kennedy 6477, Santiago, Chile",2026-12-05,ORD-CL-202612-000596,112917,2026-12-09,Santiago
19.246.133-9,Cliente Nuevo 19246133,"Avenida Mapocho 4083, Santiago, Chile",2026-12-05,ORD-CL-202612-000597,232093,2026-12-07,La Florida
5.630.264-9,Cliente Nuevo 5630264,"Calle Amunátegui 3884, Santiago, Chile",2026-12-05,ORD-CL-202612-000598,73776,2026-12-08,Vitacura
9.022.733-0,Cliente Nuevo 9022733,"Calle Catedral 5096, Santiago, Chile",2026-12-05,ORD-CL-202612-000599,175333,2026-12-08,Vitacura
17.337.192-6,Cliente Nuevo 17337192,"Avenida Vitacura 1491, Santiago, Chile",2026-12-05,ORD-CL-202612-000600,236852,2026-12-09,San Miguel
10.838.437-5,Cliente Nuevo 10838437,"Calle Teatinos 2173, Santiago, Chile",2026-12-05,ORD-CL-202612-000601,104280,2026-12-07,Santiago
20.952.182-6,Cliente Nuevo 20952182,"Calle Morandé 5183, Santiago, Chile",2026-12-05,ORD-CL-202612-000602,173255,2026-12-08,Las Condes
21.301.006-1,Cliente 21301006,"Calle Huérfanos 8615, Santiago, Chile",2026-12-05,ORD-CL-202612-000603,223100,2026-12-09,Providencia
15.618.442-9,Cliente 15618442,"Avenida Las Condes 1859, Santiago, Chile",2026-12-05,ORD-CL-202612-000604,185847,2026-12-07,Santiago
17.917.635-0,Cliente 17917635,"Avenida Apoquindo 6480, Santiago, Chile",2026-12-05,ORD-CL-202612-000605,280984,2026-12-08,Recoleta
20.135.651-7,Cliente 20135651,"Avenida Kennedy 9586, Santiago, Chile",2026-12-05,ORD-CL-202612-000606,166850,2026-12-07,Independencia
16.426.911-9,Cliente Nuevo 16426911,"Avenida Independencia 2471, Santiago, Chile",2026-12-05,ORD-CL-202612-000607,144450,2026-12-07,Santiago
19.196.753-9,Cliente 19196753,"Calle San Diego 2493, Santiago, Chile",2026-12-05,ORD-CL-202612-000608,142381,2026-12-08,La Reina
18.668.779-2,Cliente Nuevo 18668779,"Calle San Antonio 544, Santiago, Chile",2026-12-05,ORD-CL-202612-000609,149960,2026-12-07,Las Condes
5.381.034-4,Cliente Nuevo 5381034,"Calle Estado 5906, Santiago, Chile",2026-12-05,ORD-CL-202612-000610,85201,2026-12-08,La Florida
17.817.197-1,Cliente Nuevo 17817197,"Avenida Santa Rosa 5280, Santiago, Chile",2026-12-05,ORD-CL-202612-000611,74604,2026-12-08,Santiago
5.910.073-3,Cliente Nuevo 5910073,"Avenida Las Condes 5618, Santiago, Chile",2026-12-05,ORD-CL-202612-000612,82093,2026-12-08,Vitacura
11.868.601-4,Cliente 11868601,"Calle Huérfanos 3156, Santiago, Chile",2026-12-05,ORD-CL-202612-000613,246043,2026-12-07,Santiago
6.158.147-0,Cliente 6158147,"Calle Estado 6428, Santiago, Chile",2026-12-05,ORD-CL-202612-000614,134088,2026-12-09,Quinta Normal
12.099.512-2,Cliente Nuevo 12099512,"Calle Amunátegui 3478, Santiago, Chile",2026-12-05,ORD-CL-202612-000615,126587,2026-12-07,Independencia
14.693.203-4,Cliente Nuevo 14693203,"Calle Huérfanos 996, Santiago, Chile",2026-12-05,ORD-CL-202612-000616,114958,2026-12-07,La Florida
14.985.748-7,Cliente Nuevo 14985748,"Calle Estado 2000, Santiago, Chile",2026-12-05,ORD-CL-202612-000617,218642,2026-12-08,Providencia
12.660.541-2,Cliente 12660541,"Calle Arturo Prat 4097, Santiago, Chile",2026-12-05,ORD-CL-202612-000618,87835,2026-12-07,Santiago
5.802.113-4,Cliente Nuevo 5802113,"Avenida Las Condes 599, Santiago, Chile",2026-12-05,ORD-CL-202612-000619,232292,2026-12-07,San Miguel
20.576.826-3,Cliente Nuevo 20576826,"Calle Compañía De Jesús 9096, Santiago, Chile",2026-12-05,ORD-CL-202612-000620,130481,2026-12-08,Vitacura
5.037.487-6,Cliente Nuevo 5037487,"Calle Arturo Prat 6200, Santiago, Chile",2026-12-05,ORD-CL-202612-000621,208473,2026-12-09,Santiago
19.568.555-7,Cliente Nuevo 19568555,"Avenida Tobalaba 3001, Santiago, Chile",2026-12-05,ORD-CL-202612-000622,97435,2026-12-08,Peñalolén
20.925.552-2,Cliente Nuevo 20925552,"Avenida Libertador Bernardo O'Higgins 9834, Santiago, Chile",2026-12-05,ORD-CL-202612-000623,83023,2026-12-08,Vitacura
14.819.473-1,Cliente 14819473,"Avenida Grecia 6127, Santiago, Chile",2026-12-05,ORD-CL-202612-000624,84327,2026-12-07,Puente Alto
6.505.448-5,Cliente 6505448,"Avenida La Florida 3026, Santiago, Chile",2026-12-06,ORD-CL-202612-000625,172088,2026-12-08,Santiago
19.012.047-9,Cliente 19012047,"Avenida Kennedy 1678, Santiago, Chile",2026-12-06,ORD-CL-202612-000626,143382,2026-12-08,Providencia
18.505.871-0,Cliente 18505871,"Calle Catedral 9619, Santiago, Chile",2026-12-06,ORD-CL-202612-000627,182858,2026-12-09,La Florida
7.383.509-4,Cliente Nuevo 7383509,"Avenida Matta 4411, Santiago, Chile",2026-12-06,ORD-CL-202612-000628,101925,2026-12-07,Las Condes
10.462.949-0,Cliente Nuevo 10462949,"Calle Compañía De Jesús 8863, Santiago, Chile",2026-12-06,ORD-CL-202612-000629,109526,2026-12-08,Santiago
11.972.250-9,Cliente 11972250,"Avenida Mapocho 159, Santiago, Chile",2026-12-06,ORD-CL-202612-000630,235267,2026-12-07,Peñalolén
14.570.237-8,Cliente 14570237,"Gran Avenida José Miguel Carrera 7970, Santiago, Chile",2026-12-06,ORD-CL-202612-000631,193261,2026-12-08,Santiago
21.547.895-8,Cliente 21547895,"Calle San Diego 5264, Santiago, Chile",2026-12-06,ORD-CL-202612-000632,175186,2026-12-08,Santiago
10.884.364-8,Cliente Nuevo 10884364,"Avenida Santa Rosa 5380, Santiago, Chile",2026-12-06,ORD-CL-202612-000633,179234,2026-12-10,La Florida
5.628.536-3,Cliente Nuevo 5628536,"Calle Teatinos 7030, Santiago, Chile",2026-12-06,ORD-CL-202612-000634,117641,2026-12-08,Santiago
15.073.105-3,Cliente Nuevo 15073105,"Avenida La Florida 8463, Santiago, Chile",2026-12-06,ORD-CL-202612-000635,172095,2026-12-07,Estación Central
14.819.473-1,Cliente 14819473,"Avenida Grecia 6127, Santiago, Chile",2026-12-06,ORD-CL-202612-000636,125366,2026-12-08,Puente Alto
13.857.481-2,Cliente 13857481,"Avenida Vitacura 8614, Santiago, Chile",2026-12-06,ORD-CL-202612-000637,244622,2026-12-10,Puente Alto
14.447.082-7,Cliente 14447082,"Calle Compañía De Jesús 6812, Santiago, Chile",2026-12-06,ORD-CL-202612-000638,95431,2026-12-09,Santiago
20.495.444-6,Cliente 20495444,"Calle Huérfanos 5705, Santiago, Chile",2026-12-06,ORD-CL-202612-000639,168652,2026-12-08,Santiago
18.009.133-6,Cliente 18009133,"Avenida Macul 8042, Santiago, Chile",2026-12-06,ORD-CL-202612-000640,230121,2026-12-08,Recoleta
17.149.758-9,Cliente Nuevo 17149758,"Calle San Diego 3959, Santiago, Chile",2026-12-06,ORD-CL-202612-000641,186987,2026-12-09,Vitacura
17.547.435-3,Cliente Nuevo 17547435,"Avenida Irarrázaval 2033, Santiago, Chile",2026-12-06,ORD-CL-202612-000642,195733,2026-12-10,Santiago
18.260.935-7,Cliente Nuevo 18260935,"Calle Teatinos 4556, Santiago, Chile",2026-12-06,ORD-CL-202612-000643,215345,2026-12-08,Providencia
15.949.317-5,Cliente Nuevo 15949317,"Calle Monjitas 1312, Santiago, Chile",2026-12-06,ORD-CL-202612-000644,244258,2026-12-09,Las Condes
17.313.403-1,Cliente 17313403,"Avenida La Florida 7678, Santiago, Chile",2026-12-06,ORD-CL-202612-000645,133332,2026-12-08,Santiago
14.449.066-2,Cliente 14449066,"Calle Santo Domingo 9845, Santiago, Chile",2026-12-06,ORD-CL-202612-000646,232563,2026-12-10,Lo Prado
21.891.611-3,Cliente 21891611,"Calle Morandé 1682, Santiago, Chile",2026-12-06,ORD-CL-202612-000647,35295,2026-12-08,Lo Prado
7.951.830-0,Cliente Nuevo 7951830,"Calle Teatinos 9817, Santiago, Chile",2026-12-06,ORD-CL-202612-000648,166279,2026-12-10,Santiago
22.958.652-8,Cliente 22958652,"Avenida Departamental 5762, Santiago, Chile",2026-12-06,ORD-CL-202612-000649,262320,2026-12-08,Lo Prado
22.537.714-9,Cliente 22537714,"Calle Amunátegui 8339, Santiago, Chile",2026-12-06,ORD-CL-202612-000650,143395,2026-12-09,Puente Alto
21.208.203-8,Cliente Nuevo 21208203,"Avenida La Florida 476, Santiago, Chile",2026-12-06,ORD-CL-202612-000651,90573,2026-12-09,Lo Prado
9.726.119-3,Cliente 9726119,"Calle Arturo Prat 8069, Santiago, Chile",2026-12-06,ORD-CL-202612-000652,98655,2026-12-08,Santiago
6.846.068-6,Cliente 6846068,"Avenida Irarrázaval 4486, Santiago, Chile",2026-12-06,ORD-CL-202612-000653,151182,2026-12-08,Estación Central
17.854.674-8,Cliente Nuevo 17854674,"Avenida Santa Rosa 5071, Santiago, Chile",2026-12-06,ORD-CL-202612-000654,280153,2026-12-10,La Florida
14.921.076-6,Cliente Nuevo 14921076,"Calle San Antonio 4837, Santiago, Chile",2026-12-06,ORD-CL-202612-000655,75716,2026-12-08,Independencia
10.529.717-2,Cliente Nuevo 10529717,"Calle Compañía De Jesús 4356, Santiago, Chile",2026-12-06,ORD-CL-202612-000656,119634,2026-12-10,Estación Central
18.518.400-1,Cliente Nuevo 18518400,"Calle San Antonio 7402, Santiago, Chile",2026-12-06,ORD-CL-202612-000657,213194,2026-12-08,Puente Alto
5.530.290-9,Cliente 5530290,"Avenida La Florida 5593, Santiago, Chile",2026-12-06,ORD-CL-202612-000658,172526,2026-12-08,Santiago
16.285.363-4,Cliente Nuevo 16285363,"Calle Merced 3010, Santiago, Chile",2026-12-06,ORD-CL-202612-000659,74454,2026-12-08,Santiago
17.375.524-7,Cliente Nuevo 17375524,"Calle Morandé 1191, Santiago, Chile",2026-12-06,ORD-CL-202612-000660,186279,2026-12-08,Santiago
16.478.394-3,Cliente Nuevo 16478394,"Avenida Las Condes 7366, Santiago, Chile",2026-12-06,ORD-CL-202612-000661,132368,2026-12-08,Providencia
13.011.364-4,Cliente Nuevo 13011364,"Avenida Américo Vespucio 1280, Santiago, Chile",2026-12-06,ORD-CL-202612-000662,176761,2026-12-10,Puente Alto
8.273.241-6,Cliente Nuevo 8273241,"Calle Bandera 2346, Santiago, Chile",2026-12-06,ORD-CL-202612-000663,101709,2026-12-08,San Miguel
6.289.549-0,Cliente Nuevo 6289549,"Calle Catedral 4403, Santiago, Chile",2026-12-06,ORD-CL-202612-000664,87224,2026-12-10,Independencia
7.112.518-1,Cliente 7112518,"Avenida Pedro De Valdivia 9956, Santiago, Chile",2026-12-06,ORD-CL-202612-000665,193320,2026-12-10,Estación Central
8.336.332-0,Cliente Nuevo 8336332,"Avenida Manuel Montt 685, Santiago, Chile",2026-12-06,ORD-CL-202612-000666,171562,2026-12-09,Recoleta
19.701.098-5,Cliente Nuevo 19701098,"Avenida Kennedy 8609, Santiago, Chile",2026-12-06,ORD-CL-202612-000667,91457,2026-12-09,Lo Prado
9.838.273-9,Cliente Nuevo 9838273,"Calle Amunátegui 1717, Santiago, Chile",2026-12-06,ORD-CL-202612-000668,323454,2026-12-10,Santiago
20.921.571-6,Cliente 20921571,"Calle Santo Domingo 9185, Santiago, Chile",2026-12-06,ORD-CL-202612-000669,36939,2026-12-09,La Florida
14.772.588-5,Cliente Nuevo 14772588,"Avenida Departamental 5011, Santiago, Chile",2026-12-06,ORD-CL-202612-000670,182768,2026-12-08,Independencia
12.031.498-3,Cliente Nuevo 12031498,"Calle San Diego 6481, Santiago, Chile",2026-12-06,ORD-CL-202612-000671,127373,2026-12-08,Quinta Normal
17.008.500-2,Cliente Nuevo 17008500,"Avenida Libertador Bernardo O'Higgins 2693, Santiago, Chile",2026-12-06,ORD-CL-202612-000672,196057,2026-12-08,Santiago
8.447.287-6,Cliente Nuevo 8447287,"Calle San Antonio 9769, Santiago, Chile",2026-12-06,ORD-CL-202612-000673,283433,2026-12-10,La Reina
9.415.369-1,Cliente 9415369,"Calle San Antonio 8998, Santiago, Chile",2026-12-06,ORD-CL-202612-000674,173529,2026-12-09,Recoleta
13.395.227-9,Cliente 13395227,"Avenida Irarrázaval 1701, Santiago, Chile",2026-12-06,ORD-CL-202612-000675,148173,2026-12-08,Santiago
12.154.464-4,Cliente 12154464,"Avenida Recoleta 7333, Santiago, Chile",2026-12-06,ORD-CL-202612-000676,75768,2026-12-10,Santiago
11.330.850-8,Cliente 11330850,"Avenida Pajaritos 9008, Santiago, Chile",2026-12-06,ORD-CL-202612-000677,46077,2026-12-09,Independencia
18.136.533-6,Cliente 18136533,"Avenida Libertador Bernardo O'Higgins 1045, Santiago, Chile",2026-12-06,ORD-CL-202612-000678,207183,2026-12-08,Santiago
7.813.858-0,Cliente 7813858,"Avenida Manuel Montt 1285, Santiago, Chile",2026-12-06,ORD-CL-202612-000679,133267,2026-12-08,Vitacura
9.773.714-3,Cliente Nuevo 9773714,"Avenida Matta 6450, Santiago, Chile",2026-12-06,ORD-CL-202612-000680,127157,2026-12-08,Recoleta
7.062.851-9,Cliente Nuevo 7062851,"Avenida Las Condes 2824, Santiago, Chile",2026-12-06,ORD-CL-202612-000681,286791,2026-12-08,Independencia
12.356.190-9,Cliente Nuevo 12356190,"Avenida Américo Vespucio 9821, Santiago, Chile",2026-12-06,ORD-CL-202612-000682,236474,2026-12-10,Santiago
11.782.805-1,Cliente 11782805,"Calle Teatinos 51, Santiago, Chile",2026-12-06,ORD-CL-202612-000683,195085,2026-12-08,Providencia
5.802.113-4,Cliente Nuevo 5802113,"Avenida Las Condes 599, Santiago, Chile",2026-12-06,ORD-CL-202612-000684,298972,2026-12-10,San Miguel
15.460.916-7,Cliente 15460916,"Calle Bandera 7800, Santiago, Chile",2026-12-06,ORD-CL-202612-000685,332261,2026-12-07,Puente Alto
8.651.650-2,Cliente 8651650,"Avenida Las Condes 6923, Santiago, Chile",2026-12-06,ORD-CL-202612-000686,113871,2026-12-08,Santiago
14.466.059-3,Cliente Nuevo 14466059,"Avenida Las Condes 9155, Santiago, Chile",2026-12-06,ORD-CL-202612-000687,71254,2026-12-09,Santiago
10.902.419-0,Cliente 10902419,"Avenida Santa Rosa 3238, Santiago, Chile",2026-12-06,ORD-CL-202612-000688,75530,2026-12-08,La Florida
15.024.999-8,Cliente Nuevo 15024999,"Avenida Kennedy 8032, Santiago, Chile",2026-12-06,ORD-CL-202612-000689,46610,2026-12-09,La Florida
20.645.063-3,Cliente 20645063,"Calle San Antonio 4814, Santiago, Chile",2026-12-06,ORD-CL-202612-000690,43071,2026-12-08,Providencia
17.731.216-7,Cliente 17731216,"Avenida Libertador Bernardo O'Higgins 9424, Santiago, Chile",2026-12-06,ORD-CL-202612-000691,300468,2026-12-08,Santiago
10.996.031-8,Cliente 10996031,"Calle Merced 635, Santiago, Chile",2026-12-06,ORD-CL-202612-000692,88865,2026-12-08,Puente Alto
10.284.916-2,Cliente Nuevo 10284916,"Calle Arturo Prat 1115, Santiago, Chile",2026-12-06,ORD-CL-202612-000693,171021,2026-12-09,Santiago
18.009.133-6,Cliente 18009133,"Avenida Macul 8042, Santiago, Chile",2026-12-06,ORD-CL-202612-000694,108456,2026-12-09,Recoleta
20.500.827-3,Cliente Nuevo 20500827,"Calle Morandé 4315, Santiago, Chile",2026-12-06,ORD-CL-202612-000695,238927,2026-12-08,Estación Central
9.111.040-9,Cliente 9111040,"Calle Arturo Prat 810, Santiago, Chile",2026-12-06,ORD-CL-202612-000696,222670,2026-12-09,Santiago
19.948.802-5,Cliente Nuevo 19948802,"Avenida Providencia 7581, Santiago, Chile",2026-12-06,ORD-CL-202612-000697,114022,2026-12-08,Independencia
9.331.521-5,Cliente Nuevo 9331521,"Avenida Vitacura 7181, Santiago, Chile",2026-12-06,ORD-CL-202612-000698,237056,2026-12-09,La Florida
12.154.464-4,Cliente 12154464,"Avenida Recoleta 7333, Santiago, Chile",2026-12-06,ORD-CL-202612-000699,99962,2026-12-08,Santiago
13.071.916-4,Cliente 13071916,"Calle Catedral 999, Santiago, Chile",2026-12-06,ORD-CL-202612-000700,96385,2026-12-09,Vitacura
18.613.878-0,Cliente Nuevo 18613878,"Avenida Apoquindo 9524, Santiago, Chile",2026-12-06,ORD-CL-202612-000701,105757,2026-12-09,La Reina
14.544.300-5,Cliente Nuevo 14544300,"Calle Morandé 5902, Santiago, Chile",2026-12-06,ORD-CL-202612-000702,101695,2026-12-09,Quinta Normal
6.467.242-5,Cliente 6467242,"Avenida Independencia 24, Santiago, Chile",2026-12-06,ORD-CL-202612-000703,59329,2026-12-08,San Miguel
13.360.684-4,Cliente Nuevo 13360684,"Avenida Matta 3621, Santiago, Chile",2026-12-06,ORD-CL-202612-000704,189042,2026-12-08,Santiago
20.043.687-1,Cliente 20043687,"Avenida Santa Rosa 2768, Santiago, Chile",2026-12-06,ORD-CL-202612-000705,273687,2026-12-08,Santiago
18.824.562-2,Cliente 18824562,"Calle Estado 6692, Santiago, Chile",2026-12-06,ORD-CL-202612-000706,142198,2026-12-09,Puente Alto
5.472.652-1,Cliente 5472652,"Calle Amunátegui 3124, Santiago, Chile",2026-12-06,ORD-CL-202612-000707,318218,2026-12-08,Vitacura
5.569.188-3,Cliente 5569188,"Avenida La Florida 2701, Santiago, Chile",2026-12-06,ORD-CL-202612-000708,79943,2026-12-08,Independencia
9.084.968-3,Cliente Nuevo 9084968,"Calle Merced 3073, Santiago, Chile",2026-12-06,ORD-CL-202612-000709,137277,2026-12-08,Santiago
13.689.284-3,Cliente 13689284,"Calle San Diego 2653, Santiago, Chile",2026-12-06,ORD-CL-202612-000710,206059,2026-12-07,Vitacura
18.095.437-5,Cliente Nuevo 18095437,"Calle Bandera 374, Santiago, Chile",2026-12-06,ORD-CL-202612-000711,254848,2026-12-09,Estación Central
15.118.916-1,Cliente Nuevo 15118916,"Avenida Vicuña Mackenna 3841, Santiago, Chile",2026-12-06,ORD-CL-202612-000712,164261,2026-12-10,Las Condes
14.957.228-2,Cliente 14957228,"Avenida Mapocho 934, Santiago, Chile",2026-12-06,ORD-CL-202612-000713,129479,2026-12-09,La Reina
13.395.227-9,Cliente 13395227,"Avenida Irarrázaval 1701, Santiago, Chile",2026-12-06,ORD-CL-202612-000714,51795,2026-12-08,Santiago
18.774.506-4,Cliente 18774506,"Avenida Irarrázaval 3657, Santiago, Chile",2026-12-06,ORD-CL-202612-000715,202570,2026-12-10,Las Condes
18.056.704-4,Cliente Nuevo 18056704,"Avenida Macul 170, Santiago, Chile",2026-12-06,ORD-CL-202612-000716,225845,2026-12-10,Estación Central
19.994.164-4,Cliente 19994164,"Avenida Macul 7795, Santiago, Chile",2026-12-06,ORD-CL-202612-000717,225464,2026-12-10,Santiago
21.546.217-3,Cliente Nuevo 21546217,"Avenida Pedro De Valdivia 8264, Santiago, Chile",2026-12-06,ORD-CL-202612-000718,141453,2026-12-08,Puente Alto
14.109.215-6,Cliente 14109215,"Avenida Tobalaba 7599, Santiago, Chile",2026-12-06,ORD-CL-202612-000719,92539,2026-12-08,Lo Prado
8.328.717-3,Cliente 8328717,"Avenida Las Condes 7602, Santiago, Chile",2026-12-06,ORD-CL-202612-000720,157538,2026-12-08,La Florida
19.523.392-4,Cliente 19523392,"Avenida Recoleta 978, Santiago, Chile",2026-12-06,ORD-CL-202612-000721,166325,2026-12-08,Independencia
18.266.885-0,Cliente 18266885,"Avenida Pedro De Valdivia 8568, Santiago, Chile",2026-12-06,ORD-CL-202612-000722,156403,2026-12-09,Providencia
5.595.025-8,Cliente Nuevo 5595025,"Avenida Matta 7533, Santiago, Chile",2026-12-06,ORD-CL-202612-000723,198281,2026-12-11,Lo Prado
6.639.530-6,Cliente 6639530,"Avenida Grecia 3963, Santiago, Chile",2026-12-06,ORD-CL-202612-000724,100032,2026-12-08,Las Condes
16.554.800-3,Cliente 16554800,"Calle Estado 7420, Santiago, Chile",2026-12-06,ORD-CL-202612-000725,83241,2026-12-10,San Miguel
8.738.877-8,Cliente 8738877,"Avenida Tobalaba 7259, Santiago, Chile",2026-12-06,ORD-CL-202612-000726,276828,2026-12-08,Santiago
11.195.978-4,Cliente Nuevo 11195978,"Avenida Libertador Bernardo O'Higgins 4420, Santiago, Chile",2026-12-06,ORD-CL-202612-000727,55655,2026-12-08,Peñalolén
9.773.714-3,Cliente Nuevo 9773714,"Avenida Matta 6450, Santiago, Chile",2026-12-06,ORD-CL-202612-000728,265917,2026-12-09,Recoleta
18.193.416-1,Cliente 18193416,"Calle Amunátegui 7500, Santiago, Chile",2026-12-06,ORD-CL-202612-000729,130629,2026-12-08,Puente Alto
7.656.100-9,Cliente Nuevo 7656100,"Calle San Diego 19, Santiago, Chile",2026-12-06,ORD-CL-202612-000730,168186,2026-12-08,Quinta Normal
11.046.238-5,Cliente Nuevo 11046238,"Calle Catedral 4077, Santiago, Chile",2026-12-06,ORD-CL-202612-000731,225230,2026-12-10,Estación Central
14.091.933-4,Cliente 14091933,"Calle Huérfanos 6842, Santiago, Chile",2026-12-06,ORD-CL-202612-000732,103352,2026-12-08,Santiago
12.188.886-9,Cliente Nuevo 12188886,"Avenida Matta 1890, Santiago, Chile",2026-12-06,ORD-CL-202612-000733,174400,2026-12-10,Las Condes
16.406.246-6,Cliente 16406246,"Calle Amunátegui 7187, Santiago, Chile",2026-12-06,ORD-CL-202612-000734,227693,2026-12-09,Las Condes
14.077.834-4,Cliente 14077834,"Calle San Diego 9330, Santiago, Chile",2026-12-06,ORD-CL-202612-000735,111988,2026-12-08,Lo Prado
14.693.203-4,Cliente Nuevo 14693203,"Calle Huérfanos 996, Santiago, Chile",2026-12-06,ORD-CL-202612-000736,234667,2026-12-09,La Florida
5.548.914-9,Cliente Nuevo 5548914,"Avenida Pedro De Valdivia 9132, Santiago, Chile",2026-12-06,ORD-CL-202612-000737,162810,2026-12-07,La Florida
20.810.671-6,Cliente 20810671,"Avenida Las Condes 3513, Santiago, Chile",2026-12-06,ORD-CL-202612-000738,50649,2026-12-08,Estación Central
13.867.485-8,Cliente Nuevo 13867485,"Calle Morandé 4830, Santiago, Chile",2026-12-06,ORD-CL-202612-000739,150402,2026-12-08,Vitacura
10.059.413-2,Cliente 10059413,"Calle Amunátegui 7156, Santiago, Chile",2026-12-06,ORD-CL-202612-000740,238745,2026-12-09,Peñalolén
15.604.622-8,Cliente 15604622,"Calle Amunátegui 562, Santiago, Chile",2026-12-06,ORD-CL-202612-000741,249636,2026-12-10,Las Condes
15.053.679-6,Cliente Nuevo 15053679,"Calle Arturo Prat 2917, Santiago, Chile",2026-12-06,ORD-CL-202612-000742,122180,2026-12-08,Santiago
17.850.873-2,Cliente Nuevo 17850873,"Avenida Apoquindo 1257, Santiago, Chile",2026-12-06,ORD-CL-202612-000743,97638,2026-12-08,Las Condes
6.438.229-6,Cliente 6438229,"Calle Merced 6576, Santiago, Chile",2026-12-06,ORD-CL-202612-000744,193099,2026-12-08,Puente Alto
15.444.723-9,Cliente Nuevo 15444723,"Avenida Libertador Bernardo O'Higgins 4124, Santiago, Chile",2026-12-06,ORD-CL-202612-000745,122259,2026-12-08,Providencia
6.957.401-2,Cliente 6957401,"Avenida Independencia 912, Santiago, Chile",2026-12-06,ORD-CL-202612-000746,99767,2026-12-10,San Miguel
9.711.475-0,Cliente Nuevo 9711475,"Avenida Providencia 4440, Santiago, Chile",2026-12-06,ORD-CL-202612-000747,94605,2026-12-08,Lo Prado
12.033.124-1,Cliente 12033124,"Avenida Tobalaba 4809, Santiago, Chile",2026-12-06,ORD-CL-202612-000748,74010,2026-12-08,Santiago
22.280.532-6,Cliente 22280532,"Calle Monjitas 469, Santiago, Chile",2026-12-06,ORD-CL-202612-000749,127995,2026-12-08,Las Condes
12.118.902-3,Cliente 12118902,"Avenida Manuel Montt 5488, Santiago, Chile",2026-12-06,ORD-CL-202612-000750,150204,2026-12-07,Providencia
11.075.593-0,Cliente 11075593,"Calle Catedral 4639, Santiago, Chile",2026-12-06,ORD-CL-202612-000751,233529,2026-12-08,Recoleta
19.429.781-7,Cliente 19429781,"Calle Arturo Prat 6209, Santiago, Chile",2026-12-06,ORD-CL-202612-000752,76338,2026-12-09,Independencia
17.997.402-5,Cliente Nuevo 17997402,"Avenida Santa Rosa 9308, Santiago, Chile",2026-12-06,ORD-CL-202612-000753,68859,2026-12-09,Santiago
12.910.728-3,Cliente Nuevo 12910728,"Gran Avenida José Miguel Carrera 6169, Santiago, Chile",2026-12-06,ORD-CL-202612-000754,83083,2026-12-08,Lo Prado
16.285.363-4,Cliente Nuevo 16285363,"Calle Merced 3010, Santiago, Chile",2026-12-06,ORD-CL-202612-000755,196846,2026-12-09,Santiago
8.803.300-4,Cliente Nuevo 8803300,"Calle Compañía De Jesús 7400, Santiago, Chile",2026-12-06,ORD-CL-202612-000756,78838,2026-12-08,San Miguel
19.823.676-7,Cliente 19823676,"Avenida Mapocho 8108, Santiago, Chile",2026-12-06,ORD-CL-202612-000757,68325,2026-12-08,Santiago
9.084.968-3,Cliente Nuevo 9084968,"Calle Merced 3073, Santiago, Chile",2026-12-06,ORD-CL-202612-000758,143797,2026-12-08,Santiago
11.629.931-6,Cliente Nuevo 11629931,"Avenida Macul 3293, Santiago, Chile",2026-12-06,ORD-CL-202612-000759,142718,2026-12-09,Santiago
10.338.580-7,Cliente 10338580,"Avenida Kennedy 6273, Santiago, Chile",2026-12-06,ORD-CL-202612-000760,216238,2026-12-11,Estación Central
9.677.270-6,Cliente 9677270,"Avenida Matta 5966, Santiago, Chile",2026-12-06,ORD-CL-202612-000761,70971,2026-12-09,Santiago
20.759.906-8,Cliente Nuevo 20759906,"Avenida Tobalaba 402, Santiago, Chile",2026-12-06,ORD-CL-202612-000762,112679,2026-12-07,Lo Prado
18.049.613-1,Cliente 18049613,"Avenida Santa Rosa 2215, Santiago, Chile",2026-12-06,ORD-CL-202612-000763,178719,2026-12-09,Estación Central
14.748.147-2,Cliente Nuevo 14748147,"Avenida Providencia 7511, Santiago, Chile",2026-12-06,ORD-CL-202612-000764,182466,2026-12-09,La Florida
11.758.091-5,Cliente Nuevo 11758091,"Avenida Tobalaba 8391, Santiago, Chile",2026-12-06,ORD-CL-202612-000765,181936,2026-12-10,La Florida
7.136.434-3,Cliente Nuevo 7136434,"Calle Compañía De Jesús 4206, Santiago, Chile",2026-12-06,ORD-CL-202612-000766,167838,2026-12-09,Las Condes
18.772.291-2,Cliente 18772291,"Calle San Antonio 7092, Santiago, Chile",2026-12-06,ORD-CL-202612-000767,133275,2026-12-07,La Florida
12.088.641-7,Cliente Nuevo 12088641,"Avenida Vitacura 8761, Santiago, Chile",2026-12-06,ORD-CL-202612-000768,247807,2026-12-08,Vitacura
22.911.959-6,Cliente Nuevo 22911959,"Avenida Matta 2502, Santiago, Chile",2026-12-06,ORD-CL-202612-000769,218332,2026-12-10,Estación Central
13.892.478-4,Cliente 13892478,"Avenida Irarrázaval 8356, Santiago, Chile",2026-12-06,ORD-CL-202612-000770,198256,2026-12-07,Vitacura
16.783.720-7,Cliente 16783720,"Avenida Departamental 8393, Santiago, Chile",2026-12-06,ORD-CL-202612-000771,63619,2026-12-08,Santiago
17.252.448-5,Cliente Nuevo 17252448,"Avenida Américo Vespucio 7059, Santiago, Chile",2026-12-06,ORD-CL-202612-000772,171152,2026-12-08,Santiago
14.206.573-5,Cliente Nuevo 14206573,"Avenida Recoleta 2761, Santiago, Chile",2026-12-06,ORD-CL-202612-000773,48617,2026-12-08,Santiago
16.362.465-7,Cliente 16362465,"Avenida Grecia 2176, Santiago, Chile",2026-12-06,ORD-CL-202612-000774,290050,2026-12-10,Puente Alto
15.276.811-0,Cliente Nuevo 15276811,"Avenida Las Condes 2696, Santiago, Chile",2026-12-06,ORD-CL-202612-000775,98635,2026-12-09,San Miguel
16.285.363-4,Cliente Nuevo 16285363,"Calle Merced 3010, Santiago, Chile",2026-12-06,ORD-CL-202612-000776,106337,2026-12-09,Santiago
20.147.460-3,Cliente 20147460,"Avenida Apoquindo 5322, Santiago, Chile",2026-12-06,ORD-CL-202612-000777,238115,2026-12-08,Santiago
15.290.073-0,Cliente 15290073,"Avenida La Florida 4055, Santiago, Chile",2026-12-06,ORD-CL-202612-000778,198533,2026-12-09,Puente Alto
13.952.745-3,Cliente 13952745,"Calle Santo Domingo 3512, Santiago, Chile",2026-12-06,ORD-CL-202612-000779,59205,2026-12-10,Estación Central
18.798.662-1,Cliente Nuevo 18798662,"Avenida Apoquindo 3569, Santiago, Chile",2026-12-06,ORD-CL-202612-000780,88038,2026-12-10,Recoleta
8.829.354-0,Cliente Nuevo 8829354,"Avenida Matta 1351, Santiago, Chile",2026-12-06,ORD-CL-202612-000781,151837,2026-12-10,Santiago
9.272.430-1,Cliente 9272430,"Avenida Kennedy 3695, Santiago, Chile",2026-12-06,ORD-CL-202612-000782,178455,2026-12-07,La Reina
11.850.979-9,Cliente 11850979,"Avenida Tobalaba 7248, Santiago, Chile",2026-12-06,ORD-CL-202612-000783,252920,2026-12-10,Providencia
11.997.322-5,Cliente Nuevo 11997322,"Calle Estado 3974, Santiago, Chile",2026-12-06,ORD-CL-202612-000784,226257,2026-12-08,La Florida
18.613.878-0,Cliente Nuevo 18613878,"Avenida Apoquindo 9524, Santiago, Chile",2026-12-06,ORD-CL-202612-000785,130390,2026-12-08,La Reina
7.919.660-9,Cliente 7919660,"Calle Estado 8391, Santiago, Chile",2026-12-06,ORD-CL-202612-000786,186993,2026-12-09,Independencia
9.955.289-3,Cliente Nuevo 9955289,"Avenida Tobalaba 8404, Santiago, Chile",2026-12-06,ORD-CL-202612-000787,89737,2026-12-08,Santiago
21.766.072-6,Cliente Nuevo 21766072,"Avenida La Florida 2626, Santiago, Chile",2026-12-06,ORD-CL-202612-000788,133349,2026-12-08,Santiago
18.278.841-3,Cliente Nuevo 18278841,"Avenida Providencia 1084, Santiago, Chile",2026-12-06,ORD-CL-202612-000789,176576,2026-12-09,Santiago
15.175.968-6,Cliente 15175968,"Avenida La Florida 360, Santiago, Chile",2026-12-07,ORD-CL-202612-000790,68374,2026-12-11,Santiago
15.471.008-1,Cliente Nuevo 15471008,"Avenida Kennedy 4272, Santiago, Chile",2026-12-07,ORD-CL-202612-000791,142354,2026-12-08,Puente Alto
11.020.094-5,Cliente Nuevo 11020094,"Avenida Vitacura 9378, Santiago, Chile",2026-12-07,ORD-CL-202612-000792,157683,2026-12-09,Santiago
6.510.243-9,Cliente Nuevo 6510243,"Avenida Kennedy 5882, Santiago, Chile",2026-12-07,ORD-CL-202612-000793,73457,2026-12-09,Peñalolén
13.705.835-4,Cliente 13705835,"Calle Merced 99, Santiago, Chile",2026-12-07,ORD-CL-202612-000794,112861,2026-12-10,Independencia
7.648.841-2,Cliente Nuevo 7648841,"Avenida Manuel Montt 4025, Santiago, Chile",2026-12-07,ORD-CL-202612-000795,95753,2026-12-09,Santiago
13.181.020-0,Cliente Nuevo 13181020,"Avenida La Florida 3952, Santiago, Chile",2026-12-07,ORD-CL-202612-000796,131049,2026-12-11,Vitacura
12.033.777-7,Cliente Nuevo 12033777,"Calle Santo Domingo 1612, Santiago, Chile",2026-12-07,ORD-CL-202612-000797,160452,2026-12-09,Santiago
19.169.090-1,Cliente Nuevo 19169090,"Calle Estado 4786, Santiago, Chile",2026-12-07,ORD-CL-202612-000798,64939,2026-12-11,Santiago
18.872.942-9,Cliente Nuevo 18872942,"Calle Catedral 4585, Santiago, Chile",2026-12-07,ORD-CL-202612-000799,109220,2026-12-09,La Reina
15.768.838-4,Cliente 15768838,"Calle Catedral 2422, Santiago, Chile",2026-12-07,ORD-CL-202612-000800,98260,2026-12-10,Vitacura
8.003.030-7,Cliente 8003030,"Avenida La Florida 9258, Santiago, Chile",2026-12-07,ORD-CL-202612-000801,120263,2026-12-10,Quinta Normal
6.732.448-5,Cliente 6732448,"Avenida Américo Vespucio 8714, Santiago, Chile",2026-12-07,ORD-CL-202612-000802,254477,2026-12-11,Providencia
6.318.395-2,Cliente 6318395,"Avenida Irarrázaval 3425, Santiago, Chile",2026-12-07,ORD-CL-202612-000803,105769,2026-12-09,Las Condes
5.311.782-7,Cliente 5311782,"Calle Huérfanos 2891, Santiago, Chile",2026-12-07,ORD-CL-202612-000804,156744,2026-12-10,Quinta Normal
5.514.496-2,Cliente 5514496,"Avenida Matta 8447, Santiago, Chile",2026-12-07,ORD-CL-202612-000805,164139,2026-12-10,Santiago
22.624.142-8,Cliente 22624142,"Avenida Providencia 7465, Santiago, Chile",2026-12-07,ORD-CL-202612-000806,115077,2026-12-09,Quinta Normal
13.269.727-3,Cliente 13269727,"Calle Bandera 8232, Santiago, Chile",2026-12-07,ORD-CL-202612-000807,184353,2026-12-09,Santiago
13.952.745-3,Cliente 13952745,"Calle Santo Domingo 3512, Santiago, Chile",2026-12-07,ORD-CL-202612-000808,228474,2026-12-09,Estación Central
16.624.651-5,Cliente 16624651,"Avenida Manuel Montt 2210, Santiago, Chile",2026-12-07,ORD-CL-202612-000809,108814,2026-12-09,Santiago
18.090.741-8,Cliente 18090741,"Calle Estado 4482, Santiago, Chile",2026-12-07,ORD-CL-202612-000810,93440,2026-12-10,La Florida
15.706.390-3,Cliente Nuevo 15706390,"Calle Compañía De Jesús 5396, Santiago, Chile",2026-12-07,ORD-CL-202612-000811,258735,2026-12-10,La Florida
15.567.910-1,Cliente 15567910,"Avenida Libertador Bernardo O'Higgins 3641, Santiago, Chile",2026-12-07,ORD-CL-202612-000812,140029,2026-12-11,Vitacura
10.223.485-1,Cliente 10223485,"Calle Teatinos 438, Santiago, Chile",2026-12-07,ORD-CL-202612-000813,261203,2026-12-09,Santiago
18.548.320-0,Cliente Nuevo 18548320,"Avenida Apoquindo 1062, Santiago, Chile",2026-12-07,ORD-CL-202612-000814,208553,2026-12-10,Quinta Normal
5.628.536-3,Cliente Nuevo 5628536,"Calle Teatinos 7030, Santiago, Chile",2026-12-07,ORD-CL-202612-000815,211798,2026-12-09,Santiago
10.271.268-6,Cliente 10271268,"Avenida Recoleta 9064, Santiago, Chile",2026-12-07,ORD-CL-202612-000816,148027,2026-12-09,Santiago
8.876.027-1,Cliente Nuevo 8876027,"Calle Morandé 3445, Santiago, Chile",2026-12-07,ORD-CL-202612-000817,57768,2026-12-10,Santiago
13.418.713-8,Cliente 13418713,"Calle Merced 6655, Santiago, Chile",2026-12-07,ORD-CL-202612-000818,119568,2026-12-09,Vitacura
7.599.270-9,Cliente 7599270,"Avenida La Florida 7983, Santiago, Chile",2026-12-07,ORD-CL-202612-000819,240244,2026-12-11,Santiago
14.276.332-2,Cliente Nuevo 14276332,"Calle Morandé 7331, Santiago, Chile",2026-12-07,ORD-CL-202612-000820,235565,2026-12-09,Puente Alto
10.511.181-7,Cliente 10511181,"Avenida Providencia 4502, Santiago, Chile",2026-12-07,ORD-CL-202612-000821,240170,2026-12-08,Las Condes
22.512.365-6,Cliente 22512365,"Avenida Recoleta 2984, Santiago, Chile",2026-12-07,ORD-CL-202612-000822,170163,2026-12-11,Santiago
21.783.616-1,Cliente 21783616,"Avenida Américo Vespucio 3402, Santiago, Chile",2026-12-07,ORD-CL-202612-000823,55684,2026-12-08,Providencia
10.061.066-8,Cliente Nuevo 10061066,"Avenida Pedro De Valdivia 5865, Santiago, Chile",2026-12-07,ORD-CL-202612-000824,263991,2026-12-10,Las Condes
21.785.699-3,Cliente 21785699,"Avenida Apoquindo 4280, Santiago, Chile",2026-12-07,ORD-CL-202612-000825,45186,2026-12-10,Independencia
15.410.695-8,Cliente Nuevo 15410695,"Avenida Tobalaba 101, Santiago, Chile",2026-12-07,ORD-CL-202612-000826,177377,2026-12-09,San Miguel
11.169.226-3,Cliente 11169226,"Avenida Mapocho 4335, Santiago, Chile",2026-12-07,ORD-CL-202612-000827,145182,2026-12-10,Las Condes
17.308.796-5,Cliente 17308796,"Avenida Grecia 7261, Santiago, Chile",2026-12-07,ORD-CL-202612-000828,191838,2026-12-10,Santiago
21.948.443-7,Cliente 21948443,"Calle San Diego 8934, Santiago, Chile",2026-12-07,ORD-CL-202612-000829,317579,2026-12-11,Las Condes
9.141.930-4,Cliente 9141930,"Calle Merced 790, Santiago, Chile",2026-12-07,ORD-CL-202612-000830,121321,2026-12-09,La Florida
10.300.189-5,Cliente 10300189,"Avenida Vicuña Mackenna 3766, Santiago, Chile",2026-12-07,ORD-CL-202612-000831,57341,2026-12-11,Puente Alto
7.932.926-3,Cliente 7932926,"Calle Estado 5553, Santiago, Chile",2026-12-07,ORD-CL-202612-000832,138221,2026-12-11,Puente Alto
9.589.636-7,Cliente Nuevo 9589636,"Avenida Providencia 8365, Santiago, Chile",2026-12-07,ORD-CL-202612-000833,98598,2026-12-10,Lo Prado
5.539.930-3,Cliente 5539930,"Avenida Macul 6617, Santiago, Chile",2026-12-07,ORD-CL-202612-000834,291262,2026-12-09,San Miguel
7.847.660-3,Cliente Nuevo 7847660,"Avenida Kennedy 5225, Santiago, Chile",2026-12-07,ORD-CL-202612-000835,136368,2026-12-11,Santiago
18.208.456-5,Cliente 18208456,"Avenida Irarrázaval 2396, Santiago, Chile",2026-12-07,ORD-CL-202612-000836,101820,2026-12-10,Santiago
17.735.075-3,Cliente Nuevo 17735075,"Calle San Antonio 9627, Santiago, Chile",2026-12-07,ORD-CL-202612-000837,155565,2026-12-09,Santiago
11.504.160-7,Cliente 11504160,"Calle Morandé 2308, Santiago, Chile",2026-12-07,ORD-CL-202612-000838,166502,2026-12-11,La Florida
6.600.416-2,Cliente Nuevo 6600416,"Calle Santo Domingo 6811, Santiago, Chile",2026-12-07,ORD-CL-202612-000839,255100,2026-12-11,La Reina
10.411.606-1,Cliente Nuevo 10411606,"Calle Santo Domingo 6777, Santiago, Chile",2026-12-07,ORD-CL-202612-000840,109043,2026-12-10,Vitacura
5.882.244-8,Cliente Nuevo 5882244,"Calle Merced 8895, Santiago, Chile",2026-12-07,ORD-CL-202612-000841,282615,2026-12-08,Quinta Normal
9.578.791-6,Cliente Nuevo 9578791,"Avenida Libertador Bernardo O'Higgins 2045, Santiago, Chile",2026-12-07,ORD-CL-202612-000842,110203,2026-12-10,Recoleta
11.298.910-5,Cliente 11298910,"Avenida Apoquindo 8795, Santiago, Chile",2026-12-07,ORD-CL-202612-000843,65306,2026-12-10,Estación Central
8.441.293-4,Cliente Nuevo 8441293,"Avenida Libertador Bernardo O'Higgins 484, Santiago, Chile",2026-12-07,ORD-CL-202612-000844,270805,2026-12-11,Providencia
15.880.306-9,Cliente 15880306,"Avenida Vicuña Mackenna 6625, Santiago, Chile",2026-12-07,ORD-CL-202612-000845,131977,2026-12-10,Estación Central
16.997.447-6,Cliente Nuevo 16997447,"Calle Huérfanos 8152, Santiago, Chile",2026-12-07,ORD-CL-202612-000846,109727,2026-12-11,Las Condes
15.265.569-6,Cliente 15265569,"Avenida Pajaritos 8544, Santiago, Chile",2026-12-07,ORD-CL-202612-000847,68749,2026-12-09,Independencia
13.676.688-5,Cliente Nuevo 13676688,"Calle Arturo Prat 1559, Santiago, Chile",2026-12-07,ORD-CL-202612-000848,180646,2026-12-10,Recoleta
22.728.569-9,Cliente Nuevo 22728569,"Avenida Kennedy 3662, Santiago, Chile",2026-12-07,ORD-CL-202612-000849,267924,2026-12-10,Santiago
10.155.874-7,Cliente Nuevo 10155874,"Calle Monjitas 3502, Santiago, Chile",2026-12-07,ORD-CL-202612-000850,55607,2026-12-10,Quinta Normal
21.124.801-7,Cliente 21124801,"Avenida Pajaritos 372, Santiago, Chile",2026-12-07,ORD-CL-202612-000851,158974,2026-12-09,Independencia
15.384.499-0,Cliente 15384499,"Calle San Antonio 9427, Santiago, Chile",2026-12-07,ORD-CL-202612-000852,179996,2026-12-09,Puente Alto
5.810.193-0,Cliente Nuevo 5810193,"Calle Merced 4192, Santiago, Chile",2026-12-07,ORD-CL-202612-000853,71919,2026-12-10,Las Condes
5.165.826-0,Cliente Nuevo 5165826,"Calle Huérfanos 6451, Santiago, Chile",2026-12-07,ORD-CL-202612-000854,199141,2026-12-10,Vitacura
11.799.958-5,Cliente 11799958,"Calle Huérfanos 5299, Santiago, Chile",2026-12-07,ORD-CL-202612-000855,224759,2026-12-11,Santiago
5.824.263-2,Cliente 5824263,"Calle Compañía De Jesús 9462, Santiago, Chile",2026-12-07,ORD-CL-202612-000856,234150,2026-12-09,Lo Prado
15.460.916-7,Cliente 15460916,"Calle Bandera 7800, Santiago, Chile",2026-12-07,ORD-CL-202612-000857,131205,2026-12-10,Puente Alto
20.650.446-1,Cliente 20650446,"Avenida Kennedy 4724, Santiago, Chile",2026-12-07,ORD-CL-202612-000858,216824,2026-12-09,Independencia
17.997.402-5,Cliente Nuevo 17997402,"Avenida Santa Rosa 9308, Santiago, Chile",2026-12-07,ORD-CL-202612-000859,265797,2026-12-09,Santiago
7.665.044-8,Cliente Nuevo 7665044,"Calle Catedral 9757, Santiago, Chile",2026-12-07,ORD-CL-202612-000860,129047,2026-12-10,Santiago
20.528.123-3,Cliente 20528123,"Avenida Grecia 3746, Santiago, Chile",2026-12-07,ORD-CL-202612-000861,211322,2026-12-10,Peñalolén
6.438.229-6,Cliente 6438229,"Calle Merced 6576, Santiago, Chile",2026-12-07,ORD-CL-202612-000862,85190,2026-12-10,Puente Alto
7.144.201-2,Cliente Nuevo 7144201,"Avenida Vicuña Mackenna 3988, Santiago, Chile",2026-12-07,ORD-CL-202612-000863,104032,2026-12-09,La Reina
15.904.108-1,Cliente Nuevo 15904108,"Avenida Vicuña Mackenna 4311, Santiago, Chile",2026-12-07,ORD-CL-202612-000864,120448,2026-12-09,Santiago
8.164.057-6,Cliente Nuevo 8164057,"Avenida Libertador Bernardo O'Higgins 4908, Santiago, Chile",2026-12-07,ORD-CL-202612-000865,86740,2026-12-10,San Miguel
11.883.745-3,Cliente Nuevo 11883745,"Calle Amunátegui 9661, Santiago, Chile",2026-12-07,ORD-CL-202612-000866,104919,2026-12-09,La Florida
9.159.574-0,Cliente 9159574,"Gran Avenida José Miguel Carrera 6581, Santiago, Chile",2026-12-07,ORD-CL-202612-000867,57510,2026-12-09,Las Condes
21.196.886-8,Cliente Nuevo 21196886,"Avenida Matta 3211, Santiago, Chile",2026-12-07,ORD-CL-202612-000868,134214,2026-12-09,Quinta Normal
20.274.770-8,Cliente 20274770,"Calle Morandé 9393, Santiago, Chile",2026-12-07,ORD-CL-202612-000869,147075,2026-12-08,Santiago
14.033.088-6,Cliente Nuevo 14033088,"Avenida Departamental 9365, Santiago, Chile",2026-12-07,ORD-CL-202612-000870,120610,2026-12-10,Peñalolén
18.986.593-2,Cliente 18986593,"Calle Arturo Prat 6969, Santiago, Chile",2026-12-07,ORD-CL-202612-000871,94298,2026-12-09,Recoleta
7.212.187-8,Cliente Nuevo 7212187,"Calle San Diego 8343, Santiago, Chile",2026-12-07,ORD-CL-202612-000872,151557,2026-12-10,San Miguel
19.670.345-6,Cliente Nuevo 19670345,"Avenida Irarrázaval 2781, Santiago, Chile",2026-12-07,ORD-CL-202612-000873,163537,2026-12-10,La Florida
6.904.381-9,Cliente 6904381,"Avenida Libertador Bernardo O'Higgins 7273, Santiago, Chile",2026-12-07,ORD-CL-202612-000874,161360,2026-12-10,Santiago
7.951.830-0,Cliente Nuevo 7951830,"Calle Teatinos 9817, Santiago, Chile",2026-12-07,ORD-CL-202612-000875,202587,2026-12-09,Santiago
9.697.997-8,Cliente Nuevo 9697997,"Avenida Tobalaba 3092, Santiago, Chile",2026-12-07,ORD-CL-202612-000876,147483,2026-12-10,Independencia
7.553.319-0,Cliente Nuevo 7553319,"Calle Santo Domingo 5422, Santiago, Chile",2026-12-07,ORD-CL-202612-000877,300469,2026-12-09,Lo Prado
13.180.239-0,Cliente 13180239,"Avenida Mapocho 2988, Santiago, Chile",2026-12-07,ORD-CL-202612-000878,174557,2026-12-09,Peñalolén
13.269.727-3,Cliente 13269727,"Calle Bandera 8232, Santiago, Chile",2026-12-07,ORD-CL-202612-000879,224601,2026-12-10,Santiago
16.557.205-7,Cliente 16557205,"Calle Arturo Prat 4440, Santiago, Chile",2026-12-08,ORD-CL-202612-000880,192540,2026-12-10,San Miguel
7.148.186-5,Cliente Nuevo 7148186,"Calle Santo Domingo 2857, Santiago, Chile",2026-12-08,ORD-CL-202612-000881,192516,2026-12-10,Peñalolén
20.307.103-7,Cliente Nuevo 20307103,"Calle San Antonio 1624, Santiago, Chile",2026-12-08,ORD-CL-202612-000882,165935,2026-12-10,Providencia
7.263.675-9,Cliente Nuevo 7263675,"Calle Compañía De Jesús 7022, Santiago, Chile",2026-12-08,ORD-CL-202612-000883,171391,2026-12-12,Santiago
16.000.761-7,Cliente Nuevo 16000761,"Calle Morandé 7753, Santiago, Chile",2026-12-08,ORD-CL-202612-000884,196642,2026-12-10,Santiago
11.292.260-5,Cliente 11292260,"Avenida Irarrázaval 6780, Santiago, Chile",2026-12-08,ORD-CL-202612-000885,58012,2026-12-12,Santiago
12.095.330-0,Cliente Nuevo 12095330,"Calle Santo Domingo 4271, Santiago, Chile",2026-12-08,ORD-CL-202612-000886,97701,2026-12-10,Santiago
7.136.434-3,Cliente Nuevo 7136434,"Calle Compañía De Jesús 4206, Santiago, Chile",2026-12-08,ORD-CL-202612-000887,111113,2026-12-11,Las Condes
5.683.172-2,Cliente Nuevo 5683172,"Calle San Antonio 592, Santiago, Chile",2026-12-08,ORD-CL-202612-000888,199373,2026-12-12,Vitacura
20.368.985-4,Cliente 20368985,"Avenida Santa Rosa 7371, Santiago, Chile",2026-12-08,ORD-CL-202612-000889,158224,2026-12-12,Puente Alto
13.594.672-8,Cliente Nuevo 13594672,"Avenida Macul 2271, Santiago, Chile",2026-12-08,ORD-CL-202612-000890,169693,2026-12-12,Peñalolén
22.949.052-6,Cliente 22949052,"Avenida Kennedy 9275, Santiago, Chile",2026-12-08,ORD-CL-202612-000891,92836,2026-12-10,Estación Central
14.192.154-3,Cliente Nuevo 14192154,"Calle Teatinos 1048, Santiago, Chile",2026-12-08,ORD-CL-202612-000892,112931,2026-12-10,Quinta Normal
5.974.807-2,Cliente Nuevo 5974807,"Avenida Macul 928, Santiago, Chile",2026-12-08,ORD-CL-202612-000893,237818,2026-12-12,La Reina
13.360.684-4,Cliente Nuevo 13360684,"Avenida Matta 3621, Santiago, Chile",2026-12-08,ORD-CL-202612-000894,263634,2026-12-11,Santiago
13.591.026-5,Cliente 13591026,"Avenida Kennedy 640, Santiago, Chile",2026-12-08,ORD-CL-202612-000895,118766,2026-12-11,Santiago
15.648.825-4,Cliente 15648825,"Avenida Departamental 223, Santiago, Chile",2026-12-08,ORD-CL-202612-000896,89014,2026-12-11,La Reina
6.899.986-8,Cliente Nuevo 6899986,"Avenida Mapocho 1251, Santiago, Chile",2026-12-08,ORD-CL-202612-000897,51837,2026-12-10,La Reina
19.196.753-9,Cliente 19196753,"Calle San Diego 2493, Santiago, Chile",2026-12-08,ORD-CL-202612-000898,276748,2026-12-11,La Reina
20.008.165-9,Cliente 20008165,"Avenida Mapocho 1601, Santiago, Chile",2026-12-08,ORD-CL-202612-000899,162977,2026-12-10,Quinta Normal
20.826.044-2,Cliente 20826044,"Calle Estado 1659, Santiago, Chile",2026-12-08,ORD-CL-202612-000900,137373,2026-12-11,Las Condes
21.626.232-2,Cliente Nuevo 21626232,"Calle Compañía De Jesús 6548, Santiago, Chile",2026-12-08,ORD-CL-202612-000901,40217,2026-12-10,Santiago
17.327.422-1,Cliente Nuevo 17327422,"Avenida Independencia 2203, Santiago, Chile",2026-12-08,ORD-CL-202612-000902,163319,2026-12-10,Peñalolén
21.171.484-4,Cliente 21171484,"Calle Morandé 9783, Santiago, Chile",2026-12-08,ORD-CL-202612-000903,80136,2026-12-12,Estación Central
14.092.820-9,Cliente Nuevo 14092820,"Avenida Américo Vespucio 5192, Santiago, Chile",2026-12-08,ORD-CL-202612-000904,177274,2026-12-11,Vitacura
12.118.902-3,Cliente 12118902,"Avenida Manuel Montt 5488, Santiago, Chile",2026-12-08,ORD-CL-202612-000905,184855,2026-12-11,Providencia
22.539.541-3,Cliente Nuevo 22539541,"Calle San Diego 5389, Santiago, Chile",2026-12-08,ORD-CL-202612-000906,259511,2026-12-10,Puente Alto
17.777.808-6,Cliente 17777808,"Avenida Libertador Bernardo O'Higgins 5746, Santiago, Chile",2026-12-08,ORD-CL-202612-000907,237122,2026-12-10,Santiago
21.841.892-1,Cliente 21841892,"Avenida Kennedy 9846, Santiago, Chile",2026-12-08,ORD-CL-202612-000908,47384,2026-12-10,La Reina
14.957.228-2,Cliente 14957228,"Avenida Mapocho 934, Santiago, Chile",2026-12-08,ORD-CL-202612-000909,111572,2026-12-10,La Reina
20.319.081-6,Cliente 20319081,"Avenida Grecia 1341, Santiago, Chile",2026-12-08,ORD-CL-202612-000910,49469,2026-12-11,La Florida
5.207.863-4,Cliente Nuevo 5207863,"Calle San Diego 7691, Santiago, Chile",2026-12-08,ORD-CL-202612-000911,148457,2026-12-11,San Miguel
10.353.880-5,Cliente Nuevo 10353880,"Avenida Departamental 88, Santiago, Chile",2026-12-08,ORD-CL-202612-000912,129442,2026-12-10,Santiago
8.465.175-9,Cliente 8465175,"Calle Huérfanos 5159, Santiago, Chile",2026-12-08,ORD-CL-202612-000913,173687,2026-12-10,Santiago
19.802.533-2,Cliente Nuevo 19802533,"Calle Arturo Prat 8711, Santiago, Chile",2026-12-08,ORD-CL-202612-000914,104005,2026-12-11,La Florida
12.014.687-8,Cliente 12014687,"Calle Estado 1465, Santiago, Chile",2026-12-08,ORD-CL-202612-000915,104388,2026-12-09,Santiago
13.418.713-8,Cliente 13418713,"Calle Merced 6655, Santiago, Chile",2026-12-08,ORD-CL-202612-000916,86438,2026-12-10,Vitacura
8.888.562-9,Cliente 8888562,"Avenida Independencia 8025, Santiago, Chile",2026-12-08,ORD-CL-202612-000917,226987,2026-12-10,Independencia
14.310.620-8,Cliente Nuevo 14310620,"Calle Santo Domingo 5170, Santiago, Chile",2026-12-08,ORD-CL-202612-000918,100679,2026-12-10,Recoleta
13.905.591-0,Cliente Nuevo 13905591,"Avenida Irarrázaval 7578, Santiago, Chile",2026-12-08,ORD-CL-202612-000919,155004,2026-12-10,Providencia
18.914.115-9,Cliente 18914115,"Avenida Matta 7753, Santiago, Chile",2026-12-08,ORD-CL-202612-000920,107087,2026-12-09,La Florida
18.043.869-7,Cliente Nuevo 18043869,"Avenida Libertador Bernardo O'Higgins 7790, Santiago, Chile",2026-12-08,ORD-CL-202612-000921,256661,2026-12-10,Peñalolén
10.063.607-9,Cliente 10063607,"Calle Estado 9456, Santiago, Chile",2026-12-08,ORD-CL-202612-000922,131166,2026-12-10,Santiago
9.013.615-7,Cliente 9013615,"Calle Merced 2354, Santiago, Chile",2026-12-08,ORD-CL-202612-000923,230844,2026-12-11,Peñalolén
15.888.653-3,Cliente 15888653,"Avenida Pajaritos 3195, Santiago, Chile",2026-12-08,ORD-CL-202612-000924,153918,2026-12-10,Lo Prado
19.078.012-7,Cliente 19078012,"Calle Amunátegui 5542, Santiago, Chile",2026-12-08,ORD-CL-202612-000925,201266,2026-12-12,Estación Central
16.142.409-9,Cliente 16142409,"Avenida Pajaritos 8764, Santiago, Chile",2026-12-08,ORD-CL-202612-000926,204421,2026-12-12,Santiago
5.545.277-4,Cliente 5545277,"Avenida Santa Rosa 8250, Santiago, Chile",2026-12-08,ORD-CL-202612-000927,75485,2026-12-13,Santiago
11.766.836-3,Cliente 11766836,"Avenida Kennedy 5469, Santiago, Chile",2026-12-08,ORD-CL-202612-000928,113381,2026-12-11,Santiago
22.813.500-2,Cliente 22813500,"Avenida Mapocho 9885, Santiago, Chile",2026-12-08,ORD-CL-202612-000929,176102,2026-12-09,La Reina
5.638.216-2,Cliente 5638216,"Calle Merced 2976, Santiago, Chile",2026-12-08,ORD-CL-202612-000930,79906,2026-12-11,La Florida
17.841.434-7,Cliente Nuevo 17841434,"Calle San Antonio 3898, Santiago, Chile",2026-12-08,ORD-CL-202612-000931,165874,2026-12-10,Vitacura
11.853.776-8,Cliente 11853776,"Calle Catedral 3304, Santiago, Chile",2026-12-08,ORD-CL-202612-000932,286575,2026-12-12,Quinta Normal
22.547.461-3,Cliente 22547461,"Avenida Irarrázaval 5222, Santiago, Chile",2026-12-08,ORD-CL-202612-000933,139006,2026-12-10,Vitacura
15.112.652-8,Cliente Nuevo 15112652,"Avenida Santa Rosa 4704, Santiago, Chile",2026-12-08,ORD-CL-202612-000934,134967,2026-12-10,Lo Prado
14.400.084-9,Cliente 14400084,"Avenida Departamental 7484, Santiago, Chile",2026-12-08,ORD-CL-202612-000935,140893,2026-12-10,Santiago
11.325.013-7,Cliente Nuevo 11325013,"Avenida Tobalaba 3549, Santiago, Chile",2026-12-08,ORD-CL-202612-000936,159029,2026-12-11,Puente Alto
10.974.518-9,Cliente 10974518,"Calle Teatinos 8575, Santiago, Chile",2026-12-08,ORD-CL-202612-000937,54068,2026-12-12,Santiago
15.815.165-1,Cliente 15815165,"Calle Santo Domingo 9121, Santiago, Chile",2026-12-08,ORD-CL-202612-000938,277499,2026-12-10,Recoleta
14.282.559-9,Cliente Nuevo 14282559,"Calle Catedral 2615, Santiago, Chile",2026-12-08,ORD-CL-202612-000939,72867,2026-12-10,Lo Prado
9.362.429-2,Cliente 9362429,"Calle Huérfanos 4516, Santiago, Chile",2026-12-08,ORD-CL-202612-000940,327860,2026-12-10,San Miguel
16.110.311-1,Cliente 16110311,"Avenida Macul 5529, Santiago, Chile",2026-12-08,ORD-CL-202612-000941,188622,2026-12-10,La Florida
20.562.021-8,Cliente Nuevo 20562021,"Gran Avenida José Miguel Carrera 5359, Santiago, Chile",2026-12-08,ORD-CL-202612-000942,212692,2026-12-10,La Reina
11.070.385-4,Cliente Nuevo 11070385,"Avenida Providencia 5213, Santiago, Chile",2026-12-08,ORD-CL-202612-000943,180264,2026-12-11,San Miguel
11.212.451-0,Cliente 11212451,"Avenida Américo Vespucio 2037, Santiago, Chile",2026-12-08,ORD-CL-202612-000944,148523,2026-12-11,Las Condes
21.129.694-4,Cliente Nuevo 21129694,"Avenida Américo Vespucio 3402, Santiago, Chile",2026-12-08,ORD-CL-202612-000945,183159,2026-12-12,La Reina
6.883.800-5,Cliente 6883800,"Calle San Antonio 3562, Santiago, Chile",2026-12-08,ORD-CL-202612-000946,171961,2026-12-10,Lo Prado
19.888.499-6,Cliente Nuevo 19888499,"Calle Arturo Prat 5007, Santiago, Chile",2026-12-08,ORD-CL-202612-000947,143277,2026-12-12,Las Condes
22.691.738-1,Cliente 22691738,"Avenida Independencia 3693, Santiago, Chile",2026-12-08,ORD-CL-202612-000948,125123,2026-12-10,La Florida
10.412.066-2,Cliente 10412066,"Gran Avenida José Miguel Carrera 3362, Santiago, Chile",2026-12-08,ORD-CL-202612-000949,140619,2026-12-11,Santiago
20.140.027-4,Cliente Nuevo 20140027,"Calle Bandera 7328, Santiago, Chile",2026-12-08,ORD-CL-202612-000950,166253,2026-12-11,San Miguel
6.639.541-7,Cliente 6639541,"Calle Amunátegui 7313, Santiago, Chile",2026-12-08,ORD-CL-202612-000951,241233,2026-12-10,Puente Alto
20.917.252-8,Cliente Nuevo 20917252,"Avenida Libertador Bernardo O'Higgins 485, Santiago, Chile",2026-12-08,ORD-CL-202612-000952,127703,2026-12-12,Las Condes
14.753.199-0,Cliente Nuevo 14753199,"Avenida Departamental 6007, Santiago, Chile",2026-12-08,ORD-CL-202612-000953,235263,2026-12-12,San Miguel
14.464.405-0,Cliente Nuevo 14464405,"Avenida Apoquindo 4174, Santiago, Chile",2026-12-08,ORD-CL-202612-000954,98096,2026-12-10,Independencia
6.370.573-0,Cliente Nuevo 6370573,"Calle Estado 1092, Santiago, Chile",2026-12-08,ORD-CL-202612-000955,254474,2026-12-11,La Reina
22.907.430-0,Cliente Nuevo 22907430,"Calle San Antonio 9164, Santiago, Chile",2026-12-08,ORD-CL-202612-000956,219673,2026-12-10,Quinta Normal
7.641.766-6,Cliente Nuevo 7641766,"Calle Arturo Prat 7970, Santiago, Chile",2026-12-08,ORD-CL-202612-000957,188141,2026-12-10,Providencia
5.535.738-4,Cliente 5535738,"Calle Bandera 5032, Santiago, Chile",2026-12-08,ORD-CL-202612-000958,221291,2026-12-11,Puente Alto
5.941.416-4,Cliente Nuevo 5941416,"Avenida Santa Rosa 9440, Santiago, Chile",2026-12-08,ORD-CL-202612-000959,169555,2026-12-10,Lo Prado
14.005.353-7,Cliente 14005353,"Calle Morandé 3761, Santiago, Chile",2026-12-08,ORD-CL-202612-000960,260796,2026-12-10,Quinta Normal
10.226.639-2,Cliente Nuevo 10226639,"Avenida Vitacura 1395, Santiago, Chile",2026-12-08,ORD-CL-202612-000961,195556,2026-12-10,San Miguel
6.962.561-3,Cliente 6962561,"Calle Compañía De Jesús 6936, Santiago, Chile",2026-12-08,ORD-CL-202612-000962,75381,2026-12-10,Recoleta
9.185.090-5,Cliente Nuevo 9185090,"Avenida Manuel Montt 4351, Santiago, Chile",2026-12-08,ORD-CL-202612-000963,299907,2026-12-11,Vitacura
14.680.199-8,Cliente Nuevo 14680199,"Avenida Libertador Bernardo O'Higgins 6552, Santiago, Chile",2026-12-08,ORD-CL-202612-000964,314716,2026-12-11,Santiago
18.468.439-0,Cliente Nuevo 18468439,"Avenida Apoquindo 3481, Santiago, Chile",2026-12-08,ORD-CL-202612-000965,124976,2026-12-11,Santiago
16.364.439-7,Cliente Nuevo 16364439,"Calle Monjitas 5563, Santiago, Chile",2026-12-08,ORD-CL-202612-000966,126613,2026-12-10,Puente Alto
21.208.203-8,Cliente Nuevo 21208203,"Avenida La Florida 476, Santiago, Chile",2026-12-08,ORD-CL-202612-000967,46651,2026-12-12,Lo Prado
7.910.497-1,Cliente Nuevo 7910497,"Avenida Independencia 4637, Santiago, Chile",2026-12-08,ORD-CL-202612-000968,122258,2026-12-11,Providencia
16.859.640-8,Cliente 16859640,"Avenida Vitacura 6410, Santiago, Chile",2026-12-08,ORD-CL-202612-000969,116088,2026-12-10,Puente Alto
15.983.093-8,Cliente 15983093,"Calle Compañía De Jesús 8561, Santiago, Chile",2026-12-08,ORD-CL-202612-000970,139293,2026-12-11,Providencia
14.004.174-2,Cliente 14004174,"Avenida Kennedy 5560, Santiago, Chile",2026-12-08,ORD-CL-202612-000971,134272,2026-12-11,Santiago
16.467.561-8,Cliente 16467561,"Calle Teatinos 4467, Santiago, Chile",2026-12-08,ORD-CL-202612-000972,158992,2026-12-09,Providencia
21.968.317-0,Cliente Nuevo 21968317,"Avenida Matta 7845, Santiago, Chile",2026-12-08,ORD-CL-202612-000973,309231,2026-12-10,Vitacura
7.794.068-0,Cliente Nuevo 7794068,"Calle Bandera 3155, Santiago, Chile",2026-12-08,ORD-CL-202612-000974,174258,2026-12-11,Santiago
16.038.629-9,Cliente Nuevo 16038629,"Calle Morandé 1319, Santiago, Chile",2026-12-08,ORD-CL-202612-000975,316771,2026-12-11,Estación Central
13.669.775-3,Cliente Nuevo 13669775,"Avenida Providencia 6412, Santiago, Chile",2026-12-08,ORD-CL-202612-000976,105488,2026-12-10,Santiago
9.604.671-2,Cliente Nuevo 9604671,"Avenida Américo Vespucio 1736, Santiago, Chile",2026-12-08,ORD-CL-202612-000977,104837,2026-12-10,Santiago
17.760.400-9,Cliente 17760400,"Calle Monjitas 7634, Santiago, Chile",2026-12-08,ORD-CL-202612-000978,130165,2026-12-10,Santiago
5.770.009-3,Cliente Nuevo 5770009,"Gran Avenida José Miguel Carrera 152, Santiago, Chile",2026-12-08,ORD-CL-202612-000979,115051,2026-12-10,Lo Prado
18.190.145-8,Cliente Nuevo 18190145,"Avenida Matta 7432, Santiago, Chile",2026-12-08,ORD-CL-202612-000980,240107,2026-12-11,Peñalolén
18.773.090-6,Cliente Nuevo 18773090,"Calle Morandé 69, Santiago, Chile",2026-12-08,ORD-CL-202612-000981,188242,2026-12-12,Las Condes
16.220.368-8,Cliente Nuevo 16220368,"Avenida Recoleta 3634, Santiago, Chile",2026-12-08,ORD-CL-202612-000982,75724,2026-12-12,Santiago
5.926.306-5,Cliente Nuevo 5926306,"Avenida Departamental 1364, Santiago, Chile",2026-12-08,ORD-CL-202612-000983,226066,2026-12-12,Estación Central
15.276.811-0,Cliente Nuevo 15276811,"Avenida Las Condes 2696, Santiago, Chile",2026-12-08,ORD-CL-202612-000984,156688,2026-12-12,San Miguel
15.332.023-4,Cliente 15332023,"Calle Catedral 6241, Santiago, Chile",2026-12-08,ORD-CL-202612-000985,115381,2026-12-11,San Miguel
5.241.999-3,Cliente Nuevo 5241999,"Avenida Providencia 4048, Santiago, Chile",2026-12-08,ORD-CL-202612-000986,157239,2026-12-10,Santiago
12.091.711-6,Cliente Nuevo 12091711,"Avenida Vitacura 6199, Santiago, Chile",2026-12-08,ORD-CL-202612-000987,59312,2026-12-12,Santiago
17.263.025-1,Cliente 17263025,"Avenida Macul 2073, Santiago, Chile",2026-12-08,ORD-CL-202612-000988,109248,2026-12-10,Lo Prado
10.448.640-4,Cliente 10448640,"Avenida Departamental 7403, Santiago, Chile",2026-12-08,ORD-CL-202612-000989,47444,2026-12-10,Recoleta
11.997.322-5,Cliente Nuevo 11997322,"Calle Estado 3974, Santiago, Chile",2026-12-08,ORD-CL-202612-000990,205482,2026-12-10,La Florida
5.539.930-3,Cliente 5539930,"Avenida Macul 6617, Santiago, Chile",2026-12-08,ORD-CL-202612-000991,122569,2026-12-10,San Miguel
21.723.297-3,Cliente 21723297,"Avenida Pedro De Valdivia 6852, Santiago, Chile",2026-12-08,ORD-CL-202612-000992,127693,2026-12-11,Recoleta
19.452.967-3,Cliente Nuevo 19452967,"Avenida Tobalaba 7151, Santiago, Chile",2026-12-08,ORD-CL-202612-000993,250904,2026-12-12,San Miguel
22.580.121-4,Cliente 22580121,"Calle Merced 2517, Santiago, Chile",2026-12-08,ORD-CL-202612-000994,66052,2026-12-10,Santiago
22.679.223-0,Cliente Nuevo 22679223,"Calle Teatinos 3214, Santiago, Chile",2026-12-08,ORD-CL-202612-000995,65439,2026-12-12,Lo Prado
10.109.395-5,Cliente Nuevo 10109395,"Avenida Apoquindo 4985, Santiago, Chile",2026-12-08,ORD-CL-202612-000996,174461,2026-12-13,Santiago
14.772.588-5,Cliente Nuevo 14772588,"Avenida Departamental 5011, Santiago, Chile",2026-12-08,ORD-CL-202612-000997,158723,2026-12-11,Independencia
12.579.819-8,Cliente 12579819,"Calle Amunátegui 1550, Santiago, Chile",2026-12-08,ORD-CL-202612-000998,136331,2026-12-11,Peñalolén
20.328.731-5,Cliente Nuevo 20328731,"Avenida Pajaritos 9996, Santiago, Chile",2026-12-08,ORD-CL-202612-000999,157146,2026-12-10,Las Condes
20.776.299-3,Cliente Nuevo 20776299,"Avenida Pajaritos 6860, Santiago, Chile",2026-12-08,ORD-CL-202612-001000,134114,2026-12-11,Las Condes
11.515.472-1,Cliente Nuevo 11515472,"Calle Arturo Prat 9926, Santiago, Chile",2026-12-08,ORD-CL-202612-001001,169561,2026-12-09,La Reina
13.429.053-2,Cliente Nuevo 13429053,"Avenida Américo Vespucio 4681, Santiago, Chile",2026-12-08,ORD-CL-202612-001002,98662,2026-12-10,La Reina
5.569.188-3,Cliente 5569188,"Avenida La Florida 2701, Santiago, Chile",2026-12-08,ORD-CL-202612-001003,101513,2026-12-10,Independencia
8.328.717-3,Cliente 8328717,"Avenida Las Condes 7602, Santiago, Chile",2026-12-08,ORD-CL-202612-001004,68971,2026-12-12,La Florida
19.566.471-8,Cliente Nuevo 19566471,"Calle Compañía De Jesús 9131, Santiago, Chile",2026-12-08,ORD-CL-202612-001005,181083,2026-12-10,Santiago
15.087.591-8,Cliente 15087591,"Avenida Recoleta 9981, Santiago, Chile",2026-12-08,ORD-CL-202612-001006,177160,2026-12-09,Santiago
16.287.716-7,Cliente 16287716,"Avenida Santa Rosa 6749, Santiago, Chile",2026-12-08,ORD-CL-202612-001007,158244,2026-12-09,Estación Central
22.555.917-0,Cliente Nuevo 22555917,"Calle Amunátegui 8910, Santiago, Chile",2026-12-08,ORD-CL-202612-001008,301714,2026-12-11,Peñalolén
6.283.572-5,Cliente 6283572,"Avenida Américo Vespucio 2389, Santiago, Chile",2026-12-08,ORD-CL-202612-001009,247355,2026-12-09,Independencia
9.161.025-8,Cliente Nuevo 9161025,"Avenida Kennedy 5042, Santiago, Chile",2026-12-08,ORD-CL-202612-001010,154726,2026-12-12,Estación Central
5.149.195-4,Cliente 5149195,"Avenida Santa Rosa 5626, Santiago, Chile",2026-12-08,ORD-CL-202612-001011,168804,2026-12-10,San Miguel
14.129.991-5,Cliente 14129991,"Avenida Matta 1637, Santiago, Chile",2026-12-08,ORD-CL-202612-001012,197317,2026-12-12,Estación Central
6.745.477-7,Cliente Nuevo 6745477,"Calle Estado 8755, Santiago, Chile",2026-12-08,ORD-CL-202612-001013,135445,2026-12-09,Peñalolén
11.317.309-0,Cliente Nuevo 11317309,"Avenida Santa Rosa 5696, Santiago, Chile",2026-12-08,ORD-CL-202612-001014,94551,2026-12-11,Santiago
11.419.481-2,Cliente Nuevo 11419481,"Avenida Manuel Montt 4004, Santiago, Chile",2026-12-08,ORD-CL-202612-001015,263655,2026-12-11,La Reina
11.792.673-0,Cliente Nuevo 11792673,"Avenida Mapocho 4034, Santiago, Chile",2026-12-08,ORD-CL-202612-001016,83680,2026-12-12,Quinta Normal
12.417.413-1,Cliente Nuevo 12417413,"Avenida Tobalaba 1937, Santiago, Chile",2026-12-08,ORD-CL-202612-001017,109400,2026-12-10,Recoleta
14.579.374-1,Cliente 14579374,"Calle Arturo Prat 4741, Santiago, Chile",2026-12-09,ORD-CL-202612-001018,234562,2026-12-10,Vitacura
21.766.072-6,Cliente Nuevo 21766072,"Avenida La Florida 2626, Santiago, Chile",2026-12-09,ORD-CL-202612-001019,230467,2026-12-12,Santiago
18.986.593-2,Cliente 18986593,"Calle Arturo Prat 6969, Santiago, Chile",2026-12-09,ORD-CL-202612-001020,191186,2026-12-13,Recoleta
9.035.343-5,Cliente 9035343,"Calle San Antonio 9169, Santiago, Chile",2026-12-09,ORD-CL-202612-001021,81658,2026-12-11,La Reina
7.801.837-0,Cliente Nuevo 7801837,"Avenida Vicuña Mackenna 6739, Santiago, Chile",2026-12-09,ORD-CL-202612-001022,301804,2026-12-10,Quinta Normal
6.052.790-4,Cliente 6052790,"Avenida Tobalaba 5021, Santiago, Chile",2026-12-09,ORD-CL-202612-001023,297065,2026-12-11,Quinta Normal
8.395.310-4,Cliente Nuevo 8395310,"Gran Avenida José Miguel Carrera 1084, Santiago, Chile",2026-12-09,ORD-CL-202612-001024,52965,2026-12-12,La Florida
10.463.358-7,Cliente Nuevo 10463358,"Calle Monjitas 6053, Santiago, Chile",2026-12-09,ORD-CL-202612-001025,109235,2026-12-12,San Miguel
8.829.317-5,Cliente 8829317,"Avenida Providencia 4618, Santiago, Chile",2026-12-09,ORD-CL-202612-001026,157066,2026-12-13,La Reina
19.431.847-1,Cliente 19431847,"Avenida Pajaritos 3461, Santiago, Chile",2026-12-09,ORD-CL-202612-001027,184151,2026-12-12,Vitacura
12.592.663-1,Cliente Nuevo 12592663,"Avenida Santa Rosa 1012, Santiago, Chile",2026-12-09,ORD-CL-202612-001028,81767,2026-12-13,Puente Alto
13.168.967-9,Cliente Nuevo 13168967,"Avenida Recoleta 6597, Santiago, Chile",2026-12-09,ORD-CL-202612-001029,165667,2026-12-10,La Reina
16.554.800-3,Cliente 16554800,"Calle Estado 7420, Santiago, Chile",2026-12-09,ORD-CL-202612-001030,218062,2026-12-12,San Miguel
19.259.640-0,Cliente Nuevo 19259640,"Avenida Kennedy 1995, Santiago, Chile",2026-12-09,ORD-CL-202612-001031,119730,2026-12-12,Lo Prado
9.610.956-8,Cliente Nuevo 9610956,"Avenida Apoquindo 3723, Santiago, Chile",2026-12-09,ORD-CL-202612-001032,128353,2026-12-12,Quinta Normal
22.770.546-0,Cliente Nuevo 22770546,"Avenida Kennedy 2728, Santiago, Chile",2026-12-09,ORD-CL-202612-001033,118920,2026-12-11,Providencia
5.161.351-9,Cliente 5161351,"Calle Arturo Prat 5460, Santiago, Chile",2026-12-09,ORD-CL-202612-001034,96764,2026-12-11,Peñalolén
5.941.416-4,Cliente Nuevo 5941416,"Avenida Santa Rosa 9440, Santiago, Chile",2026-12-09,ORD-CL-202612-001035,185643,2026-12-11,Lo Prado
15.512.435-0,Cliente 15512435,"Calle Merced 5050, Santiago, Chile",2026-12-09,ORD-CL-202612-001036,41916,2026-12-12,Puente Alto
6.283.572-5,Cliente 6283572,"Avenida Américo Vespucio 2389, Santiago, Chile",2026-12-09,ORD-CL-202612-001037,84519,2026-12-10,Independencia
6.917.619-8,Cliente 6917619,"Calle Amunátegui 9103, Santiago, Chile",2026-12-09,ORD-CL-202612-001038,184516,2026-12-12,Recoleta
22.884.129-4,Cliente Nuevo 22884129,"Avenida Vicuña Mackenna 5005, Santiago, Chile",2026-12-09,ORD-CL-202612-001039,185033,2026-12-11,San Miguel
8.700.812-9,Cliente 8700812,"Avenida Vitacura 8959, Santiago, Chile",2026-12-09,ORD-CL-202612-001040,162697,2026-12-13,La Reina
17.702.076-8,Cliente 17702076,"Calle Estado 2562, Santiago, Chile",2026-12-09,ORD-CL-202612-001041,304250,2026-12-14,La Florida
21.558.419-3,Cliente 21558419,"Calle San Antonio 1349, Santiago, Chile",2026-12-09,ORD-CL-202612-001042,34079,2026-12-12,Puente Alto
9.173.497-6,Cliente 9173497,"Avenida Vitacura 4256, Santiago, Chile",2026-12-09,ORD-CL-202612-001043,78202,2026-12-11,Santiago
7.148.186-5,Cliente Nuevo 7148186,"Calle Santo Domingo 2857, Santiago, Chile",2026-12-09,ORD-CL-202612-001044,190034,2026-12-11,Peñalolén
8.267.697-6,Cliente Nuevo 8267697,"Avenida Macul 3971, Santiago, Chile",2026-12-09,ORD-CL-202612-001045,88446,2026-12-13,Santiago
5.311.285-7,Cliente Nuevo 5311285,"Calle Monjitas 6575, Santiago, Chile",2026-12-09,ORD-CL-202612-001046,149083,2026-12-11,Santiago
9.177.486-1,Cliente 9177486,"Calle Merced 896, Santiago, Chile",2026-12-09,ORD-CL-202612-001047,145284,2026-12-12,Lo Prado
18.983.939-6,Cliente 18983939,"Avenida Recoleta 5910, Santiago, Chile",2026-12-09,ORD-CL-202612-001048,116823,2026-12-11,Quinta Normal
20.453.110-8,Cliente 20453110,"Avenida Américo Vespucio 4961, Santiago, Chile",2026-12-09,ORD-CL-202612-001049,283157,2026-12-13,La Florida
8.508.000-3,Cliente 8508000,"Avenida Las Condes 3917, Santiago, Chile",2026-12-09,ORD-CL-202612-001050,99522,2026-12-11,Puente Alto
7.337.266-2,Cliente Nuevo 7337266,"Avenida Recoleta 5073, Santiago, Chile",2026-12-09,ORD-CL-202612-001051,53626,2026-12-10,Santiago
5.835.005-0,Cliente 5835005,"Avenida Matta 8154, Santiago, Chile",2026-12-09,ORD-CL-202612-001052,103538,2026-12-12,La Florida
6.357.005-4,Cliente Nuevo 6357005,"Calle Amunátegui 3957, Santiago, Chile",2026-12-09,ORD-CL-202612-001053,151125,2026-12-11,La Reina
12.965.934-3,Cliente Nuevo 12965934,"Calle Arturo Prat 9962, Santiago, Chile",2026-12-09,ORD-CL-202612-001054,177619,2026-12-11,Independencia
11.591.617-4,Cliente Nuevo 11591617,"Calle Morandé 7400, Santiago, Chile",2026-12-09,ORD-CL-202612-001055,256899,2026-12-12,Las Condes
5.355.868-9,Cliente 5355868,"Avenida Mapocho 7796, Santiago, Chile",2026-12-09,ORD-CL-202612-001056,135939,2026-12-11,Las Condes
5.149.563-9,Cliente Nuevo 5149563,"Calle San Diego 1583, Santiago, Chile",2026-12-09,ORD-CL-202612-001057,75888,2026-12-11,Independencia
6.106.585-0,Cliente Nuevo 6106585,"Avenida Kennedy 8602, Santiago, Chile",2026-12-09,ORD-CL-202612-001058,90162,2026-12-12,Independencia
14.572.874-7,Cliente Nuevo 14572874,"Calle Estado 3894, Santiago, Chile",2026-12-09,ORD-CL-202612-001059,116097,2026-12-11,Providencia
21.920.456-4,Cliente Nuevo 21920456,"Avenida Vicuña Mackenna 483, Santiago, Chile",2026-12-09,ORD-CL-202612-001060,248685,2026-12-12,Recoleta
17.106.870-6,Cliente 17106870,"Avenida Recoleta 5324, Santiago, Chile",2026-12-09,ORD-CL-202612-001061,156445,2026-12-14,Providencia
14.651.932-3,Cliente Nuevo 14651932,"Avenida Kennedy 1172, Santiago, Chile",2026-12-09,ORD-CL-202612-001062,140117,2026-12-11,Providencia
5.318.872-4,Cliente Nuevo 5318872,"Gran Avenida José Miguel Carrera 5847, Santiago, Chile",2026-12-09,ORD-CL-202612-001063,130018,2026-12-12,Peñalolén
17.221.306-3,Cliente Nuevo 17221306,"Avenida Libertador Bernardo O'Higgins 4401, Santiago, Chile",2026-12-09,ORD-CL-202612-001064,127329,2026-12-12,La Reina
10.345.586-0,Cliente 10345586,"Avenida Mapocho 9185, Santiago, Chile",2026-12-09,ORD-CL-202612-001065,176502,2026-12-12,Puente Alto
15.621.877-1,Cliente Nuevo 15621877,"Calle Monjitas 9802, Santiago, Chile",2026-12-09,ORD-CL-202612-001066,114477,2026-12-11,Santiago
17.614.083-4,Cliente 17614083,"Calle Huérfanos 2399, Santiago, Chile",2026-12-09,ORD-CL-202612-001067,86792,2026-12-12,Vitacura
7.941.056-6,Cliente Nuevo 7941056,"Avenida Kennedy 5315, Santiago, Chile",2026-12-09,ORD-CL-202612-001068,152835,2026-12-12,Independencia
21.367.222-9,Cliente 21367222,"Avenida Américo Vespucio 439, Santiago, Chile",2026-12-09,ORD-CL-202612-001069,152653,2026-12-12,Recoleta
7.836.410-2,Cliente 7836410,"Avenida Irarrázaval 3179, Santiago, Chile",2026-12-09,ORD-CL-202612-001070,109260,2026-12-12,Estación Central
20.611.804-1,Cliente 20611804,"Avenida Vitacura 1955, Santiago, Chile",2026-12-09,ORD-CL-202612-001071,133536,2026-12-13,Lo Prado
14.077.834-4,Cliente 14077834,"Calle San Diego 9330, Santiago, Chile",2026-12-09,ORD-CL-202612-001072,224476,2026-12-11,Lo Prado
20.319.081-6,Cliente 20319081,"Avenida Grecia 1341, Santiago, Chile",2026-12-09,ORD-CL-202612-001073,48801,2026-12-11,La Florida
17.625.173-4,Cliente Nuevo 17625173,"Calle Catedral 9893, Santiago, Chile",2026-12-09,ORD-CL-202612-001074,165041,2026-12-12,Lo Prado
16.478.394-3,Cliente Nuevo 16478394,"Avenida Las Condes 7366, Santiago, Chile",2026-12-09,ORD-CL-202612-001075,86483,2026-12-11,Providencia
12.609.092-6,Cliente Nuevo 12609092,"Avenida Matta 7685, Santiago, Chile",2026-12-09,ORD-CL-202612-001076,225368,2026-12-10,Santiago
11.843.976-3,Cliente 11843976,"Calle Estado 1767, Santiago, Chile",2026-12-09,ORD-CL-202612-001077,207644,2026-12-11,La Florida
22.950.117-4,Cliente Nuevo 22950117,"Calle Morandé 7446, Santiago, Chile",2026-12-09,ORD-CL-202612-001078,141620,2026-12-11,Santiago
5.766.336-6,Cliente Nuevo 5766336,"Calle Catedral 2585, Santiago, Chile",2026-12-09,ORD-CL-202612-001079,129365,2026-12-12,La Florida
21.522.887-0,Cliente 21522887,"Calle San Antonio 3758, Santiago, Chile",2026-12-09,ORD-CL-202612-001080,303743,2026-12-11,Quinta Normal
19.755.967-1,Cliente 19755967,"Avenida Mapocho 2979, Santiago, Chile",2026-12-09,ORD-CL-202612-001081,255901,2026-12-12,La Reina
14.918.958-0,Cliente Nuevo 14918958,"Avenida Apoquindo 3829, Santiago, Chile",2026-12-09,ORD-CL-202612-001082,200083,2026-12-11,La Florida
15.659.720-5,Cliente 15659720,"Calle Amunátegui 8835, Santiago, Chile",2026-12-09,ORD-CL-202612-001083,211138,2026-12-11,Santiago
14.946.610-7,Cliente Nuevo 14946610,"Avenida Departamental 2933, Santiago, Chile",2026-12-09,ORD-CL-202612-001084,254903,2026-12-13,Lo Prado
8.739.314-1,Cliente 8739314,"Avenida Matta 1939, Santiago, Chile",2026-12-09,ORD-CL-202612-001085,77002,2026-12-13,La Florida
17.234.652-8,Cliente 17234652,"Avenida Mapocho 517, Santiago, Chile",2026-12-09,ORD-CL-202612-001086,256434,2026-12-13,Vitacura
10.976.769-3,Cliente Nuevo 10976769,"Avenida Libertador Bernardo O'Higgins 8781, Santiago, Chile",2026-12-09,ORD-CL-202612-001087,186323,2026-12-13,Puente Alto
10.975.161-8,Cliente 10975161,"Avenida Kennedy 9263, Santiago, Chile",2026-12-09,ORD-CL-202612-001088,278499,2026-12-11,La Reina
10.907.998-7,Cliente 10907998,"Avenida Manuel Montt 2218, Santiago, Chile",2026-12-09,ORD-CL-202612-001089,52876,2026-12-11,San Miguel
22.796.237-0,Cliente Nuevo 22796237,"Calle Morandé 3192, Santiago, Chile",2026-12-09,ORD-CL-202612-001090,110045,2026-12-12,La Florida
17.255.002-1,Cliente Nuevo 17255002,"Calle Arturo Prat 7451, Santiago, Chile",2026-12-09,ORD-CL-202612-001091,140324,2026-12-11,Vitacura
8.264.391-3,Cliente Nuevo 8264391,"Avenida Departamental 9211, Santiago, Chile",2026-12-09,ORD-CL-202612-001092,107503,2026-12-13,Santiago
7.995.605-2,Cliente Nuevo 7995605,"Avenida La Florida 4780, Santiago, Chile",2026-12-09,ORD-CL-202612-001093,288402,2026-12-11,Santiago
19.718.916-5,Cliente 19718916,"Calle Merced 7282, Santiago, Chile",2026-12-09,ORD-CL-202612-001094,169073,2026-12-13,Lo Prado
19.994.164-4,Cliente 19994164,"Avenida Macul 7795, Santiago, Chile",2026-12-09,ORD-CL-202612-001095,166977,2026-12-12,Santiago
6.500.101-6,Cliente 6500101,"Calle Bandera 8658, Santiago, Chile",2026-12-09,ORD-CL-202612-001096,173918,2026-12-12,Providencia
14.073.763-2,Cliente 14073763,"Calle Monjitas 403, Santiago, Chile",2026-12-09,ORD-CL-202612-001097,181270,2026-12-11,Recoleta
21.662.568-4,Cliente 21662568,"Avenida Mapocho 5583, Santiago, Chile",2026-12-09,ORD-CL-202612-001098,155140,2026-12-12,Santiago
15.434.661-0,Cliente Nuevo 15434661,"Calle Huérfanos 3848, Santiago, Chile",2026-12-09,ORD-CL-202612-001099,67438,2026-12-11,Lo Prado
21.810.028-6,Cliente Nuevo 21810028,"Calle Santo Domingo 7546, Santiago, Chile",2026-12-09,ORD-CL-202612-001100,102494,2026-12-14,La Florida
13.132.045-6,Cliente 13132045,"Avenida Apoquindo 1730, Santiago, Chile",2026-12-09,ORD-CL-202612-001101,106861,2026-12-11,Recoleta
6.461.117-8,Cliente 6461117,"Avenida Recoleta 4198, Santiago, Chile",2026-12-09,ORD-CL-202612-001102,52952,2026-12-12,Santiago
20.826.044-2,Cliente 20826044,"Calle Estado 1659, Santiago, Chile",2026-12-09,ORD-CL-202612-001103,237366,2026-12-13,Las Condes
21.015.076-2,Cliente 21015076,"Avenida Departamental 1600, Santiago, Chile",2026-12-09,ORD-CL-202612-001104,86767,2026-12-12,Las Condes
20.319.081-6,Cliente 20319081,"Avenida Grecia 1341, Santiago, Chile",2026-12-09,ORD-CL-202612-001105,98336,2026-12-12,La Florida
14.129.991-5,Cliente 14129991,"Avenida Matta 1637, Santiago, Chile",2026-12-09,ORD-CL-202612-001106,219823,2026-12-12,Estación Central
9.177.486-1,Cliente 9177486,"Calle Merced 896, Santiago, Chile",2026-12-09,ORD-CL-202612-001107,200950,2026-12-11,Lo Prado
14.333.549-2,Cliente 14333549,"Avenida Mapocho 5663, Santiago, Chile",2026-12-09,ORD-CL-202612-001108,248277,2026-12-11,Santiago
13.948.753-2,Cliente 13948753,"Avenida Irarrázaval 4826, Santiago, Chile",2026-12-09,ORD-CL-202612-001109,132052,2026-12-11,San Miguel
11.504.160-7,Cliente 11504160,"Calle Morandé 2308, Santiago, Chile",2026-12-09,ORD-CL-202612-001110,200210,2026-12-12,La Florida
20.921.479-4,Cliente 20921479,"Calle San Antonio 8635, Santiago, Chile",2026-12-10,ORD-CL-202612-001111,215577,2026-12-14,Independencia
13.872.533-5,Cliente 13872533,"Avenida Libertador Bernardo O'Higgins 2360, Santiago, Chile",2026-12-10,ORD-CL-202612-001112,284846,2026-12-13,Providencia
7.112.518-1,Cliente 7112518,"Avenida Pedro De Valdivia 9956, Santiago, Chile",2026-12-10,ORD-CL-202612-001113,53925,2026-12-12,Estación Central
21.219.636-4,Cliente 21219636,"Avenida Pajaritos 3626, Santiago, Chile",2026-12-10,ORD-CL-202612-001114,177850,2026-12-13,Estación Central
15.073.105-3,Cliente Nuevo 15073105,"Avenida La Florida 8463, Santiago, Chile",2026-12-10,ORD-CL-202612-001115,123398,2026-12-13,Estación Central
15.732.982-0,Cliente Nuevo 15732982,"Avenida Providencia 1929, Santiago, Chile",2026-12-10,ORD-CL-202612-001116,105714,2026-12-14,La Reina
6.919.530-9,Cliente Nuevo 6919530,"Avenida Pajaritos 2670, Santiago, Chile",2026-12-10,ORD-CL-202612-001117,132039,2026-12-12,Peñalolén
9.227.283-1,Cliente Nuevo 9227283,"Calle Santo Domingo 1221, Santiago, Chile",2026-12-10,ORD-CL-202612-001118,137261,2026-12-13,Vitacura
18.151.051-5,Cliente Nuevo 18151051,"Calle Arturo Prat 3748, Santiago, Chile",2026-12-10,ORD-CL-202612-001119,140347,2026-12-12,La Florida
18.522.445-1,Cliente Nuevo 18522445,"Calle San Diego 4317, Santiago, Chile",2026-12-10,ORD-CL-202612-001120,109375,2026-12-11,La Reina
12.235.504-7,Cliente 12235504,"Avenida Kennedy 7107, Santiago, Chile",2026-12-10,ORD-CL-202612-001121,124203,2026-12-14,Santiago
12.354.237-1,Cliente 12354237,"Avenida Matta 6821, Santiago, Chile",2026-12-10,ORD-CL-202612-001122,161489,2026-12-14,Providencia
18.117.500-8,Cliente Nuevo 18117500,"Avenida Kennedy 6923, Santiago, Chile",2026-12-10,ORD-CL-202612-001123,91854,2026-12-13,Quinta Normal
15.053.679-6,Cliente Nuevo 15053679,"Calle Arturo Prat 2917, Santiago, Chile",2026-12-10,ORD-CL-202612-001124,170138,2026-12-11,Santiago
16.822.988-5,Cliente 16822988,"Calle Teatinos 1540, Santiago, Chile",2026-12-10,ORD-CL-202612-001125,291431,2026-12-13,Providencia
20.757.511-0,Cliente 20757511,"Avenida Vicuña Mackenna 154, Santiago, Chile",2026-12-10,ORD-CL-202612-001126,152219,2026-12-12,Recoleta
22.661.602-5,Cliente Nuevo 22661602,"Avenida Departamental 4341, Santiago, Chile",2026-12-10,ORD-CL-202612-001127,113200,2026-12-12,San Miguel
19.886.703-0,Cliente 19886703,"Avenida Departamental 2215, Santiago, Chile",2026-12-10,ORD-CL-202612-001128,312116,2026-12-13,Providencia
15.192.255-0,Cliente 15192255,"Calle San Diego 9237, Santiago, Chile",2026-12-10,ORD-CL-202612-001129,178373,2026-12-12,La Florida
10.123.926-1,Cliente 10123926,"Avenida Irarrázaval 603, Santiago, Chile",2026-12-10,ORD-CL-202612-001130,163916,2026-12-12,Peñalolén
8.845.971-8,Cliente Nuevo 8845971,"Calle Santo Domingo 3814, Santiago, Chile",2026-12-10,ORD-CL-202612-001131,239640,2026-12-13,La Florida
10.569.358-9,Cliente Nuevo 10569358,"Avenida Apoquindo 595, Santiago, Chile",2026-12-10,ORD-CL-202612-001132,160859,2026-12-12,Santiago
8.876.027-1,Cliente Nuevo 8876027,"Calle Morandé 3445, Santiago, Chile",2026-12-10,ORD-CL-202612-001133,182205,2026-12-11,Santiago
9.214.610-0,Cliente Nuevo 9214610,"Calle Bandera 4115, Santiago, Chile",2026-12-10,ORD-CL-202612-001134,257348,2026-12-12,Santiago
7.300.145-8,Cliente Nuevo 7300145,"Calle Bandera 9876, Santiago, Chile",2026-12-10,ORD-CL-202612-001135,288928,2026-12-12,Puente Alto
17.657.459-0,Cliente 17657459,"Avenida Macul 5525, Santiago, Chile",2026-12-10,ORD-CL-202612-001136,82579,2026-12-13,La Florida
18.001.702-9,Cliente Nuevo 18001702,"Calle Arturo Prat 2587, Santiago, Chile",2026-12-10,ORD-CL-202612-001137,86973,2026-12-12,Providencia
20.243.470-3,Cliente 20243470,"Avenida Macul 956, Santiago, Chile",2026-12-10,ORD-CL-202612-001138,148304,2026-12-13,Santiago
10.478.279-8,Cliente 10478279,"Avenida Tobalaba 3209, Santiago, Chile",2026-12-10,ORD-CL-202612-001139,128682,2026-12-12,Providencia
15.732.866-7,Cliente 15732866,"Calle Santo Domingo 7736, Santiago, Chile",2026-12-10,ORD-CL-202612-001140,171313,2026-12-12,Santiago
7.574.356-3,Cliente 7574356,"Calle San Diego 5489, Santiago, Chile",2026-12-10,ORD-CL-202612-001141,235339,2026-12-12,Puente Alto
16.038.629-9,Cliente Nuevo 16038629,"Calle Morandé 1319, Santiago, Chile",2026-12-10,ORD-CL-202612-001142,99311,2026-12-13,Estación Central
19.431.847-1,Cliente 19431847,"Avenida Pajaritos 3461, Santiago, Chile",2026-12-10,ORD-CL-202612-001143,160203,2026-12-13,Vitacura
11.824.078-2,Cliente 11824078,"Avenida Matta 9009, Santiago, Chile",2026-12-10,ORD-CL-202612-001144,75082,2026-12-12,Vitacura
15.087.591-8,Cliente 15087591,"Avenida Recoleta 9981, Santiago, Chile",2026-12-10,ORD-CL-202612-001145,117084,2026-12-13,Santiago
13.197.815-4,Cliente Nuevo 13197815,"Calle San Antonio 302, Santiago, Chile",2026-12-10,ORD-CL-202612-001146,237982,2026-12-13,Independencia
14.976.009-2,Cliente 14976009,"Avenida La Florida 9733, Santiago, Chile",2026-12-10,ORD-CL-202612-001147,279368,2026-12-12,Providencia
14.599.419-5,Cliente 14599419,"Calle Santo Domingo 6187, Santiago, Chile",2026-12-10,ORD-CL-202612-001148,288440,2026-12-13,Providencia
6.894.716-3,Cliente Nuevo 6894716,"Avenida Pedro De Valdivia 1787, Santiago, Chile",2026-12-10,ORD-CL-202612-001149,92604,2026-12-12,Santiago
6.936.972-2,Cliente Nuevo 6936972,"Avenida Departamental 2969, Santiago, Chile",2026-12-10,ORD-CL-202612-001150,46985,2026-12-12,La Reina
18.617.683-9,Cliente Nuevo 18617683,"Calle Estado 8845, Santiago, Chile",2026-12-10,ORD-CL-202612-001151,139405,2026-12-14,Estación Central
8.977.615-4,Cliente Nuevo 8977615,"Calle Huérfanos 8772, Santiago, Chile",2026-12-10,ORD-CL-202612-001152,115640,2026-12-13,San Miguel
8.226.280-3,Cliente Nuevo 8226280,"Calle Compañía De Jesús 9503, Santiago, Chile",2026-12-10,ORD-CL-202612-001153,129530,2026-12-12,Providencia
22.972.209-3,Cliente 22972209,"Avenida Vitacura 8663, Santiago, Chile",2026-12-10,ORD-CL-202612-001154,132079,2026-12-13,La Reina
18.961.378-1,Cliente 18961378,"Avenida Pedro De Valdivia 2479, Santiago, Chile",2026-12-10,ORD-CL-202612-001155,87134,2026-12-13,Las Condes
6.380.216-8,Cliente Nuevo 6380216,"Avenida Mapocho 7659, Santiago, Chile",2026-12-10,ORD-CL-202612-001156,175784,2026-12-13,Santiago
21.053.644-9,Cliente Nuevo 21053644,"Avenida Manuel Montt 9891, Santiago, Chile",2026-12-10,ORD-CL-202612-001157,56986,2026-12-12,Las Condes
21.866.790-6,Cliente Nuevo 21866790,"Avenida Matta 4519, Santiago, Chile",2026-12-10,ORD-CL-202612-001158,118552,2026-12-12,La Florida
14.435.199-1,Cliente Nuevo 14435199,"Calle Catedral 5780, Santiago, Chile",2026-12-10,ORD-CL-202612-001159,145031,2026-12-12,Las Condes
9.727.696-0,Cliente Nuevo 9727696,"Avenida Pajaritos 2452, Santiago, Chile",2026-12-10,ORD-CL-202612-001160,266809,2026-12-12,La Florida
9.318.934-3,Cliente Nuevo 9318934,"Calle San Diego 9069, Santiago, Chile",2026-12-10,ORD-CL-202612-001161,231687,2026-12-13,Santiago
13.413.119-0,Cliente Nuevo 13413119,"Avenida Mapocho 9476, Santiago, Chile",2026-12-10,ORD-CL-202612-001162,252159,2026-12-12,Quinta Normal
11.969.299-2,Cliente Nuevo 11969299,"Avenida Vitacura 4042, Santiago, Chile",2026-12-10,ORD-CL-202612-001163,133416,2026-12-13,Peñalolén
7.396.585-3,Cliente 7396585,"Avenida Departamental 2586, Santiago, Chile",2026-12-10,ORD-CL-202612-001164,82545,2026-12-14,Santiago
13.651.938-0,Cliente 13651938,"Calle Morandé 1676, Santiago, Chile",2026-12-10,ORD-CL-202612-001165,201661,2026-12-13,Quinta Normal
13.417.536-5,Cliente Nuevo 13417536,"Avenida Pajaritos 2819, Santiago, Chile",2026-12-10,ORD-CL-202612-001166,172705,2026-12-14,Santiago
9.610.956-8,Cliente Nuevo 9610956,"Avenida Apoquindo 3723, Santiago, Chile",2026-12-10,ORD-CL-202612-001167,56103,2026-12-12,Quinta Normal
20.921.479-4,Cliente 20921479,"Calle San Antonio 8635, Santiago, Chile",2026-12-10,ORD-CL-202612-001168,49015,2026-12-13,Independencia
22.796.237-0,Cliente Nuevo 22796237,"Calle Morandé 3192, Santiago, Chile",2026-12-10,ORD-CL-202612-001169,147452,2026-12-13,La Florida
21.805.102-0,Cliente 21805102,"Calle Arturo Prat 175, Santiago, Chile",2026-12-10,ORD-CL-202612-001170,127801,2026-12-12,Peñalolén
10.463.358-7,Cliente Nuevo 10463358,"Calle Monjitas 6053, Santiago, Chile",2026-12-10,ORD-CL-202612-001171,43219,2026-12-13,San Miguel
7.641.766-6,Cliente Nuevo 7641766,"Calle Arturo Prat 7970, Santiago, Chile",2026-12-10,ORD-CL-202612-001172,112531,2026-12-13,Providencia
6.385.814-8,Cliente Nuevo 6385814,"Calle Santo Domingo 7615, Santiago, Chile",2026-12-10,ORD-CL-202612-001173,119909,2026-12-13,Peñalolén
5.372.998-7,Cliente 5372998,"Avenida Independencia 4412, Santiago, Chile",2026-12-10,ORD-CL-202612-001174,201545,2026-12-12,Quinta Normal
15.807.505-5,Cliente Nuevo 15807505,"Calle Catedral 4145, Santiago, Chile",2026-12-10,ORD-CL-202612-001175,228950,2026-12-14,Lo Prado
22.432.854-8,Cliente 22432854,"Avenida Providencia 2654, Santiago, Chile",2026-12-10,ORD-CL-202612-001176,112189,2026-12-11,Santiago
15.024.898-8,Cliente Nuevo 15024898,"Calle San Antonio 4698, Santiago, Chile",2026-12-10,ORD-CL-202612-001177,216748,2026-12-13,Lo Prado
5.242.922-7,Cliente Nuevo 5242922,"Avenida Matta 2130, Santiago, Chile",2026-12-10,ORD-CL-202612-001178,282494,2026-12-13,San Miguel
7.883.601-6,Cliente Nuevo 7883601,"Calle Arturo Prat 92, Santiago, Chile",2026-12-10,ORD-CL-202612-001179,100627,2026-12-12,Independencia
9.776.410-3,Cliente Nuevo 9776410,"Avenida Pedro De Valdivia 6268, Santiago, Chile",2026-12-10,ORD-CL-202612-001180,263577,2026-12-13,San Miguel
5.882.244-8,Cliente Nuevo 5882244,"Calle Merced 8895, Santiago, Chile",2026-12-10,ORD-CL-202612-001181,196043,2026-12-13,Quinta Normal
5.043.964-9,Cliente Nuevo 5043964,"Avenida Santa Rosa 2639, Santiago, Chile",2026-12-10,ORD-CL-202612-001182,203415,2026-12-13,Lo Prado
20.138.936-5,Cliente Nuevo 20138936,"Avenida Apoquindo 5952, Santiago, Chile",2026-12-10,ORD-CL-202612-001183,140201,2026-12-12,La Reina
9.045.781-9,Cliente Nuevo 9045781,"Calle Morandé 3469, Santiago, Chile",2026-12-10,ORD-CL-202612-001184,127858,2026-12-12,Peñalolén
19.045.327-5,Cliente Nuevo 19045327,"Avenida Recoleta 9547, Santiago, Chile",2026-12-10,ORD-CL-202612-001185,108833,2026-12-12,Las Condes
14.957.228-2,Cliente 14957228,"Avenida Mapocho 934, Santiago, Chile",2026-12-10,ORD-CL-202612-001186,132363,2026-12-15,La Reina
18.090.741-8,Cliente 18090741,"Calle Estado 4482, Santiago, Chile",2026-12-10,ORD-CL-202612-001187,198214,2026-12-12,La Florida
6.735.029-2,Cliente 6735029,"Gran Avenida José Miguel Carrera 5414, Santiago, Chile",2026-12-10,ORD-CL-202612-001188,279064,2026-12-13,Quinta Normal
9.146.692-9,Cliente Nuevo 9146692,"Avenida Pajaritos 2476, Santiago, Chile",2026-12-10,ORD-CL-202612-001189,173755,2026-12-12,Santiago
12.699.860-4,Cliente 12699860,"Avenida Américo Vespucio 813, Santiago, Chile",2026-12-10,ORD-CL-202612-001190,107843,2026-12-13,Las Condes
22.884.129-4,Cliente Nuevo 22884129,"Avenida Vicuña Mackenna 5005, Santiago, Chile",2026-12-10,ORD-CL-202612-001191,210652,2026-12-12,San Miguel
18.117.500-8,Cliente Nuevo 18117500,"Avenida Kennedy 6923, Santiago, Chile",2026-12-10,ORD-CL-202612-001192,173139,2026-12-15,Quinta Normal
8.434.384-1,Cliente Nuevo 8434384,"Avenida Irarrázaval 4347, Santiago, Chile",2026-12-10,ORD-CL-202612-001193,89733,2026-12-13,Peñalolén
12.603.920-5,Cliente Nuevo 12603920,"Gran Avenida José Miguel Carrera 9436, Santiago, Chile",2026-12-10,ORD-CL-202612-001194,110750,2026-12-13,Providencia
18.429.138-2,Cliente 18429138,"Calle Merced 6618, Santiago, Chile",2026-12-10,ORD-CL-202612-001195,69822,2026-12-14,Santiago
14.352.652-9,Cliente Nuevo 14352652,"Avenida Manuel Montt 4866, Santiago, Chile",2026-12-10,ORD-CL-202612-001196,71462,2026-12-12,Santiago
13.948.753-2,Cliente 13948753,"Avenida Irarrázaval 4826, Santiago, Chile",2026-12-10,ORD-CL-202612-001197,93416,2026-12-12,San Miguel
22.706.642-3,Cliente 22706642,"Gran Avenida José Miguel Carrera 9888, Santiago, Chile",2026-12-10,ORD-CL-202612-001198,116148,2026-12-12,Santiago
12.822.533-8,Cliente Nuevo 12822533,"Calle Teatinos 3296, Santiago, Chile",2026-12-10,ORD-CL-202612-001199,182949,2026-12-12,Peñalolén
10.664.444-0,Cliente Nuevo 10664444,"Avenida Pedro De Valdivia 8574, Santiago, Chile",2026-12-10,ORD-CL-202612-001200,189576,2026-12-14,Quinta Normal
14.121.876-9,Cliente Nuevo 14121876,"Avenida Recoleta 3391, Santiago, Chile",2026-12-10,ORD-CL-202612-001201,232297,2026-12-12,Lo Prado
11.212.451-0,Cliente 11212451,"Avenida Américo Vespucio 2037, Santiago, Chile",2026-12-10,ORD-CL-202612-001202,139644,2026-12-13,Las Condes
14.276.332-2,Cliente Nuevo 14276332,"Calle Morandé 7331, Santiago, Chile",2026-12-10,ORD-CL-202612-001203,183627,2026-12-13,Puente Alto
14.150.753-1,Cliente Nuevo 14150753,"Calle Amunátegui 144, Santiago, Chile",2026-12-10,ORD-CL-202612-001204,145556,2026-12-12,Santiago
21.783.616-1,Cliente 21783616,"Avenida Américo Vespucio 3402, Santiago, Chile",2026-12-10,ORD-CL-202612-001205,165217,2026-12-14,Providencia
21.455.475-7,Cliente Nuevo 21455475,"Calle Teatinos 7534, Santiago, Chile",2026-12-10,ORD-CL-202612-001206,84396,2026-12-13,Recoleta
17.107.543-6,Cliente 17107543,"Avenida Vicuña Mackenna 691, Santiago, Chile",2026-12-10,ORD-CL-202612-001207,225087,2026-12-13,Independencia
5.882.244-8,Cliente Nuevo 5882244,"Calle Merced 8895, Santiago, Chile",2026-12-10,ORD-CL-202612-001208,253422,2026-12-12,Quinta Normal
15.985.244-8,Cliente Nuevo 15985244,"Calle Santo Domingo 7954, Santiago, Chile",2026-12-10,ORD-CL-202612-001209,206149,2026-12-15,Providencia
19.442.394-3,Cliente 19442394,"Avenida Américo Vespucio 3407, Santiago, Chile",2026-12-10,ORD-CL-202612-001210,154862,2026-12-11,Recoleta
15.180.330-2,Cliente Nuevo 15180330,"Avenida Manuel Montt 8990, Santiago, Chile",2026-12-10,ORD-CL-202612-001211,99402,2026-12-13,Peñalolén
15.022.998-1,Cliente 15022998,"Avenida Providencia 1687, Santiago, Chile",2026-12-10,ORD-CL-202612-001212,84880,2026-12-14,La Reina
20.589.339-7,Cliente 20589339,"Calle Santo Domingo 9749, Santiago, Chile",2026-12-10,ORD-CL-202612-001213,155804,2026-12-12,Santiago
19.069.396-2,Cliente 19069396,"Avenida Mapocho 4491, Santiago, Chile",2026-12-10,ORD-CL-202612-001214,68465,2026-12-13,San Miguel
7.055.082-4,Cliente Nuevo 7055082,"Avenida Kennedy 2316, Santiago, Chile",2026-12-10,ORD-CL-202612-001215,150281,2026-12-13,Recoleta
18.522.445-1,Cliente Nuevo 18522445,"Calle San Diego 4317, Santiago, Chile",2026-12-10,ORD-CL-202612-001216,144468,2026-12-13,La Reina
11.129.403-3,Cliente Nuevo 11129403,"Calle Estado 5614, Santiago, Chile",2026-12-10,ORD-CL-202612-001217,109123,2026-12-13,Santiago
17.255.238-2,Cliente Nuevo 17255238,"Gran Avenida José Miguel Carrera 2391, Santiago, Chile",2026-12-10,ORD-CL-202612-001218,153542,2026-12-12,La Reina
8.346.228-4,Cliente 8346228,"Avenida Vitacura 8467, Santiago, Chile",2026-12-10,ORD-CL-202612-001219,183472,2026-12-13,Santiago
14.599.419-5,Cliente 14599419,"Calle Santo Domingo 6187, Santiago, Chile",2026-12-10,ORD-CL-202612-001220,183142,2026-12-13,Providencia
13.712.089-0,Cliente Nuevo 13712089,"Calle Santo Domingo 8933, Santiago, Chile",2026-12-10,ORD-CL-202612-001221,103169,2026-12-13,Santiago
20.043.687-1,Cliente 20043687,"Avenida Santa Rosa 2768, Santiago, Chile",2026-12-10,ORD-CL-202612-001222,148188,2026-12-12,Santiago
6.334.282-1,Cliente Nuevo 6334282,"Avenida Pedro De Valdivia 7852, Santiago, Chile",2026-12-10,ORD-CL-202612-001223,196154,2026-12-13,La Reina
19.558.787-9,Cliente 19558787,"Avenida Tobalaba 4682, Santiago, Chile",2026-12-10,ORD-CL-202612-001224,192975,2026-12-12,La Florida
17.777.808-6,Cliente 17777808,"Avenida Libertador Bernardo O'Higgins 5746, Santiago, Chile",2026-12-10,ORD-CL-202612-001225,150481,2026-12-11,Santiago
22.570.788-8,Cliente 22570788,"Calle Morandé 2222, Santiago, Chile",2026-12-10,ORD-CL-202612-001226,237021,2026-12-12,Vitacura
16.946.891-7,Cliente 16946891,"Avenida Pajaritos 7516, Santiago, Chile",2026-12-10,ORD-CL-202612-001227,108773,2026-12-14,Santiago
8.789.979-5,Cliente 8789979,"Calle Merced 4786, Santiago, Chile",2026-12-10,ORD-CL-202612-001228,112453,2026-12-14,Providencia
13.705.835-4,Cliente 13705835,"Calle Merced 99, Santiago, Chile",2026-12-10,ORD-CL-202612-001229,143374,2026-12-11,Independencia
5.892.823-8,Cliente Nuevo 5892823,"Avenida Matta 6992, Santiago, Chile",2026-12-10,ORD-CL-202612-001230,158411,2026-12-14,Estación Central
10.246.672-3,Cliente Nuevo 10246672,"Calle Monjitas 702, Santiago, Chile",2026-12-10,ORD-CL-202612-001231,192536,2026-12-12,Santiago
11.580.340-6,Cliente Nuevo 11580340,"Avenida Grecia 9490, Santiago, Chile",2026-12-10,ORD-CL-202612-001232,161065,2026-12-12,Estación Central
17.650.281-9,Cliente Nuevo 17650281,"Avenida Irarrázaval 9016, Santiago, Chile",2026-12-10,ORD-CL-202612-001233,68201,2026-12-14,San Miguel
8.339.978-1,Cliente 8339978,"Avenida Macul 791, Santiago, Chile",2026-12-10,ORD-CL-202612-001234,175552,2026-12-12,Santiago
7.101.483-0,Cliente 7101483,"Calle Teatinos 8173, Santiago, Chile",2026-12-10,ORD-CL-202612-001235,95134,2026-12-12,Santiago
11.808.530-0,Cliente Nuevo 11808530,"Calle Huérfanos 9096, Santiago, Chile",2026-12-10,ORD-CL-202612-001236,170463,2026-12-14,Santiago
21.697.296-8,Cliente Nuevo 21697296,"Avenida Recoleta 2494, Santiago, Chile",2026-12-10,ORD-CL-202612-001237,248364,2026-12-12,La Florida
13.245.341-9,Cliente Nuevo 13245341,"Avenida Departamental 3188, Santiago, Chile",2026-12-10,ORD-CL-202612-001238,219358,2026-12-11,Puente Alto
14.653.027-7,Cliente Nuevo 14653027,"Avenida Departamental 9744, Santiago, Chile",2026-12-10,ORD-CL-202612-001239,100908,2026-12-12,Lo Prado
17.289.204-6,Cliente Nuevo 17289204,"Avenida Libertador Bernardo O'Higgins 5990, Santiago, Chile",2026-12-10,ORD-CL-202612-001240,127695,2026-12-12,Lo Prado
6.639.541-7,Cliente 6639541,"Calle Amunátegui 7313, Santiago, Chile",2026-12-10,ORD-CL-202612-001241,33108,2026-12-12,Puente Alto
8.274.629-1,Cliente Nuevo 8274629,"Avenida Manuel Montt 4115, Santiago, Chile",2026-12-10,ORD-CL-202612-001242,98946,2026-12-13,Santiago
21.032.981-1,Cliente 21032981,"Calle Huérfanos 3562, Santiago, Chile",2026-12-10,ORD-CL-202612-001243,99472,2026-12-12,Lo Prado
14.920.120-1,Cliente Nuevo 14920120,"Avenida Matta 9752, Santiago, Chile",2026-12-10,ORD-CL-202612-001244,123051,2026-12-13,San Miguel
18.791.494-6,Cliente 18791494,"Avenida Irarrázaval 7154, Santiago, Chile",2026-12-10,ORD-CL-202612-001245,92759,2026-12-13,La Reina
14.503.617-7,Cliente 14503617,"Avenida Tobalaba 5892, Santiago, Chile",2026-12-10,ORD-CL-202612-001246,96027,2026-12-14,Quinta Normal
18.268.438-9,Cliente 18268438,"Avenida Independencia 9222, Santiago, Chile",2026-12-10,ORD-CL-202612-001247,209583,2026-12-13,Providencia
10.324.764-5,Cliente Nuevo 10324764,"Avenida Kennedy 5832, Santiago, Chile",2026-12-10,ORD-CL-202612-001248,51585,2026-12-13,Vitacura
9.554.867-4,Cliente 9554867,"Avenida Tobalaba 5752, Santiago, Chile",2026-12-10,ORD-CL-202612-001249,100348,2026-12-13,Santiago
22.728.569-9,Cliente Nuevo 22728569,"Avenida Kennedy 3662, Santiago, Chile",2026-12-10,ORD-CL-202612-001250,91663,2026-12-12,Santiago
15.902.183-1,Cliente Nuevo 15902183,"Calle Arturo Prat 3692, Santiago, Chile",2026-12-10,ORD-CL-202612-001251,129623,2026-12-12,Estación Central
10.478.164-6,Cliente Nuevo 10478164,"Avenida Recoleta 489, Santiago, Chile",2026-12-10,ORD-CL-202612-001252,301158,2026-12-13,Puente Alto
13.900.521-1,Cliente Nuevo 13900521,"Gran Avenida José Miguel Carrera 8915, Santiago, Chile",2026-12-10,ORD-CL-202612-001253,83948,2026-12-13,Lo Prado
7.486.777-6,Cliente 7486777,"Avenida Recoleta 4097, Santiago, Chile",2026-12-10,ORD-CL-202612-001254,235208,2026-12-12,Estación Central
11.304.512-5,Cliente 11304512,"Avenida Recoleta 5362, Santiago, Chile",2026-12-10,ORD-CL-202612-001255,119837,2026-12-13,Peñalolén
10.332.125-2,Cliente 10332125,"Avenida Grecia 5268, Santiago, Chile",2026-12-11,ORD-CL-202612-001256,172044,2026-12-14,La Florida
8.288.925-9,Cliente 8288925,"Calle Amunátegui 8931, Santiago, Chile",2026-12-11,ORD-CL-202612-001257,89321,2026-12-14,Estación Central
21.847.476-9,Cliente Nuevo 21847476,"Avenida Santa Rosa 5600, Santiago, Chile",2026-12-11,ORD-CL-202612-001258,134480,2026-12-15,Vitacura
13.064.676-1,Cliente 13064676,"Calle Monjitas 4616, Santiago, Chile",2026-12-11,ORD-CL-202612-001259,178355,2026-12-15,Vitacura
17.537.130-3,Cliente 17537130,"Calle San Antonio 3561, Santiago, Chile",2026-12-11,ORD-CL-202612-001260,129214,2026-12-13,Peñalolén
12.790.052-2,Cliente 12790052,"Avenida Pedro De Valdivia 666, Santiago, Chile",2026-12-11,ORD-CL-202612-001261,279720,2026-12-14,Las Condes
18.518.400-1,Cliente Nuevo 18518400,"Calle San Antonio 7402, Santiago, Chile",2026-12-11,ORD-CL-202612-001262,203924,2026-12-13,Puente Alto
9.314.676-1,Cliente Nuevo 9314676,"Calle Estado 2897, Santiago, Chile",2026-12-11,ORD-CL-202612-001263,102147,2026-12-13,La Florida
21.292.647-0,Cliente Nuevo 21292647,"Avenida Pajaritos 301, Santiago, Chile",2026-12-11,ORD-CL-202612-001264,71778,2026-12-13,Lo Prado
9.866.164-9,Cliente 9866164,"Avenida La Florida 7352, Santiago, Chile",2026-12-11,ORD-CL-202612-001265,73515,2026-12-13,La Reina
16.110.311-1,Cliente 16110311,"Avenida Macul 5529, Santiago, Chile",2026-12-11,ORD-CL-202612-001266,271278,2026-12-13,La Florida
12.362.716-1,Cliente Nuevo 12362716,"Calle Monjitas 9278, Santiago, Chile",2026-12-11,ORD-CL-202612-001267,173747,2026-12-13,La Florida
15.306.033-4,Cliente Nuevo 15306033,"Calle Compañía De Jesús 4417, Santiago, Chile",2026-12-11,ORD-CL-202612-001268,219905,2026-12-13,Independencia
8.969.442-2,Cliente 8969442,"Calle Catedral 5736, Santiago, Chile",2026-12-11,ORD-CL-202612-001269,153151,2026-12-15,Puente Alto
7.378.846-4,Cliente Nuevo 7378846,"Avenida Recoleta 1579, Santiago, Chile",2026-12-11,ORD-CL-202612-001270,206981,2026-12-13,Peñalolén
18.886.428-9,Cliente 18886428,"Avenida Apoquindo 2126, Santiago, Chile",2026-12-11,ORD-CL-202612-001271,166742,2026-12-14,Lo Prado
6.840.249-1,Cliente Nuevo 6840249,"Avenida Departamental 1582, Santiago, Chile",2026-12-11,ORD-CL-202612-001272,48636,2026-12-13,Las Condes
19.283.981-6,Cliente 19283981,"Calle Teatinos 9703, Santiago, Chile",2026-12-11,ORD-CL-202612-001273,110235,2026-12-14,La Reina
8.688.112-4,Cliente 8688112,"Avenida Irarrázaval 4204, Santiago, Chile",2026-12-11,ORD-CL-202612-001274,81580,2026-12-12,Peñalolén
7.499.276-7,Cliente 7499276,"Calle Compañía De Jesús 5241, Santiago, Chile",2026-12-11,ORD-CL-202612-001275,152726,2026-12-14,Providencia
16.220.368-8,Cliente Nuevo 16220368,"Avenida Recoleta 3634, Santiago, Chile",2026-12-11,ORD-CL-202612-001276,81938,2026-12-15,Santiago
17.689.703-3,Cliente 17689703,"Avenida Santa Rosa 4394, Santiago, Chile",2026-12-11,ORD-CL-202612-001277,222116,2026-12-13,Santiago
7.396.900-6,Cliente Nuevo 7396900,"Avenida Manuel Montt 6504, Santiago, Chile",2026-12-11,ORD-CL-202612-001278,202264,2026-12-14,La Florida
17.416.421-8,Cliente 17416421,"Avenida Libertador Bernardo O'Higgins 8614, Santiago, Chile",2026-12-11,ORD-CL-202612-001279,131952,2026-12-13,Puente Alto
15.949.317-5,Cliente Nuevo 15949317,"Calle Monjitas 1312, Santiago, Chile",2026-12-11,ORD-CL-202612-001280,100158,2026-12-13,Las Condes
20.742.849-0,Cliente Nuevo 20742849,"Avenida Las Condes 4612, Santiago, Chile",2026-12-11,ORD-CL-202612-001281,75751,2026-12-15,Recoleta
7.380.294-6,Cliente Nuevo 7380294,"Avenida Libertador Bernardo O'Higgins 4192, Santiago, Chile",2026-12-11,ORD-CL-202612-001282,36477,2026-12-12,Providencia
17.271.327-7,Cliente 17271327,"Calle Estado 7022, Santiago, Chile",2026-12-11,ORD-CL-202612-001283,159816,2026-12-13,Puente Alto
8.789.979-5,Cliente 8789979,"Calle Merced 4786, Santiago, Chile",2026-12-11,ORD-CL-202612-001284,82212,2026-12-15,Providencia
14.583.210-8,Cliente 14583210,"Avenida Pedro De Valdivia 3769, Santiago, Chile",2026-12-11,ORD-CL-202612-001285,204184,2026-12-13,San Miguel
17.917.635-0,Cliente 17917635,"Avenida Apoquindo 6480, Santiago, Chile",2026-12-11,ORD-CL-202612-001286,122473,2026-12-14,Recoleta
11.421.024-8,Cliente 11421024,"Gran Avenida José Miguel Carrera 2634, Santiago, Chile",2026-12-11,ORD-CL-202612-001287,154546,2026-12-13,Santiago
10.595.309-8,Cliente Nuevo 10595309,"Avenida Departamental 8496, Santiago, Chile",2026-12-11,ORD-CL-202612-001288,199198,2026-12-13,Las Condes
14.455.374-4,Cliente 14455374,"Avenida Apoquindo 5742, Santiago, Chile",2026-12-11,ORD-CL-202612-001289,204917,2026-12-14,Puente Alto
18.172.527-8,Cliente Nuevo 18172527,"Calle Teatinos 129, Santiago, Chile",2026-12-11,ORD-CL-202612-001290,127172,2026-12-13,Vitacura
19.476.204-6,Cliente 19476204,"Avenida Kennedy 2099, Santiago, Chile",2026-12-11,ORD-CL-202612-001291,140133,2026-12-12,Vitacura
17.990.944-4,Cliente 17990944,"Calle Huérfanos 5579, Santiago, Chile",2026-12-11,ORD-CL-202612-001292,185696,2026-12-14,Recoleta
15.029.322-2,Cliente 15029322,"Avenida Irarrázaval 3307, Santiago, Chile",2026-12-11,ORD-CL-202612-001293,127959,2026-12-14,Vitacura
19.310.813-7,Cliente 19310813,"Calle Estado 6426, Santiago, Chile",2026-12-11,ORD-CL-202612-001294,185236,2026-12-13,Quinta Normal
16.293.529-4,Cliente Nuevo 16293529,"Calle Compañía De Jesús 6603, Santiago, Chile",2026-12-11,ORD-CL-202612-001295,69279,2026-12-13,Santiago
14.462.552-5,Cliente Nuevo 14462552,"Calle Morandé 5878, Santiago, Chile",2026-12-11,ORD-CL-202612-001296,189598,2026-12-13,Las Condes
10.492.886-1,Cliente 10492886,"Avenida La Florida 4098, Santiago, Chile",2026-12-11,ORD-CL-202612-001297,95011,2026-12-14,Santiago
13.826.430-9,Cliente Nuevo 13826430,"Avenida Mapocho 1366, Santiago, Chile",2026-12-11,ORD-CL-202612-001298,307287,2026-12-13,Recoleta
12.640.228-4,Cliente Nuevo 12640228,"Avenida Recoleta 3473, Santiago, Chile",2026-12-11,ORD-CL-202612-001299,83837,2026-12-13,La Reina
9.773.767-8,Cliente 9773767,"Avenida La Florida 7492, Santiago, Chile",2026-12-11,ORD-CL-202612-001300,184909,2026-12-13,Santiago
21.728.745-7,Cliente Nuevo 21728745,"Calle San Antonio 7706, Santiago, Chile",2026-12-11,ORD-CL-202612-001301,130051,2026-12-13,La Florida
8.823.811-3,Cliente 8823811,"Avenida Kennedy 7331, Santiago, Chile",2026-12-11,ORD-CL-202612-001302,109079,2026-12-15,Independencia
6.697.870-5,Cliente 6697870,"Calle Santo Domingo 1727, Santiago, Chile",2026-12-11,ORD-CL-202612-001303,68968,2026-12-13,Las Condes
14.570.237-8,Cliente 14570237,"Gran Avenida José Miguel Carrera 7970, Santiago, Chile",2026-12-11,ORD-CL-202612-001304,104705,2026-12-14,Santiago
20.324.755-0,Cliente Nuevo 20324755,"Avenida Mapocho 8056, Santiago, Chile",2026-12-11,ORD-CL-202612-001305,59732,2026-12-14,San Miguel
22.570.788-8,Cliente 22570788,"Calle Morandé 2222, Santiago, Chile",2026-12-11,ORD-CL-202612-001306,165862,2026-12-12,Vitacura
10.492.886-1,Cliente 10492886,"Avenida La Florida 4098, Santiago, Chile",2026-12-11,ORD-CL-202612-001307,142578,2026-12-14,Santiago
17.846.844-9,Cliente 17846844,"Calle San Diego 2838, Santiago, Chile",2026-12-11,ORD-CL-202612-001308,193766,2026-12-14,Vitacura
10.996.031-8,Cliente 10996031,"Calle Merced 635, Santiago, Chile",2026-12-11,ORD-CL-202612-001309,339258,2026-12-13,Puente Alto
10.974.518-9,Cliente 10974518,"Calle Teatinos 8575, Santiago, Chile",2026-12-11,ORD-CL-202612-001310,146346,2026-12-13,Santiago
9.543.617-7,Cliente 9543617,"Calle San Antonio 9038, Santiago, Chile",2026-12-11,ORD-CL-202612-001311,190201,2026-12-14,Las Condes
18.894.789-6,Cliente Nuevo 18894789,"Calle San Antonio 7865, Santiago, Chile",2026-12-11,ORD-CL-202612-001312,110883,2026-12-14,Vitacura
12.091.711-6,Cliente Nuevo 12091711,"Avenida Vitacura 6199, Santiago, Chile",2026-12-11,ORD-CL-202612-001313,156864,2026-12-13,Santiago
19.948.802-5,Cliente Nuevo 19948802,"Avenida Providencia 7581, Santiago, Chile",2026-12-11,ORD-CL-202612-001314,166480,2026-12-14,Independencia
19.375.697-3,Cliente Nuevo 19375697,"Avenida Recoleta 9915, Santiago, Chile",2026-12-11,ORD-CL-202612-001315,105044,2026-12-13,Estación Central
20.343.616-1,Cliente Nuevo 20343616,"Avenida Providencia 5117, Santiago, Chile",2026-12-11,ORD-CL-202612-001316,154953,2026-12-13,Santiago
21.079.522-3,Cliente 21079522,"Avenida Irarrázaval 2958, Santiago, Chile",2026-12-11,ORD-CL-202612-001317,101797,2026-12-13,Independencia
9.670.768-9,Cliente 9670768,"Avenida Pajaritos 8829, Santiago, Chile",2026-12-11,ORD-CL-202612-001318,189422,2026-12-14,Recoleta
13.730.612-4,Cliente Nuevo 13730612,"Calle Teatinos 1095, Santiago, Chile",2026-12-11,ORD-CL-202612-001319,101317,2026-12-15,Puente Alto
22.432.854-8,Cliente 22432854,"Avenida Providencia 2654, Santiago, Chile",2026-12-11,ORD-CL-202612-001320,126628,2026-12-13,Santiago
9.214.681-8,Cliente Nuevo 9214681,"Calle Amunátegui 4416, Santiago, Chile",2026-12-11,ORD-CL-202612-001321,192995,2026-12-14,Las Condes
17.978.490-4,Cliente 17978490,"Avenida Kennedy 6477, Santiago, Chile",2026-12-11,ORD-CL-202612-001322,136057,2026-12-14,Santiago
13.302.830-8,Cliente 13302830,"Avenida Tobalaba 7793, Santiago, Chile",2026-12-11,ORD-CL-202612-001323,105065,2026-12-13,Puente Alto
21.749.736-4,Cliente 21749736,"Avenida Tobalaba 472, Santiago, Chile",2026-12-11,ORD-CL-202612-001324,105848,2026-12-14,Santiago
14.658.958-5,Cliente Nuevo 14658958,"Calle Santo Domingo 8354, Santiago, Chile",2026-12-11,ORD-CL-202612-001325,51001,2026-12-15,Estación Central
22.855.940-5,Cliente Nuevo 22855940,"Calle Catedral 7344, Santiago, Chile",2026-12-11,ORD-CL-202612-001326,177864,2026-12-13,Providencia
22.220.386-9,Cliente Nuevo 22220386,"Avenida Las Condes 8422, Santiago, Chile",2026-12-11,ORD-CL-202612-001327,276846,2026-12-14,Vitacura
14.081.942-3,Cliente 14081942,"Avenida Vicuña Mackenna 139, Santiago, Chile",2026-12-11,ORD-CL-202612-001328,165666,2026-12-14,Puente Alto
18.894.789-6,Cliente Nuevo 18894789,"Calle San Antonio 7865, Santiago, Chile",2026-12-11,ORD-CL-202612-001329,209425,2026-12-14,Vitacura
22.850.595-3,Cliente Nuevo 22850595,"Avenida Irarrázaval 9304, Santiago, Chile",2026-12-11,ORD-CL-202612-001330,159176,2026-12-12,Independencia
9.828.635-1,Cliente 9828635,"Avenida Santa Rosa 5483, Santiago, Chile",2026-12-11,ORD-CL-202612-001331,72705,2026-12-13,La Reina
14.449.066-2,Cliente 14449066,"Calle Santo Domingo 9845, Santiago, Chile",2026-12-11,ORD-CL-202612-001332,236051,2026-12-13,Lo Prado
7.910.497-1,Cliente Nuevo 7910497,"Avenida Independencia 4637, Santiago, Chile",2026-12-11,ORD-CL-202612-001333,177883,2026-12-14,Providencia
19.479.187-1,Cliente Nuevo 19479187,"Avenida Irarrázaval 412, Santiago, Chile",2026-12-11,ORD-CL-202612-001334,163392,2026-12-14,Vitacura
14.599.419-5,Cliente 14599419,"Calle Santo Domingo 6187, Santiago, Chile",2026-12-11,ORD-CL-202612-001335,120893,2026-12-12,Providencia
10.083.641-6,Cliente Nuevo 10083641,"Avenida Kennedy 512, Santiago, Chile",2026-12-11,ORD-CL-202612-001336,199219,2026-12-13,Santiago
22.261.538-1,Cliente Nuevo 22261538,"Avenida Departamental 7599, Santiago, Chile",2026-12-11,ORD-CL-202612-001337,43019,2026-12-13,Recoleta
14.005.353-7,Cliente 14005353,"Calle Morandé 3761, Santiago, Chile",2026-12-11,ORD-CL-202612-001338,205395,2026-12-14,Quinta Normal
9.543.617-7,Cliente 9543617,"Calle San Antonio 9038, Santiago, Chile",2026-12-11,ORD-CL-202612-001339,95176,2026-12-13,Las Condes
21.749.736-4,Cliente 21749736,"Avenida Tobalaba 472, Santiago, Chile",2026-12-11,ORD-CL-202612-001340,219015,2026-12-13,Santiago
14.115.596-9,Cliente 14115596,"Calle Merced 8350, Santiago, Chile",2026-12-11,ORD-CL-202612-001341,273645,2026-12-14,Vitacura
7.734.479-1,Cliente Nuevo 7734479,"Avenida Manuel Montt 7498, Santiago, Chile",2026-12-11,ORD-CL-202612-001342,230539,2026-12-13,Puente Alto
20.473.461-3,Cliente Nuevo 20473461,"Avenida Libertador Bernardo O'Higgins 1672, Santiago, Chile",2026-12-11,ORD-CL-202612-001343,156630,2026-12-15,Peñalolén
8.156.680-3,Cliente Nuevo 8156680,"Avenida Las Condes 6476, Santiago, Chile",2026-12-11,ORD-CL-202612-001344,275559,2026-12-13,Peñalolén
12.550.331-9,Cliente 12550331,"Avenida Macul 6773, Santiago, Chile",2026-12-11,ORD-CL-202612-001345,290890,2026-12-14,Estación Central
6.163.666-8,Cliente Nuevo 6163666,"Avenida Tobalaba 8026, Santiago, Chile",2026-12-11,ORD-CL-202612-001346,214075,2026-12-14,Santiago
10.189.674-4,Cliente Nuevo 10189674,"Avenida Macul 4501, Santiago, Chile",2026-12-11,ORD-CL-202612-001347,153337,2026-12-14,Puente Alto
19.651.236-1,Cliente Nuevo 19651236,"Avenida Pajaritos 235, Santiago, Chile",2026-12-11,ORD-CL-202612-001348,142367,2026-12-13,La Reina
17.731.216-7,Cliente 17731216,"Avenida Libertador Bernardo O'Higgins 9424, Santiago, Chile",2026-12-11,ORD-CL-202612-001349,197898,2026-12-15,Santiago
17.384.703-9,Cliente 17384703,"Avenida Independencia 8976, Santiago, Chile",2026-12-11,ORD-CL-202612-001350,268348,2026-12-14,Estación Central
14.976.009-2,Cliente 14976009,"Avenida La Florida 9733, Santiago, Chile",2026-12-11,ORD-CL-202612-001351,62658,2026-12-13,Providencia
10.838.437-5,Cliente Nuevo 10838437,"Calle Teatinos 2173, Santiago, Chile",2026-12-11,ORD-CL-202612-001352,166565,2026-12-13,Santiago
16.018.272-9,Cliente 16018272,"Calle Monjitas 7075, Santiago, Chile",2026-12-11,ORD-CL-202612-001353,184254,2026-12-13,Vitacura
9.490.310-5,Cliente 9490310,"Avenida Vicuña Mackenna 9874, Santiago, Chile",2026-12-11,ORD-CL-202612-001354,209457,2026-12-14,La Florida
9.969.180-0,Cliente Nuevo 9969180,"Calle San Diego 6271, Santiago, Chile",2026-12-11,ORD-CL-202612-001355,306169,2026-12-14,La Reina
8.827.735-9,Cliente Nuevo 8827735,"Avenida Pajaritos 4700, Santiago, Chile",2026-12-11,ORD-CL-202612-001356,126696,2026-12-14,Santiago
15.003.737-9,Cliente 15003737,"Avenida Las Condes 7420, Santiago, Chile",2026-12-11,ORD-CL-202612-001357,72199,2026-12-13,Providencia
15.010.840-6,Cliente 15010840,"Calle Amunátegui 5187, Santiago, Chile",2026-12-11,ORD-CL-202612-001358,262821,2026-12-13,Recoleta
20.528.123-3,Cliente 20528123,"Avenida Grecia 3746, Santiago, Chile",2026-12-11,ORD-CL-202612-001359,55528,2026-12-13,Peñalolén
17.904.645-9,Cliente 17904645,"Avenida Grecia 4822, Santiago, Chile",2026-12-11,ORD-CL-202612-001360,90728,2026-12-14,Santiago
12.210.986-5,Cliente 12210986,"Avenida Providencia 5225, Santiago, Chile",2026-12-11,ORD-CL-202612-001361,289118,2026-12-15,Las Condes
8.264.391-3,Cliente Nuevo 8264391,"Avenida Departamental 9211, Santiago, Chile",2026-12-11,ORD-CL-202612-001362,134233,2026-12-12,Santiago
20.562.021-8,Cliente Nuevo 20562021,"Gran Avenida José Miguel Carrera 5359, Santiago, Chile",2026-12-11,ORD-CL-202612-001363,94513,2026-12-12,La Reina
6.190.976-9,Cliente 6190976,"Calle Estado 9741, Santiago, Chile",2026-12-11,ORD-CL-202612-001364,173832,2026-12-13,La Reina
5.504.653-3,Cliente Nuevo 5504653,"Avenida Las Condes 6424, Santiago, Chile",2026-12-11,ORD-CL-202612-001365,250852,2026-12-14,Recoleta
16.629.884-3,Cliente Nuevo 16629884,"Avenida Vitacura 5933, Santiago, Chile",2026-12-11,ORD-CL-202612-001366,142838,2026-12-14,Estación Central
14.333.549-2,Cliente 14333549,"Avenida Mapocho 5663, Santiago, Chile",2026-12-11,ORD-CL-202612-001367,173563,2026-12-13,Santiago
13.866.087-3,Cliente Nuevo 13866087,"Avenida Departamental 9238, Santiago, Chile",2026-12-11,ORD-CL-202612-001368,207595,2026-12-12,Providencia
21.043.135-1,Cliente Nuevo 21043135,"Avenida Américo Vespucio 7807, Santiago, Chile",2026-12-11,ORD-CL-202612-001369,245279,2026-12-13,Lo Prado
13.377.967-1,Cliente 13377967,"Calle Amunátegui 1785, Santiago, Chile",2026-12-11,ORD-CL-202612-001370,238411,2026-12-13,Independencia
13.942.216-4,Cliente Nuevo 13942216,"Avenida Tobalaba 1924, Santiago, Chile",2026-12-11,ORD-CL-202612-001371,242744,2026-12-13,Santiago
8.438.148-8,Cliente Nuevo 8438148,"Avenida Kennedy 6569, Santiago, Chile",2026-12-11,ORD-CL-202612-001372,193813,2026-12-12,La Reina
6.438.229-6,Cliente 6438229,"Calle Merced 6576, Santiago, Chile",2026-12-11,ORD-CL-202612-001373,107968,2026-12-15,Puente Alto
15.192.255-0,Cliente 15192255,"Calle San Diego 9237, Santiago, Chile",2026-12-11,ORD-CL-202612-001374,52134,2026-12-12,La Florida
15.414.065-9,Cliente 15414065,"Avenida Vicuña Mackenna 3234, Santiago, Chile",2026-12-11,ORD-CL-202612-001375,114021,2026-12-14,La Reina
13.175.038-3,Cliente Nuevo 13175038,"Calle Estado 8042, Santiago, Chile",2026-12-11,ORD-CL-202612-001376,120094,2026-12-15,Recoleta
18.961.378-1,Cliente 18961378,"Avenida Pedro De Valdivia 2479, Santiago, Chile",2026-12-11,ORD-CL-202612-001377,204555,2026-12-13,Las Condes
15.861.894-2,Cliente 15861894,"Avenida Vitacura 4145, Santiago, Chile",2026-12-11,ORD-CL-202612-001378,122832,2026-12-15,Puente Alto
16.045.622-7,Cliente Nuevo 16045622,"Calle Bandera 653, Santiago, Chile",2026-12-11,ORD-CL-202612-001379,193524,2026-12-14,La Florida
11.969.299-2,Cliente Nuevo 11969299,"Avenida Vitacura 4042, Santiago, Chile",2026-12-11,ORD-CL-202612-001380,113376,2026-12-13,Peñalolén
20.921.479-4,Cliente 20921479,"Calle San Antonio 8635, Santiago, Chile",2026-12-11,ORD-CL-202612-001381,71307,2026-12-13,Independencia
19.045.111-0,Cliente 19045111,"Avenida Macul 5144, Santiago, Chile",2026-12-11,ORD-CL-202612-001382,173614,2026-12-14,Providencia
16.353.195-1,Cliente Nuevo 16353195,"Avenida Pajaritos 2107, Santiago, Chile",2026-12-11,ORD-CL-202612-001383,51043,2026-12-13,Providencia
12.666.103-1,Cliente Nuevo 12666103,"Avenida Departamental 129, Santiago, Chile",2026-12-11,ORD-CL-202612-001384,157997,2026-12-12,La Reina
14.799.664-5,Cliente 14799664,"Avenida Américo Vespucio 118, Santiago, Chile",2026-12-11,ORD-CL-202612-001385,84431,2026-12-14,Independencia
5.472.652-1,Cliente 5472652,"Calle Amunátegui 3124, Santiago, Chile",2026-12-11,ORD-CL-202612-001386,291075,2026-12-15,Vitacura
20.657.286-2,Cliente 20657286,"Avenida Manuel Montt 8479, Santiago, Chile",2026-12-11,ORD-CL-202612-001387,188317,2026-12-13,La Florida
8.431.260-9,Cliente 8431260,"Calle Compañía De Jesús 871, Santiago, Chile",2026-12-11,ORD-CL-202612-001388,218517,2026-12-13,Santiago
18.172.527-8,Cliente Nuevo 18172527,"Calle Teatinos 129, Santiago, Chile",2026-12-11,ORD-CL-202612-001389,63612,2026-12-15,Vitacura
21.783.616-1,Cliente 21783616,"Avenida Américo Vespucio 3402, Santiago, Chile",2026-12-11,ORD-CL-202612-001390,91351,2026-12-13,Providencia
16.946.426-7,Cliente 16946426,"Calle Catedral 4222, Santiago, Chile",2026-12-11,ORD-CL-202612-001391,76919,2026-12-13,La Reina
10.793.214-1,Cliente 10793214,"Calle Huérfanos 7037, Santiago, Chile",2026-12-11,ORD-CL-202612-001392,112376,2026-12-14,Santiago
8.829.354-0,Cliente Nuevo 8829354,"Avenida Matta 1351, Santiago, Chile",2026-12-11,ORD-CL-202612-001393,106741,2026-12-14,Santiago
19.359.934-4,Cliente Nuevo 19359934,"Calle Merced 4538, Santiago, Chile",2026-12-11,ORD-CL-202612-001394,165284,2026-12-13,Puente Alto
14.595.198-5,Cliente Nuevo 14595198,"Avenida Irarrázaval 2601, Santiago, Chile",2026-12-11,ORD-CL-202612-001395,153281,2026-12-14,La Florida
10.902.419-0,Cliente 10902419,"Avenida Santa Rosa 3238, Santiago, Chile",2026-12-11,ORD-CL-202612-001396,129147,2026-12-15,La Florida
16.489.088-4,Cliente 16489088,"Avenida Macul 8544, Santiago, Chile",2026-12-11,ORD-CL-202612-001397,200678,2026-12-13,Peñalolén
8.288.925-9,Cliente 8288925,"Calle Amunátegui 8931, Santiago, Chile",2026-12-11,ORD-CL-202612-001398,289081,2026-12-13,Estación Central
20.952.007-0,Cliente Nuevo 20952007,"Avenida Macul 7997, Santiago, Chile",2026-12-11,ORD-CL-202612-001399,102432,2026-12-13,Independencia
9.962.795-0,Cliente Nuevo 9962795,"Avenida Kennedy 2480, Santiago, Chile",2026-12-11,ORD-CL-202612-001400,275722,2026-12-13,Providencia
10.688.858-8,Cliente 10688858,"Avenida Grecia 1540, Santiago, Chile",2026-12-11,ORD-CL-202612-001401,216189,2026-12-12,Santiago
19.561.748-8,Cliente 19561748,"Gran Avenida José Miguel Carrera 5271, Santiago, Chile",2026-12-11,ORD-CL-202612-001402,117229,2026-12-16,Puente Alto
9.711.475-0,Cliente Nuevo 9711475,"Avenida Providencia 4440, Santiago, Chile",2026-12-11,ORD-CL-202612-001403,225268,2026-12-13,Lo Prado
16.288.073-6,Cliente 16288073,"Avenida Matta 6051, Santiago, Chile",2026-12-11,ORD-CL-202612-001404,90222,2026-12-12,Puente Alto
18.535.055-4,Cliente 18535055,"Avenida Providencia 8811, Santiago, Chile",2026-12-11,ORD-CL-202612-001405,79101,2026-12-16,Santiago
9.965.545-2,Cliente Nuevo 9965545,"Avenida Kennedy 7678, Santiago, Chile",2026-12-11,ORD-CL-202612-001406,132615,2026-12-14,Recoleta
19.345.431-2,Cliente 19345431,"Avenida Libertador Bernardo O'Higgins 5449, Santiago, Chile",2026-12-11,ORD-CL-202612-001407,251629,2026-12-14,Las Condes
22.031.223-7,Cliente 22031223,"Calle Amunátegui 3146, Santiago, Chile",2026-12-11,ORD-CL-202612-001408,87523,2026-12-13,Las Condes
19.119.546-0,Cliente 19119546,"Calle Catedral 1418, Santiago, Chile",2026-12-11,ORD-CL-202612-001409,102331,2026-12-13,Santiago
14.867.251-1,Cliente 14867251,"Calle Catedral 3440, Santiago, Chile",2026-12-11,ORD-CL-202612-001410,217223,2026-12-14,Independencia
17.045.268-1,Cliente Nuevo 17045268,"Avenida Pedro De Valdivia 3805, Santiago, Chile",2026-12-11,ORD-CL-202612-001411,144943,2026-12-15,Santiago
6.505.448-5,Cliente 6505448,"Avenida La Florida 3026, Santiago, Chile",2026-12-11,ORD-CL-202612-001412,64807,2026-12-14,Santiago
17.717.616-9,Cliente 17717616,"Avenida Vitacura 5311, Santiago, Chile",2026-12-11,ORD-CL-202612-001413,187604,2026-12-15,La Reina
13.651.938-0,Cliente 13651938,"Calle Morandé 1676, Santiago, Chile",2026-12-11,ORD-CL-202612-001414,37572,2026-12-13,Quinta Normal
11.046.238-5,Cliente Nuevo 11046238,"Calle Catedral 4077, Santiago, Chile",2026-12-11,ORD-CL-202612-001415,208276,2026-12-14,Estación Central
16.445.432-1,Cliente Nuevo 16445432,"Avenida Santa Rosa 8652, Santiago, Chile",2026-12-11,ORD-CL-202612-001416,156360,2026-12-15,Peñalolén
8.739.314-1,Cliente 8739314,"Avenida Matta 1939, Santiago, Chile",2026-12-11,ORD-CL-202612-001417,82738,2026-12-13,La Florida
5.928.181-2,Cliente 5928181,"Avenida Kennedy 5542, Santiago, Chile",2026-12-11,ORD-CL-202612-001418,128301,2026-12-12,Santiago
13.858.234-4,Cliente 13858234,"Calle Merced 8925, Santiago, Chile",2026-12-11,ORD-CL-202612-001419,151717,2026-12-13,Lo Prado
22.716.997-1,Cliente 22716997,"Calle Compañía De Jesús 386, Santiago, Chile",2026-12-11,ORD-CL-202612-001420,299895,2026-12-14,Peñalolén
17.517.740-0,Cliente 17517740,"Avenida Pajaritos 6127, Santiago, Chile",2026-12-11,ORD-CL-202612-001421,77271,2026-12-13,Independencia
8.812.313-1,Cliente 8812313,"Calle Bandera 6289, Santiago, Chile",2026-12-12,ORD-CL-202612-001422,111328,2026-12-14,Las Condes
9.374.030-0,Cliente 9374030,"Avenida Macul 3991, Santiago, Chile",2026-12-12,ORD-CL-202612-001423,288568,2026-12-14,Santiago
6.139.798-2,Cliente Nuevo 6139798,"Calle Teatinos 9278, Santiago, Chile",2026-12-12,ORD-CL-202612-001424,160817,2026-12-16,Santiago
10.284.916-2,Cliente Nuevo 10284916,"Calle Arturo Prat 1115, Santiago, Chile",2026-12-12,ORD-CL-202612-001425,99534,2026-12-15,Santiago
19.816.210-6,Cliente Nuevo 19816210,"Avenida Grecia 5903, Santiago, Chile",2026-12-12,ORD-CL-202612-001426,140187,2026-12-14,Santiago
16.433.287-4,Cliente Nuevo 16433287,"Avenida La Florida 6743, Santiago, Chile",2026-12-12,ORD-CL-202612-001427,120725,2026-12-14,Puente Alto
6.659.736-1,Cliente Nuevo 6659736,"Avenida Santa Rosa 1724, Santiago, Chile",2026-12-12,ORD-CL-202612-001428,152760,2026-12-13,Santiago
12.513.523-4,Cliente Nuevo 12513523,"Gran Avenida José Miguel Carrera 1905, Santiago, Chile",2026-12-12,ORD-CL-202612-001429,155626,2026-12-14,Independencia
12.513.523-4,Cliente Nuevo 12513523,"Gran Avenida José Miguel Carrera 1905, Santiago, Chile",2026-12-12,ORD-CL-202612-001430,89084,2026-12-15,Independencia
22.911.959-6,Cliente Nuevo 22911959,"Avenida Matta 2502, Santiago, Chile",2026-12-12,ORD-CL-202612-001431,173070,2026-12-16,Estación Central
18.046.390-8,Cliente 18046390,"Avenida Manuel Montt 4666, Santiago, Chile",2026-12-12,ORD-CL-202612-001432,158258,2026-12-14,Quinta Normal
6.899.786-1,Cliente 6899786,"Calle Merced 6738, Santiago, Chile",2026-12-12,ORD-CL-202612-001433,231066,2026-12-15,Lo Prado
6.606.107-5,Cliente Nuevo 6606107,"Avenida Providencia 3544, Santiago, Chile",2026-12-12,ORD-CL-202612-001434,88373,2026-12-14,Puente Alto
18.136.533-6,Cliente 18136533,"Avenida Libertador Bernardo O'Higgins 1045, Santiago, Chile",2026-12-12,ORD-CL-202612-001435,193199,2026-12-16,Santiago
18.458.810-9,Cliente Nuevo 18458810,"Avenida Providencia 5249, Santiago, Chile",2026-12-12,ORD-CL-202612-001436,180911,2026-12-14,Quinta Normal
19.737.878-6,Cliente 19737878,"Avenida Vitacura 7559, Santiago, Chile",2026-12-12,ORD-CL-202612-001437,64830,2026-12-15,Estación Central
7.972.328-1,Cliente 7972328,"Avenida La Florida 9292, Santiago, Chile",2026-12-12,ORD-CL-202612-001438,120136,2026-12-15,Independencia
19.948.802-5,Cliente Nuevo 19948802,"Avenida Providencia 7581, Santiago, Chile",2026-12-12,ORD-CL-202612-001439,136876,2026-12-16,Independencia
8.336.332-0,Cliente Nuevo 8336332,"Avenida Manuel Montt 685, Santiago, Chile",2026-12-12,ORD-CL-202612-001440,100915,2026-12-14,Recoleta
10.419.414-1,Cliente Nuevo 10419414,"Avenida Providencia 1261, Santiago, Chile",2026-12-12,ORD-CL-202612-001441,44058,2026-12-15,La Florida
9.773.714-3,Cliente Nuevo 9773714,"Avenida Matta 6450, Santiago, Chile",2026-12-12,ORD-CL-202612-001442,170228,2026-12-15,Recoleta
22.445.445-9,Cliente 22445445,"Avenida Kennedy 7707, Santiago, Chile",2026-12-12,ORD-CL-202612-001443,100906,2026-12-14,Providencia
9.773.714-3,Cliente Nuevo 9773714,"Avenida Matta 6450, Santiago, Chile",2026-12-12,ORD-CL-202612-001444,122513,2026-12-14,Recoleta
20.607.589-7,Cliente Nuevo 20607589,"Calle Merced 6656, Santiago, Chile",2026-12-12,ORD-CL-202612-001445,100082,2026-12-15,Lo Prado
6.318.395-2,Cliente 6318395,"Avenida Irarrázaval 3425, Santiago, Chile",2026-12-12,ORD-CL-202612-001446,268522,2026-12-15,Las Condes
13.916.973-5,Cliente 13916973,"Avenida Libertador Bernardo O'Higgins 2664, Santiago, Chile",2026-12-12,ORD-CL-202612-001447,161993,2026-12-14,La Florida
19.455.778-1,Cliente 19455778,"Calle San Diego 9371, Santiago, Chile",2026-12-12,ORD-CL-202612-001448,101080,2026-12-15,Vitacura
22.759.622-2,Cliente 22759622,"Avenida Matta 5603, Santiago, Chile",2026-12-12,ORD-CL-202612-001449,282752,2026-12-15,La Reina
6.639.541-7,Cliente 6639541,"Calle Amunátegui 7313, Santiago, Chile",2026-12-12,ORD-CL-202612-001450,208469,2026-12-16,Puente Alto
13.810.979-2,Cliente Nuevo 13810979,"Avenida Kennedy 7247, Santiago, Chile",2026-12-12,ORD-CL-202612-001451,52490,2026-12-14,Santiago
6.511.881-7,Cliente Nuevo 6511881,"Avenida Américo Vespucio 9745, Santiago, Chile",2026-12-12,ORD-CL-202612-001452,150279,2026-12-14,Lo Prado
19.345.431-2,Cliente 19345431,"Avenida Libertador Bernardo O'Higgins 5449, Santiago, Chile",2026-12-12,ORD-CL-202612-001453,45564,2026-12-14,Las Condes
17.384.703-9,Cliente 17384703,"Avenida Independencia 8976, Santiago, Chile",2026-12-12,ORD-CL-202612-001454,78250,2026-12-15,Estación Central
11.959.758-2,Cliente Nuevo 11959758,"Avenida Apoquindo 8692, Santiago, Chile",2026-12-12,ORD-CL-202612-001455,162455,2026-12-15,La Reina
9.965.545-2,Cliente Nuevo 9965545,"Avenida Kennedy 7678, Santiago, Chile",2026-12-12,ORD-CL-202612-001456,105869,2026-12-15,Recoleta
9.141.930-4,Cliente 9141930,"Calle Merced 790, Santiago, Chile",2026-12-12,ORD-CL-202612-001457,187517,2026-12-15,La Florida
18.652.465-7,Cliente Nuevo 18652465,"Calle Estado 3337, Santiago, Chile",2026-12-12,ORD-CL-202612-001458,184765,2026-12-14,Lo Prado
14.804.923-8,Cliente Nuevo 14804923,"Calle San Diego 6634, Santiago, Chile",2026-12-12,ORD-CL-202612-001459,122203,2026-12-14,Lo Prado
13.705.835-4,Cliente 13705835,"Calle Merced 99, Santiago, Chile",2026-12-12,ORD-CL-202612-001460,74171,2026-12-14,Independencia
18.880.614-0,Cliente 18880614,"Calle Huérfanos 2429, Santiago, Chile",2026-12-12,ORD-CL-202612-001461,66950,2026-12-15,San Miguel
18.197.694-3,Cliente Nuevo 18197694,"Avenida Las Condes 1349, Santiago, Chile",2026-12-12,ORD-CL-202612-001462,238601,2026-12-14,Santiago
8.346.407-5,Cliente Nuevo 8346407,"Avenida Mapocho 5003, Santiago, Chile",2026-12-12,ORD-CL-202612-001463,65199,2026-12-16,Santiago
11.504.160-7,Cliente 11504160,"Calle Morandé 2308, Santiago, Chile",2026-12-12,ORD-CL-202612-001464,94300,2026-12-17,La Florida
18.111.233-0,Cliente 18111233,"Gran Avenida José Miguel Carrera 9617, Santiago, Chile",2026-12-12,ORD-CL-202612-001465,190968,2026-12-14,Peñalolén
10.563.960-1,Cliente Nuevo 10563960,"Calle Teatinos 2098, Santiago, Chile",2026-12-12,ORD-CL-202612-001466,216776,2026-12-14,San Miguel
20.977.743-8,Cliente Nuevo 20977743,"Avenida Apoquindo 7413, Santiago, Chile",2026-12-12,ORD-CL-202612-001467,252905,2026-12-14,La Reina
16.775.133-3,Cliente Nuevo 16775133,"Avenida Pajaritos 4612, Santiago, Chile",2026-12-12,ORD-CL-202612-001468,187650,2026-12-14,Providencia
18.051.800-7,Cliente Nuevo 18051800,"Avenida Manuel Montt 5734, Santiago, Chile",2026-12-12,ORD-CL-202612-001469,243275,2026-12-16,Independencia
14.004.174-2,Cliente 14004174,"Avenida Kennedy 5560, Santiago, Chile",2026-12-12,ORD-CL-202612-001470,239948,2026-12-15,Santiago
22.091.740-9,Cliente 22091740,"Avenida Las Condes 356, Santiago, Chile",2026-12-12,ORD-CL-202612-001471,231079,2026-12-15,Providencia
15.604.724-1,Cliente 15604724,"Avenida Independencia 9638, Santiago, Chile",2026-12-12,ORD-CL-202612-001472,117147,2026-12-15,Santiago
17.304.826-7,Cliente 17304826,"Calle Bandera 1249, Santiago, Chile",2026-12-12,ORD-CL-202612-001473,226666,2026-12-14,Estación Central
22.702.021-8,Cliente 22702021,"Avenida Matta 2957, Santiago, Chile",2026-12-12,ORD-CL-202612-001474,96652,2026-12-14,Santiago
9.609.264-3,Cliente Nuevo 9609264,"Calle Monjitas 9394, Santiago, Chile",2026-12-12,ORD-CL-202612-001475,154058,2026-12-15,Estación Central
9.764.075-9,Cliente 9764075,"Avenida Tobalaba 7751, Santiago, Chile",2026-12-12,ORD-CL-202612-001476,204557,2026-12-14,La Reina
13.471.722-9,Cliente Nuevo 13471722,"Avenida Independencia 9382, Santiago, Chile",2026-12-12,ORD-CL-202612-001477,127418,2026-12-15,Santiago
9.519.957-9,Cliente 9519957,"Avenida Independencia 3044, Santiago, Chile",2026-12-12,ORD-CL-202612-001478,117237,2026-12-16,Providencia
11.702.770-0,Cliente 11702770,"Calle Merced 4278, Santiago, Chile",2026-12-12,ORD-CL-202612-001479,175311,2026-12-15,Santiago
7.499.276-7,Cliente 7499276,"Calle Compañía De Jesús 5241, Santiago, Chile",2026-12-12,ORD-CL-202612-001480,268570,2026-12-15,Providencia
7.380.294-6,Cliente Nuevo 7380294,"Avenida Libertador Bernardo O'Higgins 4192, Santiago, Chile",2026-12-12,ORD-CL-202612-001481,78445,2026-12-14,Providencia
16.240.089-1,Cliente Nuevo 16240089,"Calle Monjitas 3007, Santiago, Chile",2026-12-12,ORD-CL-202612-001482,168587,2026-12-15,Estación Central
12.086.822-5,Cliente 12086822,"Calle Estado 8648, Santiago, Chile",2026-12-12,ORD-CL-202612-001483,309368,2026-12-15,Peñalolén
17.602.845-5,Cliente Nuevo 17602845,"Calle Arturo Prat 2535, Santiago, Chile",2026-12-12,ORD-CL-202612-001484,124671,2026-12-15,Lo Prado
6.742.327-9,Cliente 6742327,"Calle San Antonio 2335, Santiago, Chile",2026-12-12,ORD-CL-202612-001485,177059,2026-12-16,San Miguel
6.698.078-1,Cliente 6698078,"Avenida Grecia 3846, Santiago, Chile",2026-12-12,ORD-CL-202612-001486,208709,2026-12-16,Providencia
8.688.112-4,Cliente 8688112,"Avenida Irarrázaval 4204, Santiago, Chile",2026-12-12,ORD-CL-202612-001487,242574,2026-12-17,Peñalolén
13.017.820-2,Cliente Nuevo 13017820,"Avenida Apoquindo 6239, Santiago, Chile",2026-12-12,ORD-CL-202612-001488,65796,2026-12-14,La Reina
6.724.823-8,Cliente Nuevo 6724823,"Calle Arturo Prat 1009, Santiago, Chile",2026-12-12,ORD-CL-202612-001489,180840,2026-12-14,Recoleta
21.083.885-5,Cliente Nuevo 21083885,"Avenida Irarrázaval 625, Santiago, Chile",2026-12-12,ORD-CL-202612-001490,89788,2026-12-14,Independencia
14.807.239-6,Cliente Nuevo 14807239,"Avenida Santa Rosa 8489, Santiago, Chile",2026-12-12,ORD-CL-202612-001491,152300,2026-12-14,Peñalolén
6.792.213-8,Cliente Nuevo 6792213,"Avenida Apoquindo 2255, Santiago, Chile",2026-12-12,ORD-CL-202612-001492,230374,2026-12-15,Providencia
6.899.786-1,Cliente 6899786,"Calle Merced 6738, Santiago, Chile",2026-12-12,ORD-CL-202612-001493,157942,2026-12-15,Lo Prado
13.203.400-0,Cliente Nuevo 13203400,"Avenida Libertador Bernardo O'Higgins 4295, Santiago, Chile",2026-12-12,ORD-CL-202612-001494,249911,2026-12-16,Puente Alto
16.080.779-2,Cliente Nuevo 16080779,"Avenida Tobalaba 7399, Santiago, Chile",2026-12-12,ORD-CL-202612-001495,102270,2026-12-16,Recoleta
9.234.233-3,Cliente Nuevo 9234233,"Avenida Mapocho 9524, Santiago, Chile",2026-12-12,ORD-CL-202612-001496,88620,2026-12-17,Estación Central
17.094.471-5,Cliente 17094471,"Avenida Mapocho 4726, Santiago, Chile",2026-12-12,ORD-CL-202612-001497,126433,2026-12-16,Quinta Normal
22.576.576-6,Cliente 22576576,"Avenida Grecia 1144, Santiago, Chile",2026-12-12,ORD-CL-202612-001498,146613,2026-12-14,Quinta Normal
18.117.500-8,Cliente Nuevo 18117500,"Avenida Kennedy 6923, Santiago, Chile",2026-12-12,ORD-CL-202612-001499,77132,2026-12-14,Quinta Normal
19.949.560-0,Cliente Nuevo 19949560,"Calle Merced 969, Santiago, Chile",2026-12-12,ORD-CL-202612-001500,140593,2026-12-16,Puente Alto
17.182.631-6,Cliente 17182631,"Avenida Matta 3173, Santiago, Chile",2026-12-12,ORD-CL-202612-001501,53885,2026-12-13,Providencia
13.775.682-8,Cliente Nuevo 13775682,"Calle Monjitas 6910, Santiago, Chile",2026-12-12,ORD-CL-202612-001502,208839,2026-12-14,Puente Alto
10.469.153-4,Cliente 10469153,"Avenida La Florida 9689, Santiago, Chile",2026-12-12,ORD-CL-202612-001503,134343,2026-12-16,Quinta Normal
10.825.499-3,Cliente Nuevo 10825499,"Calle Teatinos 1289, Santiago, Chile",2026-12-12,ORD-CL-202612-001504,210159,2026-12-14,Independencia
20.402.013-9,Cliente Nuevo 20402013,"Calle Santo Domingo 3197, Santiago, Chile",2026-12-12,ORD-CL-202612-001505,181990,2026-12-15,La Florida
14.852.954-1,Cliente Nuevo 14852954,"Avenida Macul 7565, Santiago, Chile",2026-12-12,ORD-CL-202612-001506,172967,2026-12-16,Recoleta
9.141.930-4,Cliente 9141930,"Calle Merced 790, Santiago, Chile",2026-12-12,ORD-CL-202612-001507,124135,2026-12-15,La Florida
7.681.084-6,Cliente 7681084,"Gran Avenida José Miguel Carrera 4320, Santiago, Chile",2026-12-12,ORD-CL-202612-001508,155036,2026-12-15,Santiago
6.139.798-2,Cliente Nuevo 6139798,"Calle Teatinos 9278, Santiago, Chile",2026-12-12,ORD-CL-202612-001509,121840,2026-12-15,Santiago
8.613.975-1,Cliente Nuevo 8613975,"Avenida Tobalaba 8129, Santiago, Chile",2026-12-12,ORD-CL-202612-001510,160706,2026-12-16,La Florida
15.841.162-9,Cliente 15841162,"Gran Avenida José Miguel Carrera 9520, Santiago, Chile",2026-12-12,ORD-CL-202612-001511,200108,2026-12-15,Independencia
21.490.421-3,Cliente 21490421,"Calle Amunátegui 3426, Santiago, Chile",2026-12-12,ORD-CL-202612-001512,149925,2026-12-16,La Reina
12.021.434-2,Cliente 12021434,"Avenida Matta 5146, Santiago, Chile",2026-12-12,ORD-CL-202612-001513,155191,2026-12-15,Santiago
13.858.234-4,Cliente 13858234,"Calle Merced 8925, Santiago, Chile",2026-12-12,ORD-CL-202612-001514,136692,2026-12-14,Lo Prado
17.313.403-1,Cliente 17313403,"Avenida La Florida 7678, Santiago, Chile",2026-12-12,ORD-CL-202612-001515,115037,2026-12-14,Santiago
13.324.907-7,Cliente 13324907,"Calle Arturo Prat 2679, Santiago, Chile",2026-12-12,ORD-CL-202612-001516,185818,2026-12-13,Recoleta
8.393.348-0,Cliente Nuevo 8393348,"Avenida Macul 7869, Santiago, Chile",2026-12-12,ORD-CL-202612-001517,116513,2026-12-14,Las Condes
8.687.840-7,Cliente Nuevo 8687840,"Avenida Vicuña Mackenna 2587, Santiago, Chile",2026-12-12,ORD-CL-202612-001518,304661,2026-12-14,Estación Central
16.629.884-3,Cliente Nuevo 16629884,"Avenida Vitacura 5933, Santiago, Chile",2026-12-12,ORD-CL-202612-001519,317779,2026-12-15,Estación Central
17.408.939-1,Cliente 17408939,"Avenida Independencia 5446, Santiago, Chile",2026-12-12,ORD-CL-202612-001520,288667,2026-12-14,San Miguel
12.333.129-9,Cliente 12333129,"Calle Morandé 3088, Santiago, Chile",2026-12-12,ORD-CL-202612-001521,312032,2026-12-15,Estación Central
11.421.223-3,Cliente 11421223,"Avenida Tobalaba 205, Santiago, Chile",2026-12-12,ORD-CL-202612-001522,110364,2026-12-14,La Reina
22.543.918-4,Cliente Nuevo 22543918,"Calle Catedral 3236, Santiago, Chile",2026-12-12,ORD-CL-202612-001523,166976,2026-12-16,Recoleta
16.850.768-5,Cliente 16850768,"Calle Huérfanos 1214, Santiago, Chile",2026-12-12,ORD-CL-202612-001524,37685,2026-12-15,Las Condes
5.880.401-0,Cliente Nuevo 5880401,"Avenida Departamental 8230, Santiago, Chile",2026-12-12,ORD-CL-202612-001525,144348,2026-12-17,Santiago
18.922.808-4,Cliente Nuevo 18922808,"Calle Monjitas 1794, Santiago, Chile",2026-12-12,ORD-CL-202612-001526,234737,2026-12-14,Santiago
20.402.013-9,Cliente Nuevo 20402013,"Calle Santo Domingo 3197, Santiago, Chile",2026-12-12,ORD-CL-202612-001527,123669,2026-12-16,La Florida
17.978.490-4,Cliente 17978490,"Avenida Kennedy 6477, Santiago, Chile",2026-12-12,ORD-CL-202612-001528,133218,2026-12-16,Santiago
12.492.700-8,Cliente 12492700,"Gran Avenida José Miguel Carrera 1240, Santiago, Chile",2026-12-12,ORD-CL-202612-001529,218745,2026-12-16,San Miguel
14.129.991-5,Cliente 14129991,"Avenida Matta 1637, Santiago, Chile",2026-12-12,ORD-CL-202612-001530,188494,2026-12-16,Estación Central
9.680.586-0,Cliente 9680586,"Calle Huérfanos 8101, Santiago, Chile",2026-12-12,ORD-CL-202612-001531,89061,2026-12-14,San Miguel
19.116.035-0,Cliente 19116035,"Calle Amunátegui 6560, Santiago, Chile",2026-12-12,ORD-CL-202612-001532,256504,2026-12-15,Vitacura
5.683.172-2,Cliente Nuevo 5683172,"Calle San Antonio 592, Santiago, Chile",2026-12-12,ORD-CL-202612-001533,267294,2026-12-15,Vitacura
16.331.452-9,Cliente Nuevo 16331452,"Avenida Manuel Montt 1652, Santiago, Chile",2026-12-12,ORD-CL-202612-001534,171550,2026-12-15,Peñalolén
12.986.045-1,Cliente Nuevo 12986045,"Avenida Providencia 3054, Santiago, Chile",2026-12-12,ORD-CL-202612-001535,69616,2026-12-15,La Reina
21.546.217-3,Cliente Nuevo 21546217,"Avenida Pedro De Valdivia 8264, Santiago, Chile",2026-12-12,ORD-CL-202612-001536,101943,2026-12-15,Puente Alto
8.348.089-2,Cliente 8348089,"Calle Teatinos 3989, Santiago, Chile",2026-12-12,ORD-CL-202612-001537,66898,2026-12-13,Quinta Normal
20.008.165-9,Cliente 20008165,"Avenida Mapocho 1601, Santiago, Chile",2026-12-12,ORD-CL-202612-001538,140208,2026-12-14,Quinta Normal
22.889.132-0,Cliente Nuevo 22889132,"Calle Huérfanos 5041, Santiago, Chile",2026-12-12,ORD-CL-202612-001539,119329,2026-12-14,Recoleta
12.118.902-3,Cliente 12118902,"Avenida Manuel Montt 5488, Santiago, Chile",2026-12-12,ORD-CL-202612-001540,242139,2026-12-14,Providencia
14.328.942-1,Cliente Nuevo 14328942,"Avenida Independencia 2430, Santiago, Chile",2026-12-13,ORD-CL-202612-001541,71873,2026-12-16,La Reina
12.280.758-5,Cliente 12280758,"Avenida Providencia 2001, Santiago, Chile",2026-12-13,ORD-CL-202612-001542,195366,2026-12-16,Recoleta
7.048.215-9,Cliente 7048215,"Avenida Independencia 5956, Santiago, Chile",2026-12-13,ORD-CL-202612-001543,217695,2026-12-16,La Reina
9.589.636-7,Cliente Nuevo 9589636,"Avenida Providencia 8365, Santiago, Chile",2026-12-13,ORD-CL-202612-001544,229775,2026-12-18,Lo Prado
7.681.084-6,Cliente 7681084,"Gran Avenida José Miguel Carrera 4320, Santiago, Chile",2026-12-13,ORD-CL-202612-001545,185797,2026-12-17,Santiago
6.843.079-6,Cliente Nuevo 6843079,"Calle Arturo Prat 1596, Santiago, Chile",2026-12-13,ORD-CL-202612-001546,210874,2026-12-17,Independencia
7.813.858-0,Cliente 7813858,"Avenida Manuel Montt 1285, Santiago, Chile",2026-12-13,ORD-CL-202612-001547,153809,2026-12-15,Vitacura
22.692.685-2,Cliente 22692685,"Calle Arturo Prat 5100, Santiago, Chile",2026-12-13,ORD-CL-202612-001548,102264,2026-12-16,Santiago
14.595.198-5,Cliente Nuevo 14595198,"Avenida Irarrázaval 2601, Santiago, Chile",2026-12-13,ORD-CL-202612-001549,208542,2026-12-16,La Florida
16.928.013-6,Cliente 16928013,"Calle Estado 4566, Santiago, Chile",2026-12-13,ORD-CL-202612-001550,295854,2026-12-15,Santiago
9.386.583-0,Cliente 9386583,"Avenida Santa Rosa 3792, Santiago, Chile",2026-12-13,ORD-CL-202612-001551,116314,2026-12-15,La Reina
6.304.052-0,Cliente Nuevo 6304052,"Avenida Vitacura 682, Santiago, Chile",2026-12-13,ORD-CL-202612-001552,160325,2026-12-14,Quinta Normal
14.182.415-3,Cliente Nuevo 14182415,"Avenida Vicuña Mackenna 2952, Santiago, Chile",2026-12-13,ORD-CL-202612-001553,177373,2026-12-16,Santiago
16.297.737-7,Cliente 16297737,"Avenida Américo Vespucio 9492, Santiago, Chile",2026-12-13,ORD-CL-202612-001554,80356,2026-12-16,Peñalolén
14.598.922-5,Cliente Nuevo 14598922,"Avenida Pajaritos 2792, Santiago, Chile",2026-12-13,ORD-CL-202612-001555,64885,2026-12-15,Recoleta
10.436.716-4,Cliente 10436716,"Avenida Manuel Montt 756, Santiago, Chile",2026-12-13,ORD-CL-202612-001556,134542,2026-12-15,Providencia
19.816.210-6,Cliente Nuevo 19816210,"Avenida Grecia 5903, Santiago, Chile",2026-12-13,ORD-CL-202612-001557,247620,2026-12-17,Santiago
15.706.390-3,Cliente Nuevo 15706390,"Calle Compañía De Jesús 5396, Santiago, Chile",2026-12-13,ORD-CL-202612-001558,106055,2026-12-15,La Florida
11.195.978-4,Cliente Nuevo 11195978,"Avenida Libertador Bernardo O'Higgins 4420, Santiago, Chile",2026-12-13,ORD-CL-202612-001559,201190,2026-12-15,Peñalolén
18.914.115-9,Cliente 18914115,"Avenida Matta 7753, Santiago, Chile",2026-12-13,ORD-CL-202612-001560,198271,2026-12-16,La Florida
6.120.194-4,Cliente 6120194,"Calle San Antonio 5135, Santiago, Chile",2026-12-13,ORD-CL-202612-001561,274316,2026-12-14,San Miguel
18.055.387-0,Cliente Nuevo 18055387,"Avenida Vicuña Mackenna 2992, Santiago, Chile",2026-12-13,ORD-CL-202612-001562,119625,2026-12-15,Las Condes
14.775.032-2,Cliente 14775032,"Avenida Departamental 2113, Santiago, Chile",2026-12-13,ORD-CL-202612-001563,50470,2026-12-16,Estación Central
19.955.744-1,Cliente Nuevo 19955744,"Avenida Manuel Montt 4776, Santiago, Chile",2026-12-13,ORD-CL-202612-001564,106882,2026-12-15,Santiago
18.260.935-7,Cliente Nuevo 18260935,"Calle Teatinos 4556, Santiago, Chile",2026-12-13,ORD-CL-202612-001565,73845,2026-12-17,Providencia
13.022.071-3,Cliente Nuevo 13022071,"Avenida Macul 1885, Santiago, Chile",2026-12-13,ORD-CL-202612-001566,220291,2026-12-16,Las Condes
14.458.746-3,Cliente Nuevo 14458746,"Avenida Kennedy 9107, Santiago, Chile",2026-12-13,ORD-CL-202612-001567,159772,2026-12-15,Recoleta
21.805.407-4,Cliente Nuevo 21805407,"Calle Santo Domingo 8500, Santiago, Chile",2026-12-13,ORD-CL-202612-001568,307199,2026-12-17,Puente Alto
12.091.711-6,Cliente Nuevo 12091711,"Avenida Vitacura 6199, Santiago, Chile",2026-12-13,ORD-CL-202612-001569,96681,2026-12-16,Santiago
22.539.541-3,Cliente Nuevo 22539541,"Calle San Diego 5389, Santiago, Chile",2026-12-13,ORD-CL-202612-001570,259638,2026-12-16,Puente Alto
5.355.868-9,Cliente 5355868,"Avenida Mapocho 7796, Santiago, Chile",2026-12-13,ORD-CL-202612-001571,249279,2026-12-15,Las Condes
7.133.217-9,Cliente Nuevo 7133217,"Avenida Departamental 4795, Santiago, Chile",2026-12-13,ORD-CL-202612-001572,175500,2026-12-16,Quinta Normal
10.703.244-7,Cliente 10703244,"Avenida Irarrázaval 2767, Santiago, Chile",2026-12-13,ORD-CL-202612-001573,165758,2026-12-17,Vitacura
7.640.426-3,Cliente Nuevo 7640426,"Avenida Vitacura 7084, Santiago, Chile",2026-12-13,ORD-CL-202612-001574,261020,2026-12-15,Peñalolén
19.119.546-0,Cliente 19119546,"Calle Catedral 1418, Santiago, Chile",2026-12-13,ORD-CL-202612-001575,92189,2026-12-16,Santiago
15.420.449-6,Cliente Nuevo 15420449,"Avenida Américo Vespucio 7052, Santiago, Chile",2026-12-13,ORD-CL-202612-001576,202559,2026-12-16,Quinta Normal
6.467.242-5,Cliente 6467242,"Avenida Independencia 24, Santiago, Chile",2026-12-13,ORD-CL-202612-001577,169598,2026-12-16,San Miguel
15.893.864-7,Cliente 15893864,"Gran Avenida José Miguel Carrera 572, Santiago, Chile",2026-12-13,ORD-CL-202612-001578,138024,2026-12-17,Recoleta
19.948.058-7,Cliente Nuevo 19948058,"Avenida Libertador Bernardo O'Higgins 5151, Santiago, Chile",2026-12-13,ORD-CL-202612-001579,51337,2026-12-17,Providencia
8.969.442-2,Cliente 8969442,"Calle Catedral 5736, Santiago, Chile",2026-12-13,ORD-CL-202612-001580,140673,2026-12-16,Puente Alto
11.421.223-3,Cliente 11421223,"Avenida Tobalaba 205, Santiago, Chile",2026-12-13,ORD-CL-202612-001581,128502,2026-12-15,La Reina
5.113.505-6,Cliente 5113505,"Avenida Apoquindo 282, Santiago, Chile",2026-12-13,ORD-CL-202612-001582,128268,2026-12-14,Santiago
22.513.255-8,Cliente 22513255,"Avenida Tobalaba 5396, Santiago, Chile",2026-12-13,ORD-CL-202612-001583,190756,2026-12-15,Vitacura
22.046.885-5,Cliente 22046885,"Avenida La Florida 3507, Santiago, Chile",2026-12-13,ORD-CL-202612-001584,115741,2026-12-17,Santiago
18.613.878-0,Cliente Nuevo 18613878,"Avenida Apoquindo 9524, Santiago, Chile",2026-12-13,ORD-CL-202612-001585,106668,2026-12-16,La Reina
19.119.886-0,Cliente Nuevo 19119886,"Avenida Irarrázaval 2943, Santiago, Chile",2026-12-13,ORD-CL-202612-001586,233720,2026-12-18,Peñalolén
11.245.122-6,Cliente Nuevo 11245122,"Calle San Diego 2868, Santiago, Chile",2026-12-13,ORD-CL-202612-001587,82190,2026-12-16,San Miguel
22.716.997-1,Cliente 22716997,"Calle Compañía De Jesús 386, Santiago, Chile",2026-12-13,ORD-CL-202612-001588,117997,2026-12-16,Peñalolén
12.333.729-8,Cliente Nuevo 12333729,"Avenida Kennedy 5603, Santiago, Chile",2026-12-13,ORD-CL-202612-001589,110363,2026-12-16,Vitacura
17.893.629-2,Cliente 17893629,"Avenida Tobalaba 2189, Santiago, Chile",2026-12-13,ORD-CL-202612-001590,51960,2026-12-16,Las Condes
16.492.586-2,Cliente 16492586,"Avenida Pajaritos 663, Santiago, Chile",2026-12-13,ORD-CL-202612-001591,201145,2026-12-16,Independencia
20.045.199-7,Cliente Nuevo 20045199,"Avenida Américo Vespucio 5133, Santiago, Chile",2026-12-13,ORD-CL-202612-001592,142185,2026-12-18,Santiago
15.983.093-8,Cliente 15983093,"Calle Compañía De Jesús 8561, Santiago, Chile",2026-12-13,ORD-CL-202612-001593,207531,2026-12-14,Providencia
8.358.866-4,Cliente 8358866,"Calle Huérfanos 5881, Santiago, Chile",2026-12-13,ORD-CL-202612-001594,159417,2026-12-15,Santiago
16.624.651-5,Cliente 16624651,"Avenida Manuel Montt 2210, Santiago, Chile",2026-12-13,ORD-CL-202612-001595,86766,2026-12-15,Santiago
16.696.846-0,Cliente 16696846,"Calle Huérfanos 264, Santiago, Chile",2026-12-13,ORD-CL-202612-001596,210489,2026-12-16,Lo Prado
21.914.600-7,Cliente 21914600,"Avenida Macul 3608, Santiago, Chile",2026-12-13,ORD-CL-202612-001597,100518,2026-12-16,San Miguel
6.120.194-4,Cliente 6120194,"Calle San Antonio 5135, Santiago, Chile",2026-12-13,ORD-CL-202612-001598,143536,2026-12-14,San Miguel
21.891.734-5,Cliente Nuevo 21891734,"Avenida Pajaritos 933, Santiago, Chile",2026-12-13,ORD-CL-202612-001599,192417,2026-12-15,Vitacura
18.358.564-5,Cliente Nuevo 18358564,"Avenida Vitacura 3943, Santiago, Chile",2026-12-13,ORD-CL-202612-001600,82424,2026-12-17,Santiago
17.045.268-1,Cliente Nuevo 17045268,"Avenida Pedro De Valdivia 3805, Santiago, Chile",2026-12-13,ORD-CL-202612-001601,151083,2026-12-15,Santiago
16.624.651-5,Cliente 16624651,"Avenida Manuel Montt 2210, Santiago, Chile",2026-12-13,ORD-CL-202612-001602,214386,2026-12-15,Santiago
5.668.801-2,Cliente 5668801,"Avenida Tobalaba 976, Santiago, Chile",2026-12-13,ORD-CL-202612-001603,310337,2026-12-14,Estación Central
9.029.959-6,Cliente Nuevo 9029959,"Calle Estado 2864, Santiago, Chile",2026-12-13,ORD-CL-202612-001604,246217,2026-12-18,Santiago
17.393.201-5,Cliente 17393201,"Calle Catedral 7006, Santiago, Chile",2026-12-13,ORD-CL-202612-001605,88161,2026-12-15,San Miguel
6.199.642-7,Cliente Nuevo 6199642,"Calle Bandera 4714, Santiago, Chile",2026-12-13,ORD-CL-202612-001606,134635,2026-12-15,Santiago
14.946.610-7,Cliente Nuevo 14946610,"Avenida Departamental 2933, Santiago, Chile",2026-12-13,ORD-CL-202612-001607,66290,2026-12-17,Lo Prado
22.612.696-6,Cliente Nuevo 22612696,"Avenida Departamental 6951, Santiago, Chile",2026-12-13,ORD-CL-202612-001608,259457,2026-12-15,Lo Prado
13.975.735-0,Cliente Nuevo 13975735,"Gran Avenida José Miguel Carrera 398, Santiago, Chile",2026-12-13,ORD-CL-202612-001609,112039,2026-12-15,Quinta Normal
14.552.741-6,Cliente 14552741,"Avenida Recoleta 3714, Santiago, Chile",2026-12-13,ORD-CL-202612-001610,108132,2026-12-16,Puente Alto
19.116.035-0,Cliente 19116035,"Calle Amunátegui 6560, Santiago, Chile",2026-12-13,ORD-CL-202612-001611,165058,2026-12-15,Vitacura
11.677.416-6,Cliente 11677416,"Calle Morandé 1655, Santiago, Chile",2026-12-13,ORD-CL-202612-001612,217422,2026-12-16,Quinta Normal
5.027.457-1,Cliente 5027457,"Avenida Kennedy 198, Santiago, Chile",2026-12-13,ORD-CL-202612-001613,198826,2026-12-17,Estación Central
8.741.036-6,Cliente Nuevo 8741036,"Calle Monjitas 7214, Santiago, Chile",2026-12-13,ORD-CL-202612-001614,147092,2026-12-16,Quinta Normal
9.185.090-5,Cliente Nuevo 9185090,"Avenida Manuel Montt 4351, Santiago, Chile",2026-12-13,ORD-CL-202612-001615,227561,2026-12-15,Vitacura
15.949.317-5,Cliente Nuevo 15949317,"Calle Monjitas 1312, Santiago, Chile",2026-12-13,ORD-CL-202612-001616,140188,2026-12-16,Las Condes
21.920.456-4,Cliente Nuevo 21920456,"Avenida Vicuña Mackenna 483, Santiago, Chile",2026-12-13,ORD-CL-202612-001617,231746,2026-12-17,Recoleta
19.429.781-7,Cliente 19429781,"Calle Arturo Prat 6209, Santiago, Chile",2026-12-13,ORD-CL-202612-001618,286994,2026-12-17,Independencia
16.936.113-2,Cliente 16936113,"Avenida Las Condes 6073, Santiago, Chile",2026-12-13,ORD-CL-202612-001619,132347,2026-12-17,Estación Central
9.258.740-7,Cliente 9258740,"Avenida Grecia 4727, Santiago, Chile",2026-12-13,ORD-CL-202612-001620,189265,2026-12-16,Santiago
5.884.281-4,Cliente 5884281,"Avenida Grecia 8422, Santiago, Chile",2026-12-13,ORD-CL-202612-001621,128989,2026-12-16,Peñalolén
7.182.956-1,Cliente Nuevo 7182956,"Avenida Pajaritos 3514, Santiago, Chile",2026-12-13,ORD-CL-202612-001622,108230,2026-12-16,San Miguel
14.945.612-5,Cliente Nuevo 14945612,"Avenida Matta 4672, Santiago, Chile",2026-12-13,ORD-CL-202612-001623,226924,2026-12-15,Las Condes
8.803.300-4,Cliente Nuevo 8803300,"Calle Compañía De Jesús 7400, Santiago, Chile",2026-12-13,ORD-CL-202612-001624,59555,2026-12-17,San Miguel
20.486.869-7,Cliente Nuevo 20486869,"Avenida Matta 1017, Santiago, Chile",2026-12-13,ORD-CL-202612-001625,183757,2026-12-14,Santiago
6.852.909-5,Cliente 6852909,"Calle Estado 3988, Santiago, Chile",2026-12-13,ORD-CL-202612-001626,169945,2026-12-16,La Reina
19.479.514-5,Cliente Nuevo 19479514,"Avenida Recoleta 4185, Santiago, Chile",2026-12-13,ORD-CL-202612-001627,109433,2026-12-15,Vitacura
9.173.497-6,Cliente 9173497,"Avenida Vitacura 4256, Santiago, Chile",2026-12-13,ORD-CL-202612-001628,78201,2026-12-17,Santiago
7.133.217-9,Cliente Nuevo 7133217,"Avenida Departamental 4795, Santiago, Chile",2026-12-13,ORD-CL-202612-001629,289879,2026-12-15,Quinta Normal
12.247.678-3,Cliente 12247678,"Avenida Apoquindo 3809, Santiago, Chile",2026-12-13,ORD-CL-202612-001630,196427,2026-12-16,Santiago
9.962.795-0,Cliente Nuevo 9962795,"Avenida Kennedy 2480, Santiago, Chile",2026-12-13,ORD-CL-202612-001631,125135,2026-12-16,Providencia
11.677.416-6,Cliente 11677416,"Calle Morandé 1655, Santiago, Chile",2026-12-13,ORD-CL-202612-001632,46878,2026-12-14,Quinta Normal
20.270.464-3,Cliente Nuevo 20270464,"Calle Amunátegui 4564, Santiago, Chile",2026-12-13,ORD-CL-202612-001633,128591,2026-12-16,Estación Central
7.941.737-8,Cliente Nuevo 7941737,"Avenida Libertador Bernardo O'Higgins 7547, Santiago, Chile",2026-12-13,ORD-CL-202612-001634,102079,2026-12-14,Santiago
9.070.055-1,Cliente 9070055,"Avenida Vicuña Mackenna 3035, Santiago, Chile",2026-12-13,ORD-CL-202612-001635,81498,2026-12-15,Lo Prado
8.418.763-1,Cliente Nuevo 8418763,"Avenida Santa Rosa 9809, Santiago, Chile",2026-12-13,ORD-CL-202612-001636,78138,2026-12-15,Santiago
6.671.946-1,Cliente Nuevo 6671946,"Avenida Tobalaba 6329, Santiago, Chile",2026-12-13,ORD-CL-202612-001637,86511,2026-12-17,San Miguel
12.334.420-8,Cliente Nuevo 12334420,"Calle Teatinos 7022, Santiago, Chile",2026-12-13,ORD-CL-202612-001638,101202,2026-12-17,Providencia
19.823.676-7,Cliente 19823676,"Avenida Mapocho 8108, Santiago, Chile",2026-12-13,ORD-CL-202612-001639,174187,2026-12-15,Santiago
18.257.698-2,Cliente 18257698,"Gran Avenida José Miguel Carrera 1690, Santiago, Chile",2026-12-13,ORD-CL-202612-001640,117804,2026-12-17,Las Condes
18.136.533-6,Cliente 18136533,"Avenida Libertador Bernardo O'Higgins 1045, Santiago, Chile",2026-12-13,ORD-CL-202612-001641,132830,2026-12-16,Santiago
9.838.273-9,Cliente Nuevo 9838273,"Calle Amunátegui 1717, Santiago, Chile",2026-12-13,ORD-CL-202612-001642,92840,2026-12-15,Santiago
17.875.000-0,Cliente 17875000,"Avenida Providencia 5716, Santiago, Chile",2026-12-13,ORD-CL-202612-001643,87945,2026-12-16,Las Condes
16.045.622-7,Cliente Nuevo 16045622,"Calle Bandera 653, Santiago, Chile",2026-12-13,ORD-CL-202612-001644,148193,2026-12-18,La Florida
6.343.287-3,Cliente Nuevo 6343287,"Avenida Grecia 943, Santiago, Chile",2026-12-13,ORD-CL-202612-001645,250171,2026-12-17,Peñalolén
16.824.448-7,Cliente 16824448,"Avenida Matta 7154, Santiago, Chile",2026-12-13,ORD-CL-202612-001646,97866,2026-12-17,Quinta Normal
17.734.478-7,Cliente 17734478,"Avenida Manuel Montt 630, Santiago, Chile",2026-12-13,ORD-CL-202612-001647,112527,2026-12-15,La Reina
11.850.979-9,Cliente 11850979,"Avenida Tobalaba 7248, Santiago, Chile",2026-12-13,ORD-CL-202612-001648,104218,2026-12-16,Providencia
16.600.649-5,Cliente 16600649,"Calle Arturo Prat 1385, Santiago, Chile",2026-12-13,ORD-CL-202612-001649,133248,2026-12-15,Peñalolén
19.455.888-2,Cliente Nuevo 19455888,"Calle Catedral 3465, Santiago, Chile",2026-12-13,ORD-CL-202612-001650,166468,2026-12-15,Vitacura
12.158.395-2,Cliente 12158395,"Avenida Departamental 9831, Santiago, Chile",2026-12-13,ORD-CL-202612-001651,268674,2026-12-15,Quinta Normal
21.668.211-6,Cliente 21668211,"Calle Catedral 9848, Santiago, Chile",2026-12-13,ORD-CL-202612-001652,112255,2026-12-15,La Reina
12.030.262-8,Cliente 12030262,"Calle Arturo Prat 3825, Santiago, Chile",2026-12-13,ORD-CL-202612-001653,246282,2026-12-15,Independencia
14.422.899-8,Cliente 14422899,"Avenida Kennedy 6045, Santiago, Chile",2026-12-13,ORD-CL-202612-001654,99613,2026-12-15,Santiago
21.079.522-3,Cliente 21079522,"Avenida Irarrázaval 2958, Santiago, Chile",2026-12-13,ORD-CL-202612-001655,162058,2026-12-17,Independencia
12.746.163-2,Cliente 12746163,"Avenida Irarrázaval 9646, Santiago, Chile",2026-12-13,ORD-CL-202612-001656,194148,2026-12-17,La Reina
9.979.417-9,Cliente 9979417,"Avenida Pajaritos 4330, Santiago, Chile",2026-12-13,ORD-CL-202612-001657,100412,2026-12-16,Santiago
14.150.753-1,Cliente Nuevo 14150753,"Calle Amunátegui 144, Santiago, Chile",2026-12-13,ORD-CL-202612-001658,119917,2026-12-16,Santiago
20.549.709-1,Cliente Nuevo 20549709,"Calle Teatinos 7372, Santiago, Chile",2026-12-13,ORD-CL-202612-001659,243461,2026-12-15,Lo Prado
5.406.344-2,Cliente Nuevo 5406344,"Avenida Vicuña Mackenna 4060, Santiago, Chile",2026-12-13,ORD-CL-202612-001660,116853,2026-12-17,Estación Central
10.263.868-8,Cliente 10263868,"Avenida Manuel Montt 3031, Santiago, Chile",2026-12-13,ORD-CL-202612-001661,103634,2026-12-16,Santiago
14.141.338-0,Cliente 14141338,"Avenida Matta 8464, Santiago, Chile",2026-12-13,ORD-CL-202612-001662,254700,2026-12-17,Independencia
8.998.099-5,Cliente Nuevo 8998099,"Avenida Las Condes 539, Santiago, Chile",2026-12-13,ORD-CL-202612-001663,99526,2026-12-16,Santiago
19.409.077-8,Cliente 19409077,"Calle Amunátegui 1188, Santiago, Chile",2026-12-13,ORD-CL-202612-001664,78618,2026-12-16,Las Condes
11.709.525-5,Cliente 11709525,"Calle Morandé 9705, Santiago, Chile",2026-12-13,ORD-CL-202612-001665,183227,2026-12-15,Quinta Normal
20.668.353-0,Cliente 20668353,"Avenida Recoleta 8699, Santiago, Chile",2026-12-13,ORD-CL-202612-001666,266061,2026-12-14,Puente Alto
21.985.925-0,Cliente Nuevo 21985925,"Calle San Diego 4755, Santiago, Chile",2026-12-13,ORD-CL-202612-001667,265655,2026-12-15,Lo Prado
20.081.472-2,Cliente Nuevo 20081472,"Avenida Mapocho 4504, Santiago, Chile",2026-12-13,ORD-CL-202612-001668,122131,2026-12-14,La Reina
11.781.750-3,Cliente 11781750,"Gran Avenida José Miguel Carrera 9176, Santiago, Chile",2026-12-13,ORD-CL-202612-001669,151365,2026-12-17,Santiago
8.049.206-2,Cliente 8049206,"Avenida Manuel Montt 6711, Santiago, Chile",2026-12-13,ORD-CL-202612-001670,233399,2026-12-16,Lo Prado
22.432.854-8,Cliente 22432854,"Avenida Providencia 2654, Santiago, Chile",2026-12-13,ORD-CL-202612-001671,110570,2026-12-15,Santiago
14.091.933-4,Cliente 14091933,"Calle Huérfanos 6842, Santiago, Chile",2026-12-13,ORD-CL-202612-001672,100459,2026-12-16,Santiago
8.578.575-8,Cliente 8578575,"Avenida Vitacura 1465, Santiago, Chile",2026-12-13,ORD-CL-202612-001673,123287,2026-12-15,Las Condes
14.400.329-4,Cliente Nuevo 14400329,"Calle Bandera 3669, Santiago, Chile",2026-12-13,ORD-CL-202612-001674,87164,2026-12-16,Las Condes
5.178.125-8,Cliente Nuevo 5178125,"Avenida Mapocho 5094, Santiago, Chile",2026-12-13,ORD-CL-202612-001675,86347,2026-12-16,La Reina
17.689.703-3,Cliente 17689703,"Avenida Santa Rosa 4394, Santiago, Chile",2026-12-13,ORD-CL-202612-001676,122020,2026-12-15,Santiago
18.983.939-6,Cliente 18983939,"Avenida Recoleta 5910, Santiago, Chile",2026-12-13,ORD-CL-202612-001677,205301,2026-12-16,Quinta Normal
21.805.102-0,Cliente 21805102,"Calle Arturo Prat 175, Santiago, Chile",2026-12-13,ORD-CL-202612-001678,181994,2026-12-17,Peñalolén
12.737.660-8,Cliente Nuevo 12737660,"Calle Amunátegui 5053, Santiago, Chile",2026-12-13,ORD-CL-202612-001679,156276,2026-12-15,Puente Alto
10.061.823-5,Cliente 10061823,"Calle Merced 7933, Santiago, Chile",2026-12-13,ORD-CL-202612-001680,150225,2026-12-15,Estación Central
16.541.622-3,Cliente 16541622,"Calle Estado 2481, Santiago, Chile",2026-12-13,ORD-CL-202612-001681,93726,2026-12-15,San Miguel
5.335.185-2,Cliente Nuevo 5335185,"Avenida Apoquindo 5706, Santiago, Chile",2026-12-13,ORD-CL-202612-001682,92342,2026-12-15,La Florida
21.810.028-6,Cliente Nuevo 21810028,"Calle Santo Domingo 7546, Santiago, Chile",2026-12-13,ORD-CL-202612-001683,197875,2026-12-16,La Florida
7.794.068-0,Cliente Nuevo 7794068,"Calle Bandera 3155, Santiago, Chile",2026-12-13,ORD-CL-202612-001684,143841,2026-12-15,Santiago
10.975.161-8,Cliente 10975161,"Avenida Kennedy 9263, Santiago, Chile",2026-12-13,ORD-CL-202612-001685,137596,2026-12-16,La Reina
17.996.317-9,Cliente Nuevo 17996317,"Avenida Macul 1380, Santiago, Chile",2026-12-13,ORD-CL-202612-001686,65793,2026-12-15,Puente Alto
14.233.701-5,Cliente 14233701,"Avenida Libertador Bernardo O'Higgins 2588, Santiago, Chile",2026-12-13,ORD-CL-202612-001687,136263,2026-12-14,Lo Prado
10.063.607-9,Cliente 10063607,"Calle Estado 9456, Santiago, Chile",2026-12-13,ORD-CL-202612-001688,141179,2026-12-17,Santiago
19.331.820-7,Cliente Nuevo 19331820,"Avenida Independencia 2414, Santiago, Chile",2026-12-13,ORD-CL-202612-001689,99321,2026-12-15,San Miguel
12.764.048-9,Cliente 12764048,"Avenida Independencia 3560, Santiago, Chile",2026-12-13,ORD-CL-202612-001690,52289,2026-12-15,Santiago
13.990.485-6,Cliente 13990485,"Avenida Irarrázaval 3578, Santiago, Chile",2026-12-13,ORD-CL-202612-001691,159386,2026-12-17,Providencia
5.548.914-9,Cliente Nuevo 5548914,"Avenida Pedro De Valdivia 9132, Santiago, Chile",2026-12-13,ORD-CL-202612-001692,203693,2026-12-15,La Florida
19.331.820-7,Cliente Nuevo 19331820,"Avenida Independencia 2414, Santiago, Chile",2026-12-13,ORD-CL-202612-001693,59799,2026-12-15,San Miguel
21.566.255-6,Cliente 21566255,"Avenida Recoleta 7733, Santiago, Chile",2026-12-13,ORD-CL-202612-001694,272771,2026-12-16,Santiago
18.774.506-4,Cliente 18774506,"Avenida Irarrázaval 3657, Santiago, Chile",2026-12-13,ORD-CL-202612-001695,216865,2026-12-16,Las Condes
14.544.300-5,Cliente Nuevo 14544300,"Calle Morandé 5902, Santiago, Chile",2026-12-13,ORD-CL-202612-001696,227313,2026-12-15,Quinta Normal
8.897.852-9,Cliente Nuevo 8897852,"Avenida Pajaritos 8228, Santiago, Chile",2026-12-13,ORD-CL-202612-001697,252581,2026-12-17,Las Condes
22.624.142-8,Cliente 22624142,"Avenida Providencia 7465, Santiago, Chile",2026-12-13,ORD-CL-202612-001698,89644,2026-12-17,Quinta Normal
21.566.857-2,Cliente Nuevo 21566857,"Calle Morandé 4015, Santiago, Chile",2026-12-13,ORD-CL-202612-001699,209156,2026-12-16,Las Condes
22.130.342-4,Cliente Nuevo 22130342,"Avenida Mapocho 6168, Santiago, Chile",2026-12-13,ORD-CL-202612-001700,241596,2026-12-16,Las Condes
7.117.233-1,Cliente 7117233,"Avenida Las Condes 5070, Santiago, Chile",2026-12-13,ORD-CL-202612-001701,137380,2026-12-16,Santiago
9.294.990-5,Cliente 9294990,"Avenida Matta 2587, Santiago, Chile",2026-12-13,ORD-CL-202612-001702,244755,2026-12-16,Santiago
18.983.939-6,Cliente 18983939,"Avenida Recoleta 5910, Santiago, Chile",2026-12-13,ORD-CL-202612-001703,275548,2026-12-15,Quinta Normal
5.053.024-2,Cliente 5053024,"Avenida Departamental 1018, Santiago, Chile",2026-12-13,ORD-CL-202612-001704,300765,2026-12-17,Quinta Normal
12.601.622-7,Cliente Nuevo 12601622,"Calle Arturo Prat 1061, Santiago, Chile",2026-12-13,ORD-CL-202612-001705,260777,2026-12-15,Quinta Normal
9.812.288-4,Cliente Nuevo 9812288,"Avenida Apoquindo 1556, Santiago, Chile",2026-12-13,ORD-CL-202612-001706,237224,2026-12-15,Puente Alto
22.570.252-0,Cliente 22570252,"Calle Compañía De Jesús 7475, Santiago, Chile",2026-12-13,ORD-CL-202612-001707,125926,2026-12-17,Lo Prado
7.134.566-0,Cliente 7134566,"Calle San Antonio 3448, Santiago, Chile",2026-12-13,ORD-CL-202612-001708,172342,2026-12-15,Las Condes
12.205.892-8,Cliente Nuevo 12205892,"Avenida Pedro De Valdivia 968, Santiago, Chile",2026-12-14,ORD-CL-202612-001709,86074,2026-12-18,Lo Prado
22.655.290-1,Cliente 22655290,"Avenida Tobalaba 3853, Santiago, Chile",2026-12-14,ORD-CL-202612-001710,149760,2026-12-18,Independencia
12.030.262-8,Cliente 12030262,"Calle Arturo Prat 3825, Santiago, Chile",2026-12-14,ORD-CL-202612-001711,205518,2026-12-16,Independencia
17.182.631-6,Cliente 17182631,"Avenida Matta 3173, Santiago, Chile",2026-12-14,ORD-CL-202612-001712,133066,2026-12-17,Providencia
10.807.050-1,Cliente 10807050,"Calle San Diego 9203, Santiago, Chile",2026-12-14,ORD-CL-202612-001713,105317,2026-12-15,Santiago
12.150.090-3,Cliente Nuevo 12150090,"Avenida Tobalaba 3177, Santiago, Chile",2026-12-14,ORD-CL-202612-001714,218318,2026-12-16,Santiago
21.079.522-3,Cliente 21079522,"Avenida Irarrázaval 2958, Santiago, Chile",2026-12-14,ORD-CL-202612-001715,113084,2026-12-18,Independencia
14.736.651-2,Cliente Nuevo 14736651,"Calle San Diego 2371, Santiago, Chile",2026-12-14,ORD-CL-202612-001716,201040,2026-12-18,Puente Alto
14.040.778-3,Cliente Nuevo 14040778,"Calle Santo Domingo 211, Santiago, Chile",2026-12-14,ORD-CL-202612-001717,304722,2026-12-16,La Florida
8.852.247-3,Cliente 8852247,"Calle Amunátegui 3636, Santiago, Chile",2026-12-14,ORD-CL-202612-001718,121721,2026-12-18,Independencia
22.702.021-8,Cliente 22702021,"Avenida Matta 2957, Santiago, Chile",2026-12-14,ORD-CL-202612-001719,175083,2026-12-17,Santiago
11.735.042-7,Cliente 11735042,"Avenida Vicuña Mackenna 2305, Santiago, Chile",2026-12-14,ORD-CL-202612-001720,105544,2026-12-15,Recoleta
8.311.488-1,Cliente 8311488,"Avenida Las Condes 1211, Santiago, Chile",2026-12-14,ORD-CL-202612-001721,151060,2026-12-18,La Florida
22.063.182-8,Cliente 22063182,"Avenida Recoleta 6272, Santiago, Chile",2026-12-14,ORD-CL-202612-001722,197149,2026-12-17,Independencia
22.261.538-1,Cliente Nuevo 22261538,"Avenida Departamental 7599, Santiago, Chile",2026-12-14,ORD-CL-202612-001723,316336,2026-12-17,Recoleta
18.043.869-7,Cliente Nuevo 18043869,"Avenida Libertador Bernardo O'Higgins 7790, Santiago, Chile",2026-12-14,ORD-CL-202612-001724,145730,2026-12-16,Peñalolén
20.877.450-4,Cliente Nuevo 20877450,"Avenida Irarrázaval 610, Santiago, Chile",2026-12-14,ORD-CL-202612-001725,208367,2026-12-19,Santiago
21.037.736-2,Cliente 21037736,"Calle Compañía De Jesús 1424, Santiago, Chile",2026-12-14,ORD-CL-202612-001726,93284,2026-12-17,Santiago
7.117.233-1,Cliente 7117233,"Avenida Las Condes 5070, Santiago, Chile",2026-12-14,ORD-CL-202612-001727,97268,2026-12-17,Santiago
16.142.409-9,Cliente 16142409,"Avenida Pajaritos 8764, Santiago, Chile",2026-12-14,ORD-CL-202612-001728,89938,2026-12-16,Santiago
11.563.816-4,Cliente Nuevo 11563816,"Calle Morandé 9400, Santiago, Chile",2026-12-14,ORD-CL-202612-001729,175337,2026-12-16,Vitacura
19.524.568-0,Cliente 19524568,"Calle Catedral 8542, Santiago, Chile",2026-12-14,ORD-CL-202612-001730,301327,2026-12-15,Santiago
7.609.238-3,Cliente 7609238,"Avenida Mapocho 4268, Santiago, Chile",2026-12-14,ORD-CL-202612-001731,262204,2026-12-17,Santiago
12.886.029-0,Cliente Nuevo 12886029,"Calle Monjitas 2227, Santiago, Chile",2026-12-14,ORD-CL-202612-001732,93748,2026-12-18,Estación Central
11.212.451-0,Cliente 11212451,"Avenida Américo Vespucio 2037, Santiago, Chile",2026-12-14,ORD-CL-202612-001733,116117,2026-12-19,Las Condes
20.874.687-7,Cliente Nuevo 20874687,"Avenida Kennedy 9675, Santiago, Chile",2026-12-14,ORD-CL-202612-001734,147034,2026-12-17,Recoleta
22.272.741-7,Cliente Nuevo 22272741,"Calle Merced 2182, Santiago, Chile",2026-12-14,ORD-CL-202612-001735,151527,2026-12-18,La Florida
18.429.770-6,Cliente 18429770,"Calle Huérfanos 8536, Santiago, Chile",2026-12-14,ORD-CL-202612-001736,142460,2026-12-17,Puente Alto
5.445.822-5,Cliente 5445822,"Avenida Kennedy 7355, Santiago, Chile",2026-12-14,ORD-CL-202612-001737,206044,2026-12-16,Lo Prado
17.425.723-2,Cliente Nuevo 17425723,"Avenida Santa Rosa 7595, Santiago, Chile",2026-12-14,ORD-CL-202612-001738,299265,2026-12-17,Independencia
10.063.607-9,Cliente 10063607,"Calle Estado 9456, Santiago, Chile",2026-12-14,ORD-CL-202612-001739,198782,2026-12-17,Santiago
19.869.239-1,Cliente Nuevo 19869239,"Avenida Matta 8387, Santiago, Chile",2026-12-14,ORD-CL-202612-001740,60071,2026-12-16,Providencia
9.516.853-9,Cliente Nuevo 9516853,"Avenida Recoleta 8352, Santiago, Chile",2026-12-14,ORD-CL-202612-001741,196551,2026-12-16,Peñalolén
11.850.979-9,Cliente 11850979,"Avenida Tobalaba 7248, Santiago, Chile",2026-12-14,ORD-CL-202612-001742,88473,2026-12-16,Providencia
18.545.552-1,Cliente 18545552,"Avenida La Florida 6651, Santiago, Chile",2026-12-14,ORD-CL-202612-001743,70313,2026-12-16,Santiago
6.606.107-5,Cliente Nuevo 6606107,"Avenida Providencia 3544, Santiago, Chile",2026-12-14,ORD-CL-202612-001744,77924,2026-12-16,Puente Alto
22.871.525-8,Cliente Nuevo 22871525,"Calle Huérfanos 4134, Santiago, Chile",2026-12-14,ORD-CL-202612-001745,188263,2026-12-17,Estación Central
20.791.707-4,Cliente Nuevo 20791707,"Avenida Irarrázaval 8053, Santiago, Chile",2026-12-14,ORD-CL-202612-001746,188764,2026-12-16,La Reina
20.754.517-6,Cliente Nuevo 20754517,"Calle Compañía De Jesús 2778, Santiago, Chile",2026-12-14,ORD-CL-202612-001747,218986,2026-12-16,La Reina
11.969.299-2,Cliente Nuevo 11969299,"Avenida Vitacura 4042, Santiago, Chile",2026-12-14,ORD-CL-202612-001748,129322,2026-12-16,Peñalolén
5.553.098-2,Cliente Nuevo 5553098,"Avenida Libertador Bernardo O'Higgins 6150, Santiago, Chile",2026-12-14,ORD-CL-202612-001749,233781,2026-12-17,San Miguel
12.324.815-4,Cliente Nuevo 12324815,"Avenida Tobalaba 1657, Santiago, Chile",2026-12-14,ORD-CL-202612-001750,94685,2026-12-16,Santiago
14.918.958-0,Cliente Nuevo 14918958,"Avenida Apoquindo 3829, Santiago, Chile",2026-12-14,ORD-CL-202612-001751,106496,2026-12-17,La Florida
21.052.671-9,Cliente Nuevo 21052671,"Calle San Diego 7949, Santiago, Chile",2026-12-14,ORD-CL-202612-001752,314523,2026-12-16,San Miguel
6.467.242-5,Cliente 6467242,"Avenida Independencia 24, Santiago, Chile",2026-12-14,ORD-CL-202612-001753,142207,2026-12-18,San Miguel
17.996.317-9,Cliente Nuevo 17996317,"Avenida Macul 1380, Santiago, Chile",2026-12-14,ORD-CL-202612-001754,235636,2026-12-18,Puente Alto
10.353.880-5,Cliente Nuevo 10353880,"Avenida Departamental 88, Santiago, Chile",2026-12-14,ORD-CL-202612-001755,147959,2026-12-18,Santiago
12.168.044-7,Cliente Nuevo 12168044,"Calle Bandera 7508, Santiago, Chile",2026-12-14,ORD-CL-202612-001756,101242,2026-12-15,Las Condes
19.708.200-2,Cliente Nuevo 19708200,"Calle Monjitas 7397, Santiago, Chile",2026-12-14,ORD-CL-202612-001757,277589,2026-12-17,Estación Central
18.665.571-7,Cliente 18665571,"Calle Santo Domingo 3984, Santiago, Chile",2026-12-14,ORD-CL-202612-001758,64096,2026-12-18,Lo Prado
15.770.610-6,Cliente 15770610,"Avenida Macul 7909, Santiago, Chile",2026-12-14,ORD-CL-202612-001759,159515,2026-12-16,Independencia
7.836.410-2,Cliente 7836410,"Avenida Irarrázaval 3179, Santiago, Chile",2026-12-14,ORD-CL-202612-001760,300436,2026-12-16,Estación Central
6.473.155-6,Cliente 6473155,"Avenida Matta 306, Santiago, Chile",2026-12-14,ORD-CL-202612-001761,126458,2026-12-17,Lo Prado
6.362.835-7,Cliente Nuevo 6362835,"Calle Bandera 5820, Santiago, Chile",2026-12-14,ORD-CL-202612-001762,240092,2026-12-17,Lo Prado
14.150.753-1,Cliente Nuevo 14150753,"Calle Amunátegui 144, Santiago, Chile",2026-12-14,ORD-CL-202612-001763,49442,2026-12-18,Santiago
16.783.720-7,Cliente 16783720,"Avenida Departamental 8393, Santiago, Chile",2026-12-14,ORD-CL-202612-001764,244287,2026-12-17,Santiago
11.746.928-4,Cliente Nuevo 11746928,"Calle Amunátegui 2290, Santiago, Chile",2026-12-14,ORD-CL-202612-001765,82338,2026-12-18,Recoleta
22.080.557-4,Cliente 22080557,"Calle Arturo Prat 5241, Santiago, Chile",2026-12-14,ORD-CL-202612-001766,277826,2026-12-17,Estación Central
12.031.498-3,Cliente Nuevo 12031498,"Calle San Diego 6481, Santiago, Chile",2026-12-14,ORD-CL-202612-001767,72957,2026-12-18,Quinta Normal
21.301.583-4,Cliente Nuevo 21301583,"Avenida Pajaritos 1673, Santiago, Chile",2026-12-14,ORD-CL-202612-001768,162085,2026-12-17,Santiago
9.052.678-7,Cliente Nuevo 9052678,"Avenida Departamental 5839, Santiago, Chile",2026-12-14,ORD-CL-202612-001769,104029,2026-12-18,Lo Prado
10.370.382-5,Cliente 10370382,"Avenida Vitacura 7462, Santiago, Chile",2026-12-14,ORD-CL-202612-001770,196885,2026-12-17,Vitacura
14.658.958-5,Cliente Nuevo 14658958,"Calle Santo Domingo 8354, Santiago, Chile",2026-12-14,ORD-CL-202612-001771,146257,2026-12-16,Estación Central
17.498.840-4,Cliente Nuevo 17498840,"Avenida Las Condes 2563, Santiago, Chile",2026-12-14,ORD-CL-202612-001772,161233,2026-12-16,Providencia
19.806.040-6,Cliente 19806040,"Avenida La Florida 1424, Santiago, Chile",2026-12-14,ORD-CL-202612-001773,74781,2026-12-15,Puente Alto
22.261.538-1,Cliente Nuevo 22261538,"Avenida Departamental 7599, Santiago, Chile",2026-12-14,ORD-CL-202612-001774,187591,2026-12-17,Recoleta
5.886.669-8,Cliente 5886669,"Avenida Vicuña Mackenna 9411, Santiago, Chile",2026-12-14,ORD-CL-202612-001775,157999,2026-12-16,Providencia
17.422.328-0,Cliente 17422328,"Avenida Providencia 7142, Santiago, Chile",2026-12-14,ORD-CL-202612-001776,182899,2026-12-17,Lo Prado
18.454.880-2,Cliente 18454880,"Calle Huérfanos 4859, Santiago, Chile",2026-12-14,ORD-CL-202612-001777,176731,2026-12-17,Peñalolén
12.592.663-1,Cliente Nuevo 12592663,"Avenida Santa Rosa 1012, Santiago, Chile",2026-12-14,ORD-CL-202612-001778,129126,2026-12-17,Puente Alto
16.353.195-1,Cliente Nuevo 16353195,"Avenida Pajaritos 2107, Santiago, Chile",2026-12-14,ORD-CL-202612-001779,101198,2026-12-18,Providencia
21.847.476-9,Cliente Nuevo 21847476,"Avenida Santa Rosa 5600, Santiago, Chile",2026-12-14,ORD-CL-202612-001780,93979,2026-12-19,Vitacura
5.207.863-4,Cliente Nuevo 5207863,"Calle San Diego 7691, Santiago, Chile",2026-12-14,ORD-CL-202612-001781,269899,2026-12-17,San Miguel
13.719.443-2,Cliente Nuevo 13719443,"Avenida Mapocho 9405, Santiago, Chile",2026-12-14,ORD-CL-202612-001782,84952,2026-12-17,La Florida
19.464.509-3,Cliente 19464509,"Avenida Libertador Bernardo O'Higgins 2778, Santiago, Chile",2026-12-14,ORD-CL-202612-001783,189220,2026-12-16,Recoleta
7.604.506-0,Cliente Nuevo 7604506,"Calle Bandera 7395, Santiago, Chile",2026-12-14,ORD-CL-202612-001784,154579,2026-12-16,La Reina
15.998.202-2,Cliente Nuevo 15998202,"Calle Monjitas 6010, Santiago, Chile",2026-12-14,ORD-CL-202612-001785,263111,2026-12-16,Puente Alto
9.484.819-4,Cliente Nuevo 9484819,"Calle Estado 1758, Santiago, Chile",2026-12-14,ORD-CL-202612-001786,170223,2026-12-18,San Miguel
5.027.457-1,Cliente 5027457,"Avenida Kennedy 198, Santiago, Chile",2026-12-14,ORD-CL-202612-001787,213829,2026-12-16,Estación Central
5.263.848-4,Cliente Nuevo 5263848,"Avenida Manuel Montt 8828, Santiago, Chile",2026-12-14,ORD-CL-202612-001788,216490,2026-12-16,Santiago
18.466.139-0,Cliente 18466139,"Avenida Vicuña Mackenna 8820, Santiago, Chile",2026-12-14,ORD-CL-202612-001789,50275,2026-12-16,Santiago
22.889.132-0,Cliente Nuevo 22889132,"Calle Huérfanos 5041, Santiago, Chile",2026-12-14,ORD-CL-202612-001790,101379,2026-12-19,Recoleta
13.168.967-9,Cliente Nuevo 13168967,"Avenida Recoleta 6597, Santiago, Chile",2026-12-14,ORD-CL-202612-001791,107763,2026-12-16,La Reina
16.513.297-6,Cliente Nuevo 16513297,"Avenida Matta 4483, Santiago, Chile",2026-12-14,ORD-CL-202612-001792,80129,2026-12-18,La Reina
11.702.770-0,Cliente 11702770,"Calle Merced 4278, Santiago, Chile",2026-12-14,ORD-CL-202612-001793,112035,2026-12-17,Santiago
11.338.808-7,Cliente Nuevo 11338808,"Avenida Américo Vespucio 6368, Santiago, Chile",2026-12-14,ORD-CL-202612-001794,214144,2026-12-17,Santiago
22.445.445-9,Cliente 22445445,"Avenida Kennedy 7707, Santiago, Chile",2026-12-14,ORD-CL-202612-001795,192687,2026-12-16,Providencia
10.300.987-5,Cliente 10300987,"Calle Bandera 1398, Santiago, Chile",2026-12-14,ORD-CL-202612-001796,191241,2026-12-17,Puente Alto
8.508.000-3,Cliente 8508000,"Avenida Las Condes 3917, Santiago, Chile",2026-12-14,ORD-CL-202612-001797,119689,2026-12-16,Puente Alto
5.802.113-4,Cliente Nuevo 5802113,"Avenida Las Condes 599, Santiago, Chile",2026-12-14,ORD-CL-202612-001798,96987,2026-12-17,San Miguel
6.852.110-4,Cliente 6852110,"Avenida Macul 3599, Santiago, Chile",2026-12-14,ORD-CL-202612-001799,168100,2026-12-16,Recoleta
10.201.227-3,Cliente 10201227,"Avenida Providencia 6854, Santiago, Chile",2026-12-14,ORD-CL-202612-001800,189092,2026-12-17,Recoleta
11.212.451-0,Cliente 11212451,"Avenida Américo Vespucio 2037, Santiago, Chile",2026-12-14,ORD-CL-202612-001801,195118,2026-12-17,Las Condes
8.933.088-4,Cliente 8933088,"Avenida Santa Rosa 9972, Santiago, Chile",2026-12-14,ORD-CL-202612-001802,317694,2026-12-16,Providencia
15.647.913-5,Cliente Nuevo 15647913,"Avenida Independencia 8328, Santiago, Chile",2026-12-14,ORD-CL-202612-001803,165560,2026-12-17,Lo Prado
18.260.935-7,Cliente Nuevo 18260935,"Calle Teatinos 4556, Santiago, Chile",2026-12-14,ORD-CL-202612-001804,118331,2026-12-18,Providencia
17.256.565-4,Cliente Nuevo 17256565,"Calle Morandé 2970, Santiago, Chile",2026-12-14,ORD-CL-202612-001805,149365,2026-12-15,San Miguel
14.429.807-9,Cliente 14429807,"Avenida Apoquindo 6788, Santiago, Chile",2026-12-14,ORD-CL-202612-001806,227799,2026-12-16,Independencia
21.847.476-9,Cliente Nuevo 21847476,"Avenida Santa Rosa 5600, Santiago, Chile",2026-12-14,ORD-CL-202612-001807,112290,2026-12-17,Vitacura
15.420.688-3,Cliente Nuevo 15420688,"Avenida Tobalaba 4107, Santiago, Chile",2026-12-14,ORD-CL-202612-001808,232117,2026-12-16,Santiago
21.040.765-2,Cliente Nuevo 21040765,"Calle Huérfanos 3690, Santiago, Chile",2026-12-14,ORD-CL-202612-001809,138491,2026-12-17,Independencia
17.282.729-7,Cliente Nuevo 17282729,"Avenida Matta 3990, Santiago, Chile",2026-12-14,ORD-CL-202612-001810,85439,2026-12-16,La Reina
8.684.034-3,Cliente Nuevo 8684034,"Avenida Recoleta 514, Santiago, Chile",2026-12-14,ORD-CL-202612-001811,117840,2026-12-17,Santiago
14.236.848-3,Cliente Nuevo 14236848,"Avenida Las Condes 7844, Santiago, Chile",2026-12-14,ORD-CL-202612-001812,135458,2026-12-16,La Reina
21.853.990-0,Cliente 21853990,"Gran Avenida José Miguel Carrera 3229, Santiago, Chile",2026-12-14,ORD-CL-202612-001813,220703,2026-12-16,Las Condes
5.668.801-2,Cliente 5668801,"Avenida Tobalaba 976, Santiago, Chile",2026-12-14,ORD-CL-202612-001814,86758,2026-12-16,Estación Central
13.591.026-5,Cliente 13591026,"Avenida Kennedy 640, Santiago, Chile",2026-12-14,ORD-CL-202612-001815,119170,2026-12-17,Santiago
12.601.567-6,Cliente 12601567,"Avenida Manuel Montt 8763, Santiago, Chile",2026-12-14,ORD-CL-202612-001816,168341,2026-12-16,Peñalolén
17.709.152-5,Cliente Nuevo 17709152,"Calle Estado 5634, Santiago, Chile",2026-12-14,ORD-CL-202612-001817,139673,2026-12-17,Estación Central
6.600.416-2,Cliente Nuevo 6600416,"Calle Santo Domingo 6811, Santiago, Chile",2026-12-14,ORD-CL-202612-001818,271711,2026-12-17,La Reina
13.692.295-5,Cliente Nuevo 13692295,"Avenida Tobalaba 3356, Santiago, Chile",2026-12-14,ORD-CL-202612-001819,215744,2026-12-16,Recoleta
19.564.805-9,Cliente Nuevo 19564805,"Avenida Santa Rosa 9214, Santiago, Chile",2026-12-14,ORD-CL-202612-001820,169071,2026-12-18,La Florida
20.328.495-2,Cliente 20328495,"Calle Teatinos 2836, Santiago, Chile",2026-12-14,ORD-CL-202612-001821,65256,2026-12-16,San Miguel
22.291.788-0,Cliente Nuevo 22291788,"Avenida Las Condes 7923, Santiago, Chile",2026-12-14,ORD-CL-202612-001822,130546,2026-12-18,Providencia
19.409.077-8,Cliente 19409077,"Calle Amunátegui 1188, Santiago, Chile",2026-12-14,ORD-CL-202612-001823,132918,2026-12-17,Las Condes
21.004.746-5,Cliente Nuevo 21004746,"Avenida Independencia 277, Santiago, Chile",2026-12-14,ORD-CL-202612-001824,151122,2026-12-16,Lo Prado
5.834.790-3,Cliente Nuevo 5834790,"Avenida Independencia 8147, Santiago, Chile",2026-12-14,ORD-CL-202612-001825,104339,2026-12-17,La Reina
19.737.878-6,Cliente 19737878,"Avenida Vitacura 7559, Santiago, Chile",2026-12-14,ORD-CL-202612-001826,175882,2026-12-16,Estación Central
22.513.255-8,Cliente 22513255,"Avenida Tobalaba 5396, Santiago, Chile",2026-12-14,ORD-CL-202612-001827,161817,2026-12-16,Vitacura
20.872.116-3,Cliente 20872116,"Avenida Apoquindo 1250, Santiago, Chile",2026-12-14,ORD-CL-202612-001828,95056,2026-12-16,Recoleta
11.669.766-7,Cliente Nuevo 11669766,"Avenida Kennedy 5651, Santiago, Chile",2026-12-14,ORD-CL-202612-001829,185127,2026-12-16,Independencia
13.453.886-9,Cliente 13453886,"Calle Catedral 2615, Santiago, Chile",2026-12-14,ORD-CL-202612-001830,126182,2026-12-16,Providencia
19.955.744-1,Cliente Nuevo 19955744,"Avenida Manuel Montt 4776, Santiago, Chile",2026-12-14,ORD-CL-202612-001831,326689,2026-12-15,Santiago
6.041.467-6,Cliente Nuevo 6041467,"Avenida Santa Rosa 4343, Santiago, Chile",2026-12-14,ORD-CL-202612-001832,248418,2026-12-15,Independencia
5.472.652-1,Cliente 5472652,"Calle Amunátegui 3124, Santiago, Chile",2026-12-14,ORD-CL-202612-001833,46804,2026-12-16,Vitacura
9.682.276-0,Cliente 9682276,"Calle Teatinos 5180, Santiago, Chile",2026-12-14,ORD-CL-202612-001834,274434,2026-12-17,Vitacura
10.572.548-1,Cliente Nuevo 10572548,"Avenida Pajaritos 5937, Santiago, Chile",2026-12-14,ORD-CL-202612-001835,65996,2026-12-16,Quinta Normal
9.165.449-2,Cliente Nuevo 9165449,"Calle Monjitas 5755, Santiago, Chile",2026-12-14,ORD-CL-202612-001836,297863,2026-12-17,Santiago
18.617.683-9,Cliente Nuevo 18617683,"Calle Estado 8845, Santiago, Chile",2026-12-14,ORD-CL-202612-001837,76133,2026-12-16,Estación Central
9.610.014-7,Cliente Nuevo 9610014,"Avenida Pedro De Valdivia 353, Santiago, Chile",2026-12-14,ORD-CL-202612-001838,128183,2026-12-16,Vitacura
19.427.280-3,Cliente 19427280,"Calle Merced 8269, Santiago, Chile",2026-12-14,ORD-CL-202612-001839,201460,2026-12-17,Estación Central
6.471.194-0,Cliente 6471194,"Avenida Kennedy 1399, Santiago, Chile",2026-12-14,ORD-CL-202612-001840,277802,2026-12-16,Vitacura
11.666.188-2,Cliente 11666188,"Avenida Vicuña Mackenna 1385, Santiago, Chile",2026-12-14,ORD-CL-202612-001841,87228,2026-12-17,Vitacura
13.705.835-4,Cliente 13705835,"Calle Merced 99, Santiago, Chile",2026-12-14,ORD-CL-202612-001842,166936,2026-12-16,Independencia
15.893.864-7,Cliente 15893864,"Gran Avenida José Miguel Carrera 572, Santiago, Chile",2026-12-14,ORD-CL-202612-001843,68706,2026-12-19,Recoleta
12.508.817-7,Cliente 12508817,"Avenida Grecia 5637, Santiago, Chile",2026-12-14,ORD-CL-202612-001844,152619,2026-12-18,Recoleta
8.264.391-3,Cliente Nuevo 8264391,"Avenida Departamental 9211, Santiago, Chile",2026-12-14,ORD-CL-202612-001845,119822,2026-12-16,Santiago
19.569.692-1,Cliente Nuevo 19569692,"Calle Monjitas 1204, Santiago, Chile",2026-12-14,ORD-CL-202612-001846,129044,2026-12-19,Vitacura
7.197.560-5,Cliente 7197560,"Calle Amunátegui 4767, Santiago, Chile",2026-12-14,ORD-CL-202612-001847,201769,2026-12-18,Santiago
15.807.505-5,Cliente Nuevo 15807505,"Calle Catedral 4145, Santiago, Chile",2026-12-14,ORD-CL-202612-001848,196988,2026-12-17,Lo Prado
8.393.348-0,Cliente Nuevo 8393348,"Avenida Macul 7869, Santiago, Chile",2026-12-14,ORD-CL-202612-001849,149994,2026-12-18,Las Condes
19.452.967-3,Cliente Nuevo 19452967,"Avenida Tobalaba 7151, Santiago, Chile",2026-12-14,ORD-CL-202612-001850,173670,2026-12-16,San Miguel
5.953.200-5,Cliente 5953200,"Calle San Antonio 5688, Santiago, Chile",2026-12-14,ORD-CL-202612-001851,77157,2026-12-16,Vitacura
12.627.284-5,Cliente 12627284,"Avenida Recoleta 8980, Santiago, Chile",2026-12-14,ORD-CL-202612-001852,122072,2026-12-16,Recoleta
21.977.980-4,Cliente 21977980,"Avenida La Florida 4400, Santiago, Chile",2026-12-14,ORD-CL-202612-001853,119855,2026-12-16,Estación Central
6.985.075-1,Cliente 6985075,"Calle San Diego 6535, Santiago, Chile",2026-12-14,ORD-CL-202612-001854,176554,2026-12-16,Estación Central
15.916.683-3,Cliente 15916683,"Calle Santo Domingo 1407, Santiago, Chile",2026-12-15,ORD-CL-202612-001855,276578,2026-12-17,La Florida
13.044.024-6,Cliente 13044024,"Calle Estado 8180, Santiago, Chile",2026-12-15,ORD-CL-202612-001856,279573,2026-12-19,Las Condes
9.422.030-9,Cliente Nuevo 9422030,"Avenida Pedro De Valdivia 4492, Santiago, Chile",2026-12-15,ORD-CL-202612-001857,229854,2026-12-16,Santiago
10.835.086-8,Cliente 10835086,"Calle Monjitas 4534, Santiago, Chile",2026-12-15,ORD-CL-202612-001858,147098,2026-12-19,Las Condes
14.077.834-4,Cliente 14077834,"Calle San Diego 9330, Santiago, Chile",2026-12-15,ORD-CL-202612-001859,152879,2026-12-18,Lo Prado
11.154.943-7,Cliente Nuevo 11154943,"Avenida Pedro De Valdivia 3187, Santiago, Chile",2026-12-15,ORD-CL-202612-001860,212436,2026-12-17,Providencia
7.396.585-3,Cliente 7396585,"Avenida Departamental 2586, Santiago, Chile",2026-12-15,ORD-CL-202612-001861,125511,2026-12-17,Santiago
13.858.234-4,Cliente 13858234,"Calle Merced 8925, Santiago, Chile",2026-12-15,ORD-CL-202612-001862,212821,2026-12-17,Lo Prado
10.213.922-7,Cliente Nuevo 10213922,"Calle Bandera 3131, Santiago, Chile",2026-12-15,ORD-CL-202612-001863,127239,2026-12-18,Estación Central
16.263.178-2,Cliente Nuevo 16263178,"Calle Amunátegui 7235, Santiago, Chile",2026-12-15,ORD-CL-202612-001864,256255,2026-12-17,Quinta Normal
14.546.736-0,Cliente Nuevo 14546736,"Calle San Antonio 7748, Santiago, Chile",2026-12-15,ORD-CL-202612-001865,216145,2026-12-18,Peñalolén
17.327.422-1,Cliente Nuevo 17327422,"Avenida Independencia 2203, Santiago, Chile",2026-12-15,ORD-CL-202612-001866,327754,2026-12-18,Peñalolén
21.060.915-1,Cliente 21060915,"Avenida Macul 4705, Santiago, Chile",2026-12-15,ORD-CL-202612-001867,114794,2026-12-18,San Miguel
17.106.870-6,Cliente 17106870,"Avenida Recoleta 5324, Santiago, Chile",2026-12-15,ORD-CL-202612-001868,164161,2026-12-17,Providencia
9.556.000-8,Cliente Nuevo 9556000,"Avenida Grecia 8481, Santiago, Chile",2026-12-15,ORD-CL-202612-001869,103962,2026-12-18,Estación Central
18.049.613-1,Cliente 18049613,"Avenida Santa Rosa 2215, Santiago, Chile",2026-12-15,ORD-CL-202612-001870,66373,2026-12-17,Estación Central
7.182.956-1,Cliente Nuevo 7182956,"Avenida Pajaritos 3514, Santiago, Chile",2026-12-15,ORD-CL-202612-001871,121794,2026-12-18,San Miguel
22.933.193-9,Cliente Nuevo 22933193,"Avenida Vicuña Mackenna 1106, Santiago, Chile",2026-12-15,ORD-CL-202612-001872,158264,2026-12-17,Santiago
22.676.833-3,Cliente Nuevo 22676833,"Avenida Irarrázaval 515, Santiago, Chile",2026-12-15,ORD-CL-202612-001873,151982,2026-12-19,Lo Prado
18.090.741-8,Cliente 18090741,"Calle Estado 4482, Santiago, Chile",2026-12-15,ORD-CL-202612-001874,234003,2026-12-19,La Florida
15.118.916-1,Cliente Nuevo 15118916,"Avenida Vicuña Mackenna 3841, Santiago, Chile",2026-12-15,ORD-CL-202612-001875,73398,2026-12-16,Las Condes
5.291.752-0,Cliente 5291752,"Calle San Diego 3190, Santiago, Chile",2026-12-15,ORD-CL-202612-001876,86517,2026-12-17,Quinta Normal
10.053.123-7,Cliente Nuevo 10053123,"Calle Morandé 928, Santiago, Chile",2026-12-15,ORD-CL-202612-001877,119557,2026-12-16,San Miguel
6.052.790-4,Cliente 6052790,"Avenida Tobalaba 5021, Santiago, Chile",2026-12-15,ORD-CL-202612-001878,74858,2026-12-18,Quinta Normal
12.764.048-9,Cliente 12764048,"Avenida Independencia 3560, Santiago, Chile",2026-12-15,ORD-CL-202612-001879,96889,2026-12-18,Santiago
6.957.401-2,Cliente 6957401,"Avenida Independencia 912, Santiago, Chile",2026-12-15,ORD-CL-202612-001880,84709,2026-12-17,San Miguel
21.890.821-6,Cliente Nuevo 21890821,"Avenida Santa Rosa 6201, Santiago, Chile",2026-12-15,ORD-CL-202612-001881,219439,2026-12-17,Independencia
19.523.392-4,Cliente 19523392,"Avenida Recoleta 978, Santiago, Chile",2026-12-15,ORD-CL-202612-001882,105019,2026-12-17,Independencia
15.251.296-7,Cliente 15251296,"Avenida Providencia 4309, Santiago, Chile",2026-12-15,ORD-CL-202612-001883,221463,2026-12-18,Santiago
15.229.396-3,Cliente 15229396,"Calle Merced 2024, Santiago, Chile",2026-12-15,ORD-CL-202612-001884,118396,2026-12-17,San Miguel
5.405.159-6,Cliente Nuevo 5405159,"Avenida Irarrázaval 1289, Santiago, Chile",2026-12-15,ORD-CL-202612-001885,114852,2026-12-19,Recoleta
5.775.258-5,Cliente Nuevo 5775258,"Avenida Macul 922, Santiago, Chile",2026-12-15,ORD-CL-202612-001886,178832,2026-12-17,Santiago
17.997.402-5,Cliente Nuevo 17997402,"Avenida Santa Rosa 9308, Santiago, Chile",2026-12-15,ORD-CL-202612-001887,278599,2026-12-17,Santiago
22.017.346-4,Cliente Nuevo 22017346,"Calle San Antonio 4090, Santiago, Chile",2026-12-15,ORD-CL-202612-001888,155491,2026-12-18,Lo Prado
22.428.951-5,Cliente 22428951,"Avenida Matta 2839, Santiago, Chile",2026-12-15,ORD-CL-202612-001889,108547,2026-12-17,Recoleta
14.579.374-1,Cliente 14579374,"Calle Arturo Prat 4741, Santiago, Chile",2026-12-15,ORD-CL-202612-001890,201459,2026-12-18,Vitacura
21.208.203-8,Cliente Nuevo 21208203,"Avenida La Florida 476, Santiago, Chile",2026-12-15,ORD-CL-202612-001891,94005,2026-12-18,Lo Prado
16.887.774-4,Cliente 16887774,"Calle Estado 4661, Santiago, Chile",2026-12-15,ORD-CL-202612-001892,277519,2026-12-17,Puente Alto
9.347.581-0,Cliente Nuevo 9347581,"Calle Morandé 6751, Santiago, Chile",2026-12-15,ORD-CL-202612-001893,103183,2026-12-17,Estación Central
15.949.317-5,Cliente Nuevo 15949317,"Calle Monjitas 1312, Santiago, Chile",2026-12-15,ORD-CL-202612-001894,118567,2026-12-17,Las Condes
8.060.848-2,Cliente Nuevo 8060848,"Avenida Kennedy 1770, Santiago, Chile",2026-12-15,ORD-CL-202612-001895,164266,2026-12-17,Quinta Normal
12.996.594-8,Cliente 12996594,"Avenida Mapocho 1503, Santiago, Chile",2026-12-15,ORD-CL-202612-001896,186754,2026-12-18,Santiago
19.802.533-2,Cliente Nuevo 19802533,"Calle Arturo Prat 8711, Santiago, Chile",2026-12-15,ORD-CL-202612-001897,127245,2026-12-17,La Florida
18.377.372-5,Cliente Nuevo 18377372,"Avenida Vicuña Mackenna 3942, Santiago, Chile",2026-12-15,ORD-CL-202612-001898,114495,2026-12-18,San Miguel
7.702.641-0,Cliente Nuevo 7702641,"Calle Monjitas 6796, Santiago, Chile",2026-12-15,ORD-CL-202612-001899,119840,2026-12-18,San Miguel
21.018.109-1,Cliente Nuevo 21018109,"Avenida Recoleta 3262, Santiago, Chile",2026-12-15,ORD-CL-202612-001900,169103,2026-12-18,Santiago
6.471.194-0,Cliente 6471194,"Avenida Kennedy 1399, Santiago, Chile",2026-12-15,ORD-CL-202612-001901,265203,2026-12-19,Vitacura
13.360.016-7,Cliente Nuevo 13360016,"Calle San Diego 3879, Santiago, Chile",2026-12-15,ORD-CL-202612-001902,255636,2026-12-18,Quinta Normal
19.116.035-0,Cliente 19116035,"Calle Amunátegui 6560, Santiago, Chile",2026-12-15,ORD-CL-202612-001903,69417,2026-12-17,Vitacura
13.044.024-6,Cliente 13044024,"Calle Estado 8180, Santiago, Chile",2026-12-15,ORD-CL-202612-001904,149796,2026-12-17,Las Condes
16.494.486-0,Cliente Nuevo 16494486,"Calle San Diego 6793, Santiago, Chile",2026-12-15,ORD-CL-202612-001905,164118,2026-12-18,Santiago
10.246.672-3,Cliente Nuevo 10246672,"Calle Monjitas 702, Santiago, Chile",2026-12-15,ORD-CL-202612-001906,232264,2026-12-17,Santiago
13.302.830-8,Cliente 13302830,"Avenida Tobalaba 7793, Santiago, Chile",2026-12-15,ORD-CL-202612-001907,213033,2026-12-19,Puente Alto
5.212.571-7,Cliente 5212571,"Avenida Apoquindo 6587, Santiago, Chile",2026-12-15,ORD-CL-202612-001908,130503,2026-12-17,Santiago
7.686.618-4,Cliente 7686618,"Calle Catedral 8449, Santiago, Chile",2026-12-15,ORD-CL-202612-001909,243889,2026-12-18,Santiago
20.441.515-9,Cliente Nuevo 20441515,"Calle Arturo Prat 1187, Santiago, Chile",2026-12-15,ORD-CL-202612-001910,193138,2026-12-18,Santiago
10.814.207-6,Cliente Nuevo 10814207,"Avenida Santa Rosa 5046, Santiago, Chile",2026-12-15,ORD-CL-202612-001911,151871,2026-12-16,Puente Alto
22.748.915-7,Cliente Nuevo 22748915,"Calle Estado 1275, Santiago, Chile",2026-12-15,ORD-CL-202612-001912,151411,2026-12-17,La Florida
18.533.014-5,Cliente 18533014,"Avenida Departamental 8960, Santiago, Chile",2026-12-15,ORD-CL-202612-001913,243303,2026-12-17,La Reina
13.730.612-4,Cliente Nuevo 13730612,"Calle Teatinos 1095, Santiago, Chile",2026-12-15,ORD-CL-202612-001914,163765,2026-12-17,Puente Alto
6.732.448-5,Cliente 6732448,"Avenida Américo Vespucio 8714, Santiago, Chile",2026-12-15,ORD-CL-202612-001915,225130,2026-12-17,Providencia
8.945.157-2,Cliente Nuevo 8945157,"Avenida Macul 2356, Santiago, Chile",2026-12-15,ORD-CL-202612-001916,113002,2026-12-17,La Florida
19.320.804-9,Cliente Nuevo 19320804,"Gran Avenida José Miguel Carrera 1308, Santiago, Chile",2026-12-15,ORD-CL-202612-001917,73588,2026-12-18,Santiago
5.165.826-0,Cliente Nuevo 5165826,"Calle Huérfanos 6451, Santiago, Chile",2026-12-15,ORD-CL-202612-001918,326940,2026-12-18,Vitacura
9.713.934-2,Cliente Nuevo 9713934,"Avenida Vitacura 1149, Santiago, Chile",2026-12-15,ORD-CL-202612-001919,111093,2026-12-17,Santiago
18.031.371-2,Cliente 18031371,"Avenida Mapocho 1103, Santiago, Chile",2026-12-15,ORD-CL-202612-001920,176259,2026-12-17,Santiago
12.014.687-8,Cliente 12014687,"Calle Estado 1465, Santiago, Chile",2026-12-15,ORD-CL-202612-001921,209350,2026-12-17,Santiago
20.600.666-4,Cliente Nuevo 20600666,"Avenida Santa Rosa 5706, Santiago, Chile",2026-12-15,ORD-CL-202612-001922,101000,2026-12-18,Independencia
22.537.714-9,Cliente 22537714,"Calle Amunátegui 8339, Santiago, Chile",2026-12-15,ORD-CL-202612-001923,196727,2026-12-19,Puente Alto
9.146.692-9,Cliente Nuevo 9146692,"Avenida Pajaritos 2476, Santiago, Chile",2026-12-15,ORD-CL-202612-001924,178842,2026-12-18,Santiago
5.318.872-4,Cliente Nuevo 5318872,"Gran Avenida José Miguel Carrera 5847, Santiago, Chile",2026-12-15,ORD-CL-202612-001925,114847,2026-12-17,Peñalolén
13.905.591-0,Cliente Nuevo 13905591,"Avenida Irarrázaval 7578, Santiago, Chile",2026-12-15,ORD-CL-202612-001926,104996,2026-12-17,Providencia
9.969.180-0,Cliente Nuevo 9969180,"Calle San Diego 6271, Santiago, Chile",2026-12-15,ORD-CL-202612-001927,222721,2026-12-17,La Reina
7.702.641-0,Cliente Nuevo 7702641,"Calle Monjitas 6796, Santiago, Chile",2026-12-15,ORD-CL-202612-001928,167029,2026-12-17,San Miguel
14.819.473-1,Cliente 14819473,"Avenida Grecia 6127, Santiago, Chile",2026-12-15,ORD-CL-202612-001929,213423,2026-12-19,Puente Alto
6.120.194-4,Cliente 6120194,"Calle San Antonio 5135, Santiago, Chile",2026-12-15,ORD-CL-202612-001930,103113,2026-12-18,San Miguel
13.030.937-9,Cliente Nuevo 13030937,"Avenida Tobalaba 8946, Santiago, Chile",2026-12-15,ORD-CL-202612-001931,131188,2026-12-17,Independencia
22.698.905-6,Cliente Nuevo 22698905,"Avenida Manuel Montt 9900, Santiago, Chile",2026-12-15,ORD-CL-202612-001932,119135,2026-12-19,San Miguel
12.699.860-4,Cliente 12699860,"Avenida Américo Vespucio 813, Santiago, Chile",2026-12-15,ORD-CL-202612-001933,116774,2026-12-19,Las Condes
22.524.119-7,Cliente Nuevo 22524119,"Calle Teatinos 6698, Santiago, Chile",2026-12-15,ORD-CL-202612-001934,59626,2026-12-17,Lo Prado
9.161.025-8,Cliente Nuevo 9161025,"Avenida Kennedy 5042, Santiago, Chile",2026-12-15,ORD-CL-202612-001935,192959,2026-12-18,Estación Central
6.670.812-8,Cliente Nuevo 6670812,"Calle Santo Domingo 2065, Santiago, Chile",2026-12-15,ORD-CL-202612-001936,258885,2026-12-17,Providencia
12.640.480-3,Cliente 12640480,"Calle Compañía De Jesús 2986, Santiago, Chile",2026-12-15,ORD-CL-202612-001937,54407,2026-12-19,Peñalolén
20.552.104-2,Cliente 20552104,"Avenida La Florida 1383, Santiago, Chile",2026-12-15,ORD-CL-202612-001938,206300,2026-12-17,Las Condes
8.194.807-7,Cliente Nuevo 8194807,"Avenida Las Condes 3925, Santiago, Chile",2026-12-15,ORD-CL-202612-001939,302539,2026-12-17,Santiago
10.284.916-2,Cliente Nuevo 10284916,"Calle Arturo Prat 1115, Santiago, Chile",2026-12-15,ORD-CL-202612-001940,98510,2026-12-17,Santiago
11.868.601-4,Cliente 11868601,"Calle Huérfanos 3156, Santiago, Chile",2026-12-15,ORD-CL-202612-001941,246002,2026-12-18,Santiago
20.319.081-6,Cliente 20319081,"Avenida Grecia 1341, Santiago, Chile",2026-12-15,ORD-CL-202612-001942,128108,2026-12-19,La Florida
17.702.076-8,Cliente 17702076,"Calle Estado 2562, Santiago, Chile",2026-12-15,ORD-CL-202612-001943,89088,2026-12-17,La Florida
17.140.510-6,Cliente Nuevo 17140510,"Avenida Vicuña Mackenna 4039, Santiago, Chile",2026-12-15,ORD-CL-202612-001944,77547,2026-12-17,San Miguel
21.805.407-4,Cliente Nuevo 21805407,"Calle Santo Domingo 8500, Santiago, Chile",2026-12-15,ORD-CL-202612-001945,282841,2026-12-18,Puente Alto
15.357.765-2,Cliente Nuevo 15357765,"Calle Morandé 9689, Santiago, Chile",2026-12-15,ORD-CL-202612-001946,143593,2026-12-16,Santiago
10.217.904-2,Cliente Nuevo 10217904,"Avenida Macul 5140, Santiago, Chile",2026-12-15,ORD-CL-202612-001947,155615,2026-12-18,Independencia
20.672.752-2,Cliente Nuevo 20672752,"Avenida Tobalaba 2700, Santiago, Chile",2026-12-15,ORD-CL-202612-001948,167612,2026-12-20,Estación Central
13.856.747-2,Cliente 13856747,"Avenida Pajaritos 3656, Santiago, Chile",2026-12-15,ORD-CL-202612-001949,90479,2026-12-18,San Miguel
8.823.280-5,Cliente Nuevo 8823280,"Calle Monjitas 2575, Santiago, Chile",2026-12-15,ORD-CL-202612-001950,222163,2026-12-18,Santiago
7.941.218-7,Cliente Nuevo 7941218,"Calle Arturo Prat 2074, Santiago, Chile",2026-12-15,ORD-CL-202612-001951,180473,2026-12-17,Santiago
5.472.652-1,Cliente 5472652,"Calle Amunátegui 3124, Santiago, Chile",2026-12-15,ORD-CL-202612-001952,224898,2026-12-19,Vitacura
9.763.970-0,Cliente 9763970,"Calle Bandera 9916, Santiago, Chile",2026-12-15,ORD-CL-202612-001953,201262,2026-12-18,Peñalolén
8.288.925-9,Cliente 8288925,"Calle Amunátegui 8931, Santiago, Chile",2026-12-15,ORD-CL-202612-001954,184879,2026-12-17,Estación Central
16.513.880-6,Cliente Nuevo 16513880,"Avenida Las Condes 6382, Santiago, Chile",2026-12-15,ORD-CL-202612-001955,105984,2026-12-16,Vitacura
19.694.095-4,Cliente 19694095,"Avenida Independencia 2139, Santiago, Chile",2026-12-15,ORD-CL-202612-001956,115323,2026-12-17,Independencia
15.236.104-9,Cliente 15236104,"Calle Teatinos 975, Santiago, Chile",2026-12-15,ORD-CL-202612-001957,234369,2026-12-16,San Miguel
5.242.922-7,Cliente Nuevo 5242922,"Avenida Matta 2130, Santiago, Chile",2026-12-15,ORD-CL-202612-001958,314609,2026-12-17,San Miguel
22.219.393-9,Cliente Nuevo 22219393,"Avenida Providencia 4701, Santiago, Chile",2026-12-15,ORD-CL-202612-001959,38216,2026-12-19,Santiago
20.611.804-1,Cliente 20611804,"Avenida Vitacura 1955, Santiago, Chile",2026-12-15,ORD-CL-202612-001960,223860,2026-12-19,Lo Prado
19.805.203-9,Cliente 19805203,"Calle Santo Domingo 7873, Santiago, Chile",2026-12-15,ORD-CL-202612-001961,90725,2026-12-17,Santiago
19.069.396-2,Cliente 19069396,"Avenida Mapocho 4491, Santiago, Chile",2026-12-15,ORD-CL-202612-001962,178572,2026-12-19,San Miguel
21.446.876-0,Cliente 21446876,"Avenida La Florida 3809, Santiago, Chile",2026-12-15,ORD-CL-202612-001963,175653,2026-12-18,Las Condes
11.079.834-9,Cliente 11079834,"Avenida Pajaritos 9628, Santiago, Chile",2026-12-15,ORD-CL-202612-001964,149986,2026-12-17,Estación Central
10.236.670-0,Cliente Nuevo 10236670,"Avenida Matta 1259, Santiago, Chile",2026-12-15,ORD-CL-202612-001965,99392,2026-12-19,Estación Central
12.735.720-5,Cliente Nuevo 12735720,"Avenida Manuel Montt 7945, Santiago, Chile",2026-12-15,ORD-CL-202612-001966,97347,2026-12-18,Providencia
15.540.278-7,Cliente 15540278,"Avenida Pedro De Valdivia 1748, Santiago, Chile",2026-12-15,ORD-CL-202612-001967,70379,2026-12-18,Quinta Normal
19.979.903-0,Cliente 19979903,"Avenida Las Condes 6919, Santiago, Chile",2026-12-15,ORD-CL-202612-001968,140847,2026-12-19,Las Condes
7.553.319-0,Cliente Nuevo 7553319,"Calle Santo Domingo 5422, Santiago, Chile",2026-12-15,ORD-CL-202612-001969,232280,2026-12-18,Lo Prado
13.417.536-5,Cliente Nuevo 13417536,"Avenida Pajaritos 2819, Santiago, Chile",2026-12-15,ORD-CL-202612-001970,177256,2026-12-19,Santiago
14.640.298-4,Cliente Nuevo 14640298,"Avenida Santa Rosa 4230, Santiago, Chile",2026-12-15,ORD-CL-202612-001971,73077,2026-12-18,La Reina
21.123.205-6,Cliente Nuevo 21123205,"Avenida Independencia 4789, Santiago, Chile",2026-12-15,ORD-CL-202612-001972,157086,2026-12-19,La Reina
16.689.959-0,Cliente Nuevo 16689959,"Avenida La Florida 9575, Santiago, Chile",2026-12-15,ORD-CL-202612-001973,70752,2026-12-17,San Miguel
8.651.650-2,Cliente 8651650,"Avenida Las Condes 6923, Santiago, Chile",2026-12-15,ORD-CL-202612-001974,82987,2026-12-18,Santiago
8.972.045-0,Cliente Nuevo 8972045,"Calle Amunátegui 571, Santiago, Chile",2026-12-15,ORD-CL-202612-001975,213408,2026-12-18,Vitacura
5.596.907-8,Cliente Nuevo 5596907,"Calle Teatinos 728, Santiago, Chile",2026-12-15,ORD-CL-202612-001976,93015,2026-12-18,Las Condes
7.069.912-6,Cliente 7069912,"Avenida Kennedy 3779, Santiago, Chile",2026-12-15,ORD-CL-202612-001977,244394,2026-12-19,Independencia
7.702.641-0,Cliente Nuevo 7702641,"Calle Monjitas 6796, Santiago, Chile",2026-12-15,ORD-CL-202612-001978,205870,2026-12-18,San Miguel
20.478.401-9,Cliente Nuevo 20478401,"Calle San Antonio 1910, Santiago, Chile",2026-12-15,ORD-CL-202612-001979,88289,2026-12-18,Estación Central
22.223.430-0,Cliente 22223430,"Avenida Tobalaba 8047, Santiago, Chile",2026-12-15,ORD-CL-202612-001980,234125,2026-12-19,La Florida
21.430.599-5,Cliente 21430599,"Calle Teatinos 813, Santiago, Chile",2026-12-15,ORD-CL-202612-001981,174964,2026-12-16,La Florida
15.229.396-3,Cliente 15229396,"Calle Merced 2024, Santiago, Chile",2026-12-15,ORD-CL-202612-001982,89645,2026-12-16,San Miguel
7.048.215-9,Cliente 7048215,"Avenida Independencia 5956, Santiago, Chile",2026-12-15,ORD-CL-202612-001983,161967,2026-12-18,La Reina
15.381.448-9,Cliente Nuevo 15381448,"Avenida Pajaritos 3649, Santiago, Chile",2026-12-15,ORD-CL-202612-001984,175534,2026-12-18,Santiago
7.656.100-9,Cliente Nuevo 7656100,"Calle San Diego 19, Santiago, Chile",2026-12-15,ORD-CL-202612-001985,254357,2026-12-18,Quinta Normal
20.350.933-3,Cliente 20350933,"Calle Bandera 313, Santiago, Chile",2026-12-15,ORD-CL-202612-001986,282476,2026-12-17,Puente Alto
5.260.189-5,Cliente Nuevo 5260189,"Calle Arturo Prat 4852, Santiago, Chile",2026-12-15,ORD-CL-202612-001987,191087,2026-12-18,Independencia
22.919.691-6,Cliente 22919691,"Avenida Recoleta 4460, Santiago, Chile",2026-12-15,ORD-CL-202612-001988,187464,2026-12-17,Peñalolén
17.045.268-1,Cliente Nuevo 17045268,"Avenida Pedro De Valdivia 3805, Santiago, Chile",2026-12-15,ORD-CL-202612-001989,126142,2026-12-18,Santiago
17.191.258-0,Cliente 17191258,"Avenida Departamental 5698, Santiago, Chile",2026-12-15,ORD-CL-202612-001990,108670,2026-12-17,Santiago
7.951.830-0,Cliente Nuevo 7951830,"Calle Teatinos 9817, Santiago, Chile",2026-12-15,ORD-CL-202612-001991,274125,2026-12-18,Santiago
12.174.355-5,Cliente 12174355,"Avenida La Florida 8153, Santiago, Chile",2026-12-15,ORD-CL-202612-001992,320373,2026-12-16,Recoleta
7.734.479-1,Cliente Nuevo 7734479,"Avenida Manuel Montt 7498, Santiago, Chile",2026-12-15,ORD-CL-202612-001993,174457,2026-12-18,Puente Alto
6.987.511-1,Cliente Nuevo 6987511,"Calle Merced 4984, Santiago, Chile",2026-12-15,ORD-CL-202612-001994,165833,2026-12-18,Santiago
5.074.419-0,Cliente 5074419,"Avenida Santa Rosa 5072, Santiago, Chile",2026-12-15,ORD-CL-202612-001995,127855,2026-12-17,Vitacura
13.559.624-9,Cliente 13559624,"Calle Estado 6390, Santiago, Chile",2026-12-15,ORD-CL-202612-001996,263978,2026-12-18,Santiago
17.209.197-3,Cliente 17209197,"Calle Santo Domingo 3314, Santiago, Chile",2026-12-15,ORD-CL-202612-001997,112769,2026-12-18,La Reina
17.117.379-4,Cliente Nuevo 17117379,"Calle Santo Domingo 483, Santiago, Chile",2026-12-15,ORD-CL-202612-001998,103150,2026-12-17,San Miguel
8.822.511-2,Cliente Nuevo 8822511,"Calle Morandé 7466, Santiago, Chile",2026-12-15,ORD-CL-202612-001999,206797,2026-12-17,San Miguel
14.595.198-5,Cliente Nuevo 14595198,"Avenida Irarrázaval 2601, Santiago, Chile",2026-12-15,ORD-CL-202612-002000,96823,2026-12-17,La Florida
21.956.641-1,Cliente 21956641,"Gran Avenida José Miguel Carrera 1848, Santiago, Chile",2026-12-15,ORD-CL-202612-002001,215035,2026-12-18,Recoleta
18.407.788-8,Cliente 18407788,"Avenida Américo Vespucio 898, Santiago, Chile",2026-12-15,ORD-CL-202612-002002,199762,2026-12-17,Las Condes
6.689.263-4,Cliente Nuevo 6689263,"Avenida Las Condes 5693, Santiago, Chile",2026-12-15,ORD-CL-202612-002003,108986,2026-12-17,Las Condes
14.331.931-2,Cliente Nuevo 14331931,"Avenida Pedro De Valdivia 8517, Santiago, Chile",2026-12-15,ORD-CL-202612-002004,188950,2026-12-17,Lo Prado
6.736.303-5,Cliente 6736303,"Avenida Manuel Montt 7039, Santiago, Chile",2026-12-15,ORD-CL-202612-002005,193274,2026-12-18,Santiago
6.957.401-2,Cliente 6957401,"Avenida Independencia 912, Santiago, Chile",2026-12-15,ORD-CL-202612-002006,204418,2026-12-17,San Miguel
15.518.813-9,Cliente Nuevo 15518813,"Avenida Vitacura 843, Santiago, Chile",2026-12-15,ORD-CL-202612-002007,84016,2026-12-18,Las Condes
19.958.614-1,Cliente 19958614,"Avenida La Florida 7523, Santiago, Chile",2026-12-15,ORD-CL-202612-002008,183088,2026-12-17,Lo Prado
10.618.908-5,Cliente Nuevo 10618908,"Calle Amunátegui 7218, Santiago, Chile",2026-12-15,ORD-CL-202612-002009,63479,2026-12-18,Estación Central
16.887.774-4,Cliente 16887774,"Calle Estado 4661, Santiago, Chile",2026-12-15,ORD-CL-202612-002010,172847,2026-12-17,Puente Alto
9.266.724-0,Cliente 9266724,"Avenida Apoquindo 868, Santiago, Chile",2026-12-15,ORD-CL-202612-002011,98965,2026-12-17,Lo Prado
8.210.131-4,Cliente 8210131,"Calle Monjitas 2837, Santiago, Chile",2026-12-15,ORD-CL-202612-002012,110390,2026-12-17,Santiago
16.229.670-1,Cliente 16229670,"Avenida Pajaritos 9174, Santiago, Chile",2026-12-15,ORD-CL-202612-002013,90668,2026-12-18,La Florida
19.059.699-3,Cliente Nuevo 19059699,"Gran Avenida José Miguel Carrera 3758, Santiago, Chile",2026-12-15,ORD-CL-202612-002014,120004,2026-12-19,Recoleta
17.917.635-0,Cliente 17917635,"Avenida Apoquindo 6480, Santiago, Chile",2026-12-15,ORD-CL-202612-002015,90060,2026-12-17,Recoleta
8.274.629-1,Cliente Nuevo 8274629,"Avenida Manuel Montt 4115, Santiago, Chile",2026-12-15,ORD-CL-202612-002016,216255,2026-12-19,Santiago
10.841.030-7,Cliente 10841030,"Calle Catedral 5661, Santiago, Chile",2026-12-15,ORD-CL-202612-002017,42785,2026-12-17,Santiago
13.692.295-5,Cliente Nuevo 13692295,"Avenida Tobalaba 3356, Santiago, Chile",2026-12-15,ORD-CL-202612-002018,120215,2026-12-18,Recoleta
9.867.745-4,Cliente Nuevo 9867745,"Avenida Pedro De Valdivia 1553, Santiago, Chile",2026-12-15,ORD-CL-202612-002019,196425,2026-12-18,Santiago
14.972.766-4,Cliente 14972766,"Avenida Santa Rosa 7428, Santiago, Chile",2026-12-15,ORD-CL-202612-002020,150647,2026-12-19,Santiago
15.696.032-3,Cliente Nuevo 15696032,"Calle Estado 5288, Santiago, Chile",2026-12-15,ORD-CL-202612-002021,88599,2026-12-19,Santiago
19.950.985-0,Cliente Nuevo 19950985,"Avenida Tobalaba 8544, Santiago, Chile",2026-12-15,ORD-CL-202612-002022,124578,2026-12-17,Quinta Normal
13.006.020-8,Cliente 13006020,"Calle Huérfanos 6157, Santiago, Chile",2026-12-15,ORD-CL-202612-002023,82537,2026-12-17,Las Condes
8.933.088-4,Cliente 8933088,"Avenida Santa Rosa 9972, Santiago, Chile",2026-12-15,ORD-CL-202612-002024,241918,2026-12-18,Providencia
10.478.164-6,Cliente Nuevo 10478164,"Avenida Recoleta 489, Santiago, Chile",2026-12-15,ORD-CL-202612-002025,154006,2026-12-18,Puente Alto
15.618.442-9,Cliente 15618442,"Avenida Las Condes 1859, Santiago, Chile",2026-12-15,ORD-CL-202612-002026,174323,2026-12-17,Santiago
22.445.445-9,Cliente 22445445,"Avenida Kennedy 7707, Santiago, Chile",2026-12-15,ORD-CL-202612-002027,245391,2026-12-18,Providencia
7.567.541-6,Cliente 7567541,"Avenida Independencia 3951, Santiago, Chile",2026-12-15,ORD-CL-202612-002028,167859,2026-12-17,La Florida
5.306.445-1,Cliente Nuevo 5306445,"Avenida Tobalaba 4027, Santiago, Chile",2026-12-16,ORD-CL-202612-002029,197398,2026-12-18,Recoleta
14.417.563-0,Cliente 14417563,"Gran Avenida José Miguel Carrera 2906, Santiago, Chile",2026-12-16,ORD-CL-202612-002030,250575,2026-12-21,Santiago
18.758.975-8,Cliente Nuevo 18758975,"Calle Amunátegui 5836, Santiago, Chile",2026-12-16,ORD-CL-202612-002031,112336,2026-12-20,Santiago
11.515.472-1,Cliente Nuevo 11515472,"Calle Arturo Prat 9926, Santiago, Chile",2026-12-16,ORD-CL-202612-002032,71122,2026-12-19,La Reina
12.613.137-6,Cliente Nuevo 12613137,"Avenida Recoleta 1611, Santiago, Chile",2026-12-16,ORD-CL-202612-002033,150265,2026-12-20,Quinta Normal
15.773.820-4,Cliente Nuevo 15773820,"Calle Morandé 2118, Santiago, Chile",2026-12-16,ORD-CL-202612-002034,204903,2026-12-18,Las Condes
11.972.250-9,Cliente 11972250,"Avenida Mapocho 159, Santiago, Chile",2026-12-16,ORD-CL-202612-002035,95932,2026-12-19,Peñalolén
14.763.688-3,Cliente Nuevo 14763688,"Gran Avenida José Miguel Carrera 5636, Santiago, Chile",2026-12-16,ORD-CL-202612-002036,119887,2026-12-18,La Reina
5.067.688-2,Cliente 5067688,"Avenida Departamental 4004, Santiago, Chile",2026-12-16,ORD-CL-202612-002037,198199,2026-12-18,Peñalolén
10.353.735-4,Cliente Nuevo 10353735,"Avenida Mapocho 8382, Santiago, Chile",2026-12-16,ORD-CL-202612-002038,233673,2026-12-19,Estación Central
6.946.263-4,Cliente 6946263,"Avenida Manuel Montt 2881, Santiago, Chile",2026-12-16,ORD-CL-202612-002039,140580,2026-12-18,Quinta Normal
19.753.080-2,Cliente Nuevo 19753080,"Avenida Vicuña Mackenna 3067, Santiago, Chile",2026-12-16,ORD-CL-202612-002040,289992,2026-12-19,Santiago
21.020.259-3,Cliente 21020259,"Calle Arturo Prat 4349, Santiago, Chile",2026-12-16,ORD-CL-202612-002041,205053,2026-12-19,Independencia
13.456.989-1,Cliente 13456989,"Calle Compañía De Jesús 9577, Santiago, Chile",2026-12-16,ORD-CL-202612-002042,112487,2026-12-20,Quinta Normal
21.150.603-7,Cliente 21150603,"Avenida Recoleta 4446, Santiago, Chile",2026-12-16,ORD-CL-202612-002043,193022,2026-12-20,Independencia
17.734.478-7,Cliente 17734478,"Avenida Manuel Montt 630, Santiago, Chile",2026-12-16,ORD-CL-202612-002044,208226,2026-12-18,La Reina
20.274.770-8,Cliente 20274770,"Calle Morandé 9393, Santiago, Chile",2026-12-16,ORD-CL-202612-002045,149492,2026-12-18,Santiago
14.365.192-4,Cliente Nuevo 14365192,"Avenida La Florida 3235, Santiago, Chile",2026-12-16,ORD-CL-202612-002046,251475,2026-12-18,La Reina
22.786.005-6,Cliente 22786005,"Avenida Providencia 5560, Santiago, Chile",2026-12-16,ORD-CL-202612-002047,144131,2026-12-20,Puente Alto
6.904.381-9,Cliente 6904381,"Avenida Libertador Bernardo O'Higgins 7273, Santiago, Chile",2026-12-16,ORD-CL-202612-002048,216114,2026-12-18,Santiago
18.268.438-9,Cliente 18268438,"Avenida Independencia 9222, Santiago, Chile",2026-12-16,ORD-CL-202612-002049,95287,2026-12-19,Providencia
8.829.317-5,Cliente 8829317,"Avenida Providencia 4618, Santiago, Chile",2026-12-16,ORD-CL-202612-002050,72666,2026-12-20,La Reina
14.680.199-8,Cliente Nuevo 14680199,"Avenida Libertador Bernardo O'Higgins 6552, Santiago, Chile",2026-12-16,ORD-CL-202612-002051,125480,2026-12-18,Santiago
20.737.762-0,Cliente 20737762,"Avenida Vitacura 7085, Santiago, Chile",2026-12-16,ORD-CL-202612-002052,132939,2026-12-19,San Miguel
15.861.894-2,Cliente 15861894,"Avenida Vitacura 4145, Santiago, Chile",2026-12-16,ORD-CL-202612-002053,222942,2026-12-17,Puente Alto
7.134.566-0,Cliente 7134566,"Calle San Antonio 3448, Santiago, Chile",2026-12-16,ORD-CL-202612-002054,59542,2026-12-17,Las Condes
9.255.041-3,Cliente Nuevo 9255041,"Avenida Mapocho 7888, Santiago, Chile",2026-12-16,ORD-CL-202612-002055,167190,2026-12-20,Lo Prado
13.663.004-0,Cliente 13663004,"Avenida Vicuña Mackenna 9400, Santiago, Chile",2026-12-16,ORD-CL-202612-002056,81273,2026-12-18,Peñalolén
8.164.057-6,Cliente Nuevo 8164057,"Avenida Libertador Bernardo O'Higgins 4908, Santiago, Chile",2026-12-16,ORD-CL-202612-002057,252863,2026-12-18,San Miguel
20.207.959-3,Cliente Nuevo 20207959,"Calle Arturo Prat 4407, Santiago, Chile",2026-12-16,ORD-CL-202612-002058,113140,2026-12-18,Santiago
16.492.482-6,Cliente Nuevo 16492482,"Avenida Independencia 7117, Santiago, Chile",2026-12-16,ORD-CL-202612-002059,115444,2026-12-18,Santiago
10.902.419-0,Cliente 10902419,"Avenida Santa Rosa 3238, Santiago, Chile",2026-12-16,ORD-CL-202612-002060,123375,2026-12-18,La Florida
12.112.764-2,Cliente Nuevo 12112764,"Avenida Apoquindo 7063, Santiago, Chile",2026-12-16,ORD-CL-202612-002061,308122,2026-12-18,Providencia
11.129.072-4,Cliente 11129072,"Avenida Departamental 6137, Santiago, Chile",2026-12-16,ORD-CL-202612-002062,149670,2026-12-19,Recoleta
10.703.244-7,Cliente 10703244,"Avenida Irarrázaval 2767, Santiago, Chile",2026-12-16,ORD-CL-202612-002063,214234,2026-12-18,Vitacura
10.331.001-2,Cliente Nuevo 10331001,"Calle Teatinos 269, Santiago, Chile",2026-12-16,ORD-CL-202612-002064,135568,2026-12-18,Peñalolén
13.942.216-4,Cliente Nuevo 13942216,"Avenida Tobalaba 1924, Santiago, Chile",2026-12-16,ORD-CL-202612-002065,242472,2026-12-19,Santiago
6.456.670-0,Cliente Nuevo 6456670,"Calle Monjitas 992, Santiago, Chile",2026-12-16,ORD-CL-202612-002066,247177,2026-12-19,Vitacura
14.381.827-7,Cliente Nuevo 14381827,"Avenida Santa Rosa 3541, Santiago, Chile",2026-12-16,ORD-CL-202612-002067,127159,2026-12-18,La Reina
15.384.499-0,Cliente 15384499,"Calle San Antonio 9427, Santiago, Chile",2026-12-16,ORD-CL-202612-002068,112562,2026-12-18,Puente Alto
20.021.354-1,Cliente 20021354,"Calle Merced 4202, Santiago, Chile",2026-12-16,ORD-CL-202612-002069,229518,2026-12-20,San Miguel
6.914.780-6,Cliente 6914780,"Avenida Grecia 6581, Santiago, Chile",2026-12-16,ORD-CL-202612-002070,81551,2026-12-18,La Reina
22.213.914-5,Cliente 22213914,"Avenida Tobalaba 6778, Santiago, Chile",2026-12-16,ORD-CL-202612-002071,146678,2026-12-18,Las Condes
12.790.052-2,Cliente 12790052,"Avenida Pedro De Valdivia 666, Santiago, Chile",2026-12-16,ORD-CL-202612-002072,126958,2026-12-18,Las Condes
14.435.199-1,Cliente Nuevo 14435199,"Calle Catedral 5780, Santiago, Chile",2026-12-16,ORD-CL-202612-002073,122271,2026-12-20,Las Condes
11.266.059-7,Cliente Nuevo 11266059,"Avenida Las Condes 3397, Santiago, Chile",2026-12-16,ORD-CL-202612-002074,241727,2026-12-18,San Miguel
20.562.021-8,Cliente Nuevo 20562021,"Gran Avenida José Miguel Carrera 5359, Santiago, Chile",2026-12-16,ORD-CL-202612-002075,150282,2026-12-20,La Reina
20.510.095-7,Cliente Nuevo 20510095,"Avenida Libertador Bernardo O'Higgins 5771, Santiago, Chile",2026-12-16,ORD-CL-202612-002076,99096,2026-12-18,Santiago
6.904.381-9,Cliente 6904381,"Avenida Libertador Bernardo O'Higgins 7273, Santiago, Chile",2026-12-16,ORD-CL-202612-002077,190873,2026-12-20,Santiago
14.630.107-0,Cliente Nuevo 14630107,"Avenida Vitacura 6815, Santiago, Chile",2026-12-16,ORD-CL-202612-002078,179769,2026-12-20,La Reina
7.509.814-3,Cliente Nuevo 7509814,"Avenida Apoquindo 8406, Santiago, Chile",2026-12-16,ORD-CL-202612-002079,204069,2026-12-20,Peñalolén
17.624.572-6,Cliente 17624572,"Calle San Antonio 960, Santiago, Chile",2026-12-16,ORD-CL-202612-002080,124094,2026-12-19,Peñalolén
11.969.299-2,Cliente Nuevo 11969299,"Avenida Vitacura 4042, Santiago, Chile",2026-12-16,ORD-CL-202612-002081,153177,2026-12-19,Peñalolén
13.872.533-5,Cliente 13872533,"Avenida Libertador Bernardo O'Higgins 2360, Santiago, Chile",2026-12-16,ORD-CL-202612-002082,65030,2026-12-19,Providencia
15.893.864-7,Cliente 15893864,"Gran Avenida José Miguel Carrera 572, Santiago, Chile",2026-12-16,ORD-CL-202612-002083,214792,2026-12-19,Recoleta
20.681.151-9,Cliente Nuevo 20681151,"Calle Catedral 5193, Santiago, Chile",2026-12-16,ORD-CL-202612-002084,159813,2026-12-18,La Florida
16.353.195-1,Cliente Nuevo 16353195,"Avenida Pajaritos 2107, Santiago, Chile",2026-12-16,ORD-CL-202612-002085,55836,2026-12-20,Providencia
5.266.829-2,Cliente Nuevo 5266829,"Calle Merced 6840, Santiago, Chile",2026-12-16,ORD-CL-202612-002086,295354,2026-12-19,Santiago
22.873.493-4,Cliente Nuevo 22873493,"Avenida Libertador Bernardo O'Higgins 3074, Santiago, Chile",2026-12-16,ORD-CL-202612-002087,100260,2026-12-20,La Reina
16.287.716-7,Cliente 16287716,"Avenida Santa Rosa 6749, Santiago, Chile",2026-12-16,ORD-CL-202612-002088,147203,2026-12-19,Estación Central
6.401.776-8,Cliente 6401776,"Avenida Manuel Montt 2849, Santiago, Chile",2026-12-16,ORD-CL-202612-002089,167774,2026-12-19,Lo Prado
16.850.768-5,Cliente 16850768,"Calle Huérfanos 1214, Santiago, Chile",2026-12-16,ORD-CL-202612-002090,212231,2026-12-18,Las Condes
10.772.894-6,Cliente 10772894,"Avenida Pajaritos 1016, Santiago, Chile",2026-12-16,ORD-CL-202612-002091,138448,2026-12-19,San Miguel
6.159.830-0,Cliente 6159830,"Avenida Kennedy 9292, Santiago, Chile",2026-12-16,ORD-CL-202612-002092,151138,2026-12-18,Santiago
20.784.218-6,Cliente Nuevo 20784218,"Calle Teatinos 9529, Santiago, Chile",2026-12-16,ORD-CL-202612-002093,323539,2026-12-17,Providencia
19.823.676-7,Cliente 19823676,"Avenida Mapocho 8108, Santiago, Chile",2026-12-16,ORD-CL-202612-002094,309272,2026-12-19,Santiago
5.178.125-8,Cliente Nuevo 5178125,"Avenida Mapocho 5094, Santiago, Chile",2026-12-16,ORD-CL-202612-002095,196927,2026-12-17,La Reina
21.890.821-6,Cliente Nuevo 21890821,"Avenida Santa Rosa 6201, Santiago, Chile",2026-12-16,ORD-CL-202612-002096,123218,2026-12-18,Independencia
14.772.588-5,Cliente Nuevo 14772588,"Avenida Departamental 5011, Santiago, Chile",2026-12-16,ORD-CL-202612-002097,218933,2026-12-19,Independencia
19.068.261-9,Cliente 19068261,"Calle Estado 4684, Santiago, Chile",2026-12-16,ORD-CL-202612-002098,115283,2026-12-20,Puente Alto
18.894.789-6,Cliente Nuevo 18894789,"Calle San Antonio 7865, Santiago, Chile",2026-12-16,ORD-CL-202612-002099,125538,2026-12-18,Vitacura
6.936.972-2,Cliente Nuevo 6936972,"Avenida Departamental 2969, Santiago, Chile",2026-12-16,ORD-CL-202612-002100,123185,2026-12-18,La Reina
15.595.095-2,Cliente 15595095,"Avenida Manuel Montt 6241, Santiago, Chile",2026-12-16,ORD-CL-202612-002101,96136,2026-12-19,Quinta Normal
16.535.210-6,Cliente Nuevo 16535210,"Calle Santo Domingo 3573, Santiago, Chile",2026-12-16,ORD-CL-202612-002102,290414,2026-12-20,Santiago
5.285.573-4,Cliente Nuevo 5285573,"Calle Compañía De Jesús 224, Santiago, Chile",2026-12-16,ORD-CL-202612-002103,108599,2026-12-20,Lo Prado
16.314.896-5,Cliente Nuevo 16314896,"Avenida Pajaritos 6489, Santiago, Chile",2026-12-16,ORD-CL-202612-002104,105188,2026-12-18,Recoleta
21.577.718-1,Cliente Nuevo 21577718,"Gran Avenida José Miguel Carrera 1092, Santiago, Chile",2026-12-16,ORD-CL-202612-002105,221941,2026-12-18,La Florida
7.883.540-8,Cliente 7883540,"Avenida Pedro De Valdivia 7181, Santiago, Chile",2026-12-16,ORD-CL-202612-002106,293786,2026-12-18,Vitacura
15.414.065-9,Cliente 15414065,"Avenida Vicuña Mackenna 3234, Santiago, Chile",2026-12-16,ORD-CL-202612-002107,110347,2026-12-17,La Reina
15.983.093-8,Cliente 15983093,"Calle Compañía De Jesús 8561, Santiago, Chile",2026-12-16,ORD-CL-202612-002108,301657,2026-12-19,Providencia
22.600.153-8,Cliente 22600153,"Avenida Departamental 6836, Santiago, Chile",2026-12-16,ORD-CL-202612-002109,100096,2026-12-18,Puente Alto
22.028.114-7,Cliente Nuevo 22028114,"Avenida Vitacura 6926, Santiago, Chile",2026-12-16,ORD-CL-202612-002110,80703,2026-12-19,Vitacura
12.086.822-5,Cliente 12086822,"Calle Estado 8648, Santiago, Chile",2026-12-16,ORD-CL-202612-002111,222092,2026-12-18,Peñalolén
7.567.541-6,Cliente 7567541,"Avenida Independencia 3951, Santiago, Chile",2026-12-16,ORD-CL-202612-002112,247762,2026-12-18,La Florida
6.867.598-6,Cliente 6867598,"Gran Avenida José Miguel Carrera 2236, Santiago, Chile",2026-12-16,ORD-CL-202612-002113,69332,2026-12-18,Providencia
13.975.735-0,Cliente Nuevo 13975735,"Gran Avenida José Miguel Carrera 398, Santiago, Chile",2026-12-16,ORD-CL-202612-002114,146860,2026-12-21,Quinta Normal
12.969.201-1,Cliente Nuevo 12969201,"Avenida Vitacura 2907, Santiago, Chile",2026-12-16,ORD-CL-202612-002115,116456,2026-12-18,Santiago
18.172.527-8,Cliente Nuevo 18172527,"Calle Teatinos 129, Santiago, Chile",2026-12-16,ORD-CL-202612-002116,59841,2026-12-19,Vitacura
5.043.964-9,Cliente Nuevo 5043964,"Avenida Santa Rosa 2639, Santiago, Chile",2026-12-16,ORD-CL-202612-002117,109932,2026-12-18,Lo Prado
18.966.012-0,Cliente Nuevo 18966012,"Calle Arturo Prat 1989, Santiago, Chile",2026-12-16,ORD-CL-202612-002118,246648,2026-12-19,La Florida
6.120.194-4,Cliente 6120194,"Calle San Antonio 5135, Santiago, Chile",2026-12-16,ORD-CL-202612-002119,111616,2026-12-20,San Miguel
8.995.743-8,Cliente 8995743,"Avenida Santa Rosa 3654, Santiago, Chile",2026-12-16,ORD-CL-202612-002120,223435,2026-12-18,Santiago
12.221.010-7,Cliente Nuevo 12221010,"Avenida Matta 5052, Santiago, Chile",2026-12-16,ORD-CL-202612-002121,197208,2026-12-19,Puente Alto
14.971.321-1,Cliente Nuevo 14971321,"Avenida Pedro De Valdivia 5930, Santiago, Chile",2026-12-16,ORD-CL-202612-002122,92959,2026-12-19,Puente Alto
5.263.848-4,Cliente Nuevo 5263848,"Avenida Manuel Montt 8828, Santiago, Chile",2026-12-16,ORD-CL-202612-002123,185911,2026-12-19,Santiago
18.051.800-7,Cliente Nuevo 18051800,"Avenida Manuel Montt 5734, Santiago, Chile",2026-12-16,ORD-CL-202612-002124,96127,2026-12-18,Independencia
15.414.065-9,Cliente 15414065,"Avenida Vicuña Mackenna 3234, Santiago, Chile",2026-12-16,ORD-CL-202612-002125,88645,2026-12-18,La Reina
17.990.944-4,Cliente 17990944,"Calle Huérfanos 5579, Santiago, Chile",2026-12-16,ORD-CL-202612-002126,113300,2026-12-20,Recoleta
18.043.869-7,Cliente Nuevo 18043869,"Avenida Libertador Bernardo O'Higgins 7790, Santiago, Chile",2026-12-16,ORD-CL-202612-002127,111429,2026-12-18,Peñalolén
14.146.237-9,Cliente Nuevo 14146237,"Avenida Grecia 6845, Santiago, Chile",2026-12-16,ORD-CL-202612-002128,108578,2026-12-19,Santiago
19.823.676-7,Cliente 19823676,"Avenida Mapocho 8108, Santiago, Chile",2026-12-16,ORD-CL-202612-002129,286333,2026-12-19,Santiago
5.405.159-6,Cliente Nuevo 5405159,"Avenida Irarrázaval 1289, Santiago, Chile",2026-12-16,ORD-CL-202612-002130,154978,2026-12-18,Recoleta
14.246.267-3,Cliente Nuevo 14246267,"Avenida Libertador Bernardo O'Higgins 1306, Santiago, Chile",2026-12-16,ORD-CL-202612-002131,148014,2026-12-18,Vitacura
8.508.000-3,Cliente 8508000,"Avenida Las Condes 3917, Santiago, Chile",2026-12-16,ORD-CL-202612-002132,170767,2026-12-18,Puente Alto
15.888.653-3,Cliente 15888653,"Avenida Pajaritos 3195, Santiago, Chile",2026-12-16,ORD-CL-202612-002133,91357,2026-12-17,Lo Prado
12.480.400-9,Cliente Nuevo 12480400,"Calle Teatinos 5191, Santiago, Chile",2026-12-16,ORD-CL-202612-002134,197683,2026-12-20,Providencia
17.416.421-8,Cliente 17416421,"Avenida Libertador Bernardo O'Higgins 8614, Santiago, Chile",2026-12-16,ORD-CL-202612-002135,239138,2026-12-20,Puente Alto
9.212.915-7,Cliente 9212915,"Avenida Grecia 7352, Santiago, Chile",2026-12-16,ORD-CL-202612-002136,157958,2026-12-20,La Florida
14.683.119-6,Cliente Nuevo 14683119,"Avenida Departamental 820, Santiago, Chile",2026-12-16,ORD-CL-202612-002137,99862,2026-12-19,Puente Alto
14.283.601-1,Cliente Nuevo 14283601,"Avenida Vicuña Mackenna 1789, Santiago, Chile",2026-12-16,ORD-CL-202612-002138,116980,2026-12-19,Santiago
5.680.668-1,Cliente Nuevo 5680668,"Avenida Providencia 6520, Santiago, Chile",2026-12-16,ORD-CL-202612-002139,246962,2026-12-19,Vitacura
16.997.447-6,Cliente Nuevo 16997447,"Calle Huérfanos 8152, Santiago, Chile",2026-12-16,ORD-CL-202612-002140,127996,2026-12-19,Las Condes
10.144.560-6,Cliente Nuevo 10144560,"Calle Arturo Prat 7831, Santiago, Chile",2026-12-16,ORD-CL-202612-002141,104549,2026-12-18,Las Condes
15.658.830-6,Cliente Nuevo 15658830,"Calle Teatinos 8353, Santiago, Chile",2026-12-16,ORD-CL-202612-002142,224108,2026-12-18,Peñalolén
14.930.863-5,Cliente Nuevo 14930863,"Avenida La Florida 6009, Santiago, Chile",2026-12-16,ORD-CL-202612-002143,140624,2026-12-19,Quinta Normal
13.591.026-5,Cliente 13591026,"Avenida Kennedy 640, Santiago, Chile",2026-12-16,ORD-CL-202612-002144,262068,2026-12-18,Santiago
12.247.678-3,Cliente 12247678,"Avenida Apoquindo 3809, Santiago, Chile",2026-12-16,ORD-CL-202612-002145,313139,2026-12-19,Santiago
15.870.493-1,Cliente 15870493,"Calle Teatinos 3591, Santiago, Chile",2026-12-16,ORD-CL-202612-002146,200151,2026-12-19,San Miguel
7.950.468-2,Cliente Nuevo 7950468,"Avenida Departamental 6976, Santiago, Chile",2026-12-16,ORD-CL-202612-002147,198318,2026-12-19,Santiago
9.519.016-0,Cliente Nuevo 9519016,"Avenida Pajaritos 3313, Santiago, Chile",2026-12-16,ORD-CL-202612-002148,101465,2026-12-18,La Reina
20.762.176-8,Cliente 20762176,"Avenida Recoleta 7823, Santiago, Chile",2026-12-16,ORD-CL-202612-002149,308254,2026-12-19,La Florida
11.024.541-6,Cliente Nuevo 11024541,"Avenida Irarrázaval 3003, Santiago, Chile",2026-12-16,ORD-CL-202612-002150,101598,2026-12-19,Recoleta
10.213.922-7,Cliente Nuevo 10213922,"Calle Bandera 3131, Santiago, Chile",2026-12-16,ORD-CL-202612-002151,40349,2026-12-18,Estación Central
7.919.660-9,Cliente 7919660,"Calle Estado 8391, Santiago, Chile",2026-12-16,ORD-CL-202612-002152,109520,2026-12-19,Independencia
21.719.824-7,Cliente 21719824,"Avenida Vicuña Mackenna 4674, Santiago, Chile",2026-12-16,ORD-CL-202612-002153,95666,2026-12-20,Quinta Normal
18.894.267-4,Cliente 18894267,"Calle San Diego 7465, Santiago, Chile",2026-12-16,ORD-CL-202612-002154,189545,2026-12-18,Recoleta
15.540.278-7,Cliente 15540278,"Avenida Pedro De Valdivia 1748, Santiago, Chile",2026-12-16,ORD-CL-202612-002155,271311,2026-12-18,Quinta Normal
11.782.805-1,Cliente 11782805,"Calle Teatinos 51, Santiago, Chile",2026-12-16,ORD-CL-202612-002156,123376,2026-12-18,Providencia
21.004.492-3,Cliente Nuevo 21004492,"Avenida Pedro De Valdivia 6052, Santiago, Chile",2026-12-16,ORD-CL-202612-002157,75201,2026-12-20,Recoleta
6.495.658-2,Cliente 6495658,"Avenida Tobalaba 9986, Santiago, Chile",2026-12-16,ORD-CL-202612-002158,188730,2026-12-18,Las Condes
17.875.000-0,Cliente 17875000,"Avenida Providencia 5716, Santiago, Chile",2026-12-16,ORD-CL-202612-002159,89639,2026-12-19,Las Condes
22.281.230-0,Cliente 22281230,"Avenida Libertador Bernardo O'Higgins 5480, Santiago, Chile",2026-12-16,ORD-CL-202612-002160,136730,2026-12-19,Recoleta
11.338.808-7,Cliente Nuevo 11338808,"Avenida Américo Vespucio 6368, Santiago, Chile",2026-12-16,ORD-CL-202612-002161,171889,2026-12-18,Santiago
22.943.271-3,Cliente Nuevo 22943271,"Avenida Santa Rosa 2167, Santiago, Chile",2026-12-16,ORD-CL-202612-002162,223895,2026-12-19,La Florida
10.411.606-1,Cliente Nuevo 10411606,"Calle Santo Domingo 6777, Santiago, Chile",2026-12-16,ORD-CL-202612-002163,246211,2026-12-20,Vitacura
21.269.458-3,Cliente 21269458,"Calle Amunátegui 1984, Santiago, Chile",2026-12-16,ORD-CL-202612-002164,181838,2026-12-19,Peñalolén
20.478.401-9,Cliente Nuevo 20478401,"Calle San Antonio 1910, Santiago, Chile",2026-12-16,ORD-CL-202612-002165,278349,2026-12-18,Estación Central
13.745.331-4,Cliente Nuevo 13745331,"Avenida Departamental 3715, Santiago, Chile",2026-12-16,ORD-CL-202612-002166,92888,2026-12-18,Santiago
6.606.107-5,Cliente Nuevo 6606107,"Avenida Providencia 3544, Santiago, Chile",2026-12-16,ORD-CL-202612-002167,219020,2026-12-19,Puente Alto
9.364.839-4,Cliente 9364839,"Avenida Apoquindo 7973, Santiago, Chile",2026-12-16,ORD-CL-202612-002168,109846,2026-12-18,Independencia
13.990.485-6,Cliente 13990485,"Avenida Irarrázaval 3578, Santiago, Chile",2026-12-16,ORD-CL-202612-002169,94990,2026-12-18,Providencia
8.179.064-5,Cliente Nuevo 8179064,"Calle Morandé 613, Santiago, Chile",2026-12-16,ORD-CL-202612-002170,233669,2026-12-19,Santiago
10.299.661-5,Cliente 10299661,"Avenida Las Condes 3948, Santiago, Chile",2026-12-16,ORD-CL-202612-002171,181135,2026-12-20,San Miguel
16.407.848-9,Cliente 16407848,"Calle Amunátegui 147, Santiago, Chile",2026-12-16,ORD-CL-202612-002172,71322,2026-12-18,Santiago
21.475.685-2,Cliente 21475685,"Avenida Providencia 3090, Santiago, Chile",2026-12-16,ORD-CL-202612-002173,97659,2026-12-19,Santiago
20.600.666-4,Cliente Nuevo 20600666,"Avenida Santa Rosa 5706, Santiago, Chile",2026-12-16,ORD-CL-202612-002174,220842,2026-12-18,Independencia
9.680.586-0,Cliente 9680586,"Calle Huérfanos 8101, Santiago, Chile",2026-12-16,ORD-CL-202612-002175,251617,2026-12-19,San Miguel
13.905.591-0,Cliente Nuevo 13905591,"Avenida Irarrázaval 7578, Santiago, Chile",2026-12-16,ORD-CL-202612-002176,215530,2026-12-19,Providencia
17.899.172-0,Cliente 17899172,"Avenida Macul 1638, Santiago, Chile",2026-12-16,ORD-CL-202612-002177,208885,2026-12-20,La Florida
21.723.297-3,Cliente 21723297,"Avenida Pedro De Valdivia 6852, Santiago, Chile",2026-12-16,ORD-CL-202612-002178,213534,2026-12-19,Recoleta
15.265.569-6,Cliente 15265569,"Avenida Pajaritos 8544, Santiago, Chile",2026-12-16,ORD-CL-202612-002179,140023,2026-12-19,Independencia
16.945.239-0,Cliente 16945239,"Avenida Recoleta 1288, Santiago, Chile",2026-12-16,ORD-CL-202612-002180,204000,2026-12-18,Vitacura
10.758.460-8,Cliente 10758460,"Calle Estado 1128, Santiago, Chile",2026-12-16,ORD-CL-202612-002181,150403,2026-12-18,Puente Alto
14.106.311-8,Cliente Nuevo 14106311,"Calle Huérfanos 6206, Santiago, Chile",2026-12-16,ORD-CL-202612-002182,120249,2026-12-18,Santiago
14.200.802-1,Cliente 14200802,"Avenida Pedro De Valdivia 3807, Santiago, Chile",2026-12-16,ORD-CL-202612-002183,49680,2026-12-19,Quinta Normal
20.602.357-3,Cliente Nuevo 20602357,"Calle Huérfanos 3567, Santiago, Chile",2026-12-16,ORD-CL-202612-002184,69341,2026-12-19,Peñalolén
9.812.288-4,Cliente Nuevo 9812288,"Avenida Apoquindo 1556, Santiago, Chile",2026-12-16,ORD-CL-202612-002185,247667,2026-12-18,Puente Alto
19.437.090-9,Cliente Nuevo 19437090,"Avenida Apoquindo 1470, Santiago, Chile",2026-12-16,ORD-CL-202612-002186,255615,2026-12-18,Santiago
5.923.393-9,Cliente 5923393,"Calle Arturo Prat 2957, Santiago, Chile",2026-12-16,ORD-CL-202612-002187,107044,2026-12-18,Santiago
7.640.426-3,Cliente Nuevo 7640426,"Avenida Vitacura 7084, Santiago, Chile",2026-12-16,ORD-CL-202612-002188,294161,2026-12-18,Peñalolén
17.263.025-1,Cliente 17263025,"Avenida Macul 2073, Santiago, Chile",2026-12-16,ORD-CL-202612-002189,166703,2026-12-19,Lo Prado
22.428.951-5,Cliente 22428951,"Avenida Matta 2839, Santiago, Chile",2026-12-16,ORD-CL-202612-002190,301563,2026-12-19,Recoleta
16.013.666-1,Cliente Nuevo 16013666,"Calle San Diego 1193, Santiago, Chile",2026-12-16,ORD-CL-202612-002191,189039,2026-12-20,Santiago
20.747.142-2,Cliente 20747142,"Calle Compañía De Jesús 115, Santiago, Chile",2026-12-16,ORD-CL-202612-002192,48824,2026-12-20,Santiago
21.805.102-0,Cliente 21805102,"Calle Arturo Prat 175, Santiago, Chile",2026-12-16,ORD-CL-202612-002193,129930,2026-12-18,Peñalolén
22.080.557-4,Cliente 22080557,"Calle Arturo Prat 5241, Santiago, Chile",2026-12-16,ORD-CL-202612-002194,145435,2026-12-20,Estación Central
10.233.089-4,Cliente Nuevo 10233089,"Calle Compañía De Jesús 1161, Santiago, Chile",2026-12-16,ORD-CL-202612-002195,153868,2026-12-18,Independencia
6.276.864-0,Cliente 6276864,"Avenida Providencia 3801, Santiago, Chile",2026-12-16,ORD-CL-202612-002196,165557,2026-12-18,La Reina
13.395.227-9,Cliente 13395227,"Avenida Irarrázaval 1701, Santiago, Chile",2026-12-16,ORD-CL-202612-002197,88910,2026-12-17,Santiago
22.538.782-2,Cliente Nuevo 22538782,"Avenida Departamental 5058, Santiago, Chile",2026-12-16,ORD-CL-202612-002198,157480,2026-12-18,Providencia
18.563.792-4,Cliente Nuevo 18563792,"Calle Arturo Prat 1108, Santiago, Chile",2026-12-16,ORD-CL-202612-002199,75640,2026-12-19,Independencia
12.033.777-7,Cliente Nuevo 12033777,"Calle Santo Domingo 1612, Santiago, Chile",2026-12-16,ORD-CL-202612-002200,96187,2026-12-18,Santiago
20.483.811-6,Cliente 20483811,"Calle Santo Domingo 9757, Santiago, Chile",2026-12-16,ORD-CL-202612-002201,133638,2026-12-18,Estación Central
7.993.576-7,Cliente Nuevo 7993576,"Avenida Independencia 9696, Santiago, Chile",2026-12-16,ORD-CL-202612-002202,234251,2026-12-20,San Miguel
8.689.493-3,Cliente Nuevo 8689493,"Avenida Independencia 1993, Santiago, Chile",2026-12-16,ORD-CL-202612-002203,116369,2026-12-17,Santiago
11.291.344-8,Cliente Nuevo 11291344,"Calle Monjitas 5749, Santiago, Chile",2026-12-16,ORD-CL-202612-002204,335593,2026-12-19,Santiago
19.856.952-4,Cliente 19856952,"Avenida Departamental 2287, Santiago, Chile",2026-12-16,ORD-CL-202612-002205,133832,2026-12-18,La Florida
13.251.660-0,Cliente 13251660,"Calle Teatinos 9197, Santiago, Chile",2026-12-16,ORD-CL-202612-002206,289437,2026-12-20,Peñalolén
18.869.132-5,Cliente 18869132,"Calle Amunátegui 7671, Santiago, Chile",2026-12-16,ORD-CL-202612-002207,34700,2026-12-20,La Florida
20.736.036-0,Cliente Nuevo 20736036,"Calle Santo Domingo 650, Santiago, Chile",2026-12-16,ORD-CL-202612-002208,163488,2026-12-18,Estación Central
20.007.968-6,Cliente Nuevo 20007968,"Calle Arturo Prat 2497, Santiago, Chile",2026-12-16,ORD-CL-202612-002209,103998,2026-12-20,Quinta Normal
7.055.082-4,Cliente Nuevo 7055082,"Avenida Kennedy 2316, Santiago, Chile",2026-12-16,ORD-CL-202612-002210,125669,2026-12-20,Recoleta
8.005.663-1,Cliente Nuevo 8005663,"Avenida Pajaritos 7032, Santiago, Chile",2026-12-17,ORD-CL-202612-002211,193890,2026-12-20,La Reina
17.008.500-2,Cliente Nuevo 17008500,"Avenida Libertador Bernardo O'Higgins 2693, Santiago, Chile",2026-12-17,ORD-CL-202612-002212,88450,2026-12-20,Santiago
22.912.842-7,Cliente Nuevo 22912842,"Avenida Las Condes 5230, Santiago, Chile",2026-12-17,ORD-CL-202612-002213,266865,2026-12-19,Puente Alto
21.551.004-2,Cliente Nuevo 21551004,"Avenida Macul 9454, Santiago, Chile",2026-12-17,ORD-CL-202612-002214,102149,2026-12-21,La Reina
8.823.811-3,Cliente 8823811,"Avenida Kennedy 7331, Santiago, Chile",2026-12-17,ORD-CL-202612-002215,107564,2026-12-18,Independencia
16.482.005-7,Cliente 16482005,"Calle Morandé 7141, Santiago, Chile",2026-12-17,ORD-CL-202612-002216,276639,2026-12-19,La Florida
6.843.079-6,Cliente Nuevo 6843079,"Calle Arturo Prat 1596, Santiago, Chile",2026-12-17,ORD-CL-202612-002217,84304,2026-12-19,Independencia
8.393.348-0,Cliente Nuevo 8393348,"Avenida Macul 7869, Santiago, Chile",2026-12-17,ORD-CL-202612-002218,255752,2026-12-20,Las Condes
12.205.892-8,Cliente Nuevo 12205892,"Avenida Pedro De Valdivia 968, Santiago, Chile",2026-12-17,ORD-CL-202612-002219,111439,2026-12-20,Lo Prado
11.322.388-1,Cliente Nuevo 11322388,"Avenida Independencia 8882, Santiago, Chile",2026-12-17,ORD-CL-202612-002220,154913,2026-12-21,San Miguel
14.146.237-9,Cliente Nuevo 14146237,"Avenida Grecia 6845, Santiago, Chile",2026-12-17,ORD-CL-202612-002221,137485,2026-12-20,Santiago
6.697.870-5,Cliente 6697870,"Calle Santo Domingo 1727, Santiago, Chile",2026-12-17,ORD-CL-202612-002222,116045,2026-12-21,Las Condes
16.018.272-9,Cliente 16018272,"Calle Monjitas 7075, Santiago, Chile",2026-12-17,ORD-CL-202612-002223,150892,2026-12-19,Vitacura
20.328.731-5,Cliente Nuevo 20328731,"Avenida Pajaritos 9996, Santiago, Chile",2026-12-17,ORD-CL-202612-002224,93134,2026-12-21,Las Condes
22.718.662-4,Cliente 22718662,"Calle Estado 7755, Santiago, Chile",2026-12-17,ORD-CL-202612-002225,77514,2026-12-20,Estación Central
8.440.511-5,Cliente Nuevo 8440511,"Avenida Pajaritos 5711, Santiago, Chile",2026-12-17,ORD-CL-202612-002226,76088,2026-12-19,Quinta Normal
13.377.967-1,Cliente 13377967,"Calle Amunátegui 1785, Santiago, Chile",2026-12-17,ORD-CL-202612-002227,141644,2026-12-19,Independencia
7.383.509-4,Cliente Nuevo 7383509,"Avenida Matta 4411, Santiago, Chile",2026-12-17,ORD-CL-202612-002228,279073,2026-12-20,Las Condes
15.636.947-1,Cliente Nuevo 15636947,"Avenida La Florida 5799, Santiago, Chile",2026-12-17,ORD-CL-202612-002229,211839,2026-12-18,Estación Central
13.341.339-3,Cliente 13341339,"Avenida Providencia 4765, Santiago, Chile",2026-12-17,ORD-CL-202612-002230,129687,2026-12-21,San Miguel
19.174.623-5,Cliente 19174623,"Avenida Recoleta 598, Santiago, Chile",2026-12-17,ORD-CL-202612-002231,225727,2026-12-20,Peñalolén
12.095.330-0,Cliente Nuevo 12095330,"Calle Santo Domingo 4271, Santiago, Chile",2026-12-17,ORD-CL-202612-002232,198684,2026-12-18,Santiago
10.263.868-8,Cliente 10263868,"Avenida Manuel Montt 3031, Santiago, Chile",2026-12-17,ORD-CL-202612-002233,92326,2026-12-19,Santiago
5.538.773-7,Cliente Nuevo 5538773,"Calle Teatinos 4659, Santiago, Chile",2026-12-17,ORD-CL-202612-002234,216714,2026-12-19,La Florida
14.772.588-5,Cliente Nuevo 14772588,"Avenida Departamental 5011, Santiago, Chile",2026-12-17,ORD-CL-202612-002235,90474,2026-12-21,Independencia
7.168.925-4,Cliente Nuevo 7168925,"Calle Merced 714, Santiago, Chile",2026-12-17,ORD-CL-202612-002236,211843,2026-12-21,Vitacura
5.766.588-6,Cliente Nuevo 5766588,"Avenida Santa Rosa 9461, Santiago, Chile",2026-12-17,ORD-CL-202612-002237,127204,2026-12-20,Santiago
10.100.832-7,Cliente 10100832,"Avenida La Florida 9522, Santiago, Chile",2026-12-17,ORD-CL-202612-002238,101065,2026-12-19,Quinta Normal
14.515.904-7,Cliente Nuevo 14515904,"Avenida Independencia 275, Santiago, Chile",2026-12-17,ORD-CL-202612-002239,76150,2026-12-18,Lo Prado
18.617.683-9,Cliente Nuevo 18617683,"Calle Estado 8845, Santiago, Chile",2026-12-17,ORD-CL-202612-002240,99077,2026-12-19,Estación Central
21.392.620-8,Cliente Nuevo 21392620,"Avenida Las Condes 6610, Santiago, Chile",2026-12-17,ORD-CL-202612-002241,99501,2026-12-20,Lo Prado
8.977.615-4,Cliente Nuevo 8977615,"Calle Huérfanos 8772, Santiago, Chile",2026-12-17,ORD-CL-202612-002242,324885,2026-12-20,San Miguel
11.669.766-7,Cliente Nuevo 11669766,"Avenida Kennedy 5651, Santiago, Chile",2026-12-17,ORD-CL-202612-002243,116182,2026-12-19,Independencia
12.603.920-5,Cliente Nuevo 12603920,"Gran Avenida José Miguel Carrera 9436, Santiago, Chile",2026-12-17,ORD-CL-202612-002244,80970,2026-12-20,Providencia
13.666.497-6,Cliente 13666497,"Calle Monjitas 5385, Santiago, Chile",2026-12-17,ORD-CL-202612-002245,126733,2026-12-20,La Florida
14.638.216-6,Cliente Nuevo 14638216,"Avenida La Florida 1200, Santiago, Chile",2026-12-17,ORD-CL-202612-002246,130556,2026-12-19,Quinta Normal
19.779.462-2,Cliente 19779462,"Calle Huérfanos 3861, Santiago, Chile",2026-12-17,ORD-CL-202612-002247,211112,2026-12-21,San Miguel
15.024.999-8,Cliente Nuevo 15024999,"Avenida Kennedy 8032, Santiago, Chile",2026-12-17,ORD-CL-202612-002248,103462,2026-12-20,La Florida
11.383.641-2,Cliente Nuevo 11383641,"Avenida Macul 9030, Santiago, Chile",2026-12-17,ORD-CL-202612-002249,155087,2026-12-19,Independencia
9.657.778-2,Cliente Nuevo 9657778,"Avenida Independencia 6663, Santiago, Chile",2026-12-17,ORD-CL-202612-002250,255378,2026-12-20,Peñalolén
10.996.031-8,Cliente 10996031,"Calle Merced 635, Santiago, Chile",2026-12-17,ORD-CL-202612-002251,145675,2026-12-19,Puente Alto
14.729.367-0,Cliente 14729367,"Avenida Recoleta 1848, Santiago, Chile",2026-12-17,ORD-CL-202612-002252,176407,2026-12-19,Santiago
7.034.139-2,Cliente 7034139,"Avenida Irarrázaval 5105, Santiago, Chile",2026-12-17,ORD-CL-202612-002253,64698,2026-12-19,Peñalolén
9.035.343-5,Cliente 9035343,"Calle San Antonio 9169, Santiago, Chile",2026-12-17,ORD-CL-202612-002254,205153,2026-12-19,La Reina
17.184.732-5,Cliente Nuevo 17184732,"Avenida Macul 2833, Santiago, Chile",2026-12-17,ORD-CL-202612-002255,295708,2026-12-18,Puente Alto
18.046.390-8,Cliente 18046390,"Avenida Manuel Montt 4666, Santiago, Chile",2026-12-17,ORD-CL-202612-002256,302836,2026-12-20,Quinta Normal
14.089.104-8,Cliente Nuevo 14089104,"Avenida La Florida 9439, Santiago, Chile",2026-12-17,ORD-CL-202612-002257,179079,2026-12-20,Santiago
10.345.586-0,Cliente 10345586,"Avenida Mapocho 9185, Santiago, Chile",2026-12-17,ORD-CL-202612-002258,199914,2026-12-19,Puente Alto
10.144.560-6,Cliente Nuevo 10144560,"Calle Arturo Prat 7831, Santiago, Chile",2026-12-17,ORD-CL-202612-002259,145594,2026-12-21,Las Condes
21.934.490-7,Cliente Nuevo 21934490,"Avenida Apoquindo 2899, Santiago, Chile",2026-12-17,ORD-CL-202612-002260,94277,2026-12-19,La Florida
16.640.561-3,Cliente Nuevo 16640561,"Avenida Independencia 398, Santiago, Chile",2026-12-17,ORD-CL-202612-002261,248949,2026-12-18,Santiago
13.518.732-9,Cliente 13518732,"Avenida Independencia 6485, Santiago, Chile",2026-12-17,ORD-CL-202612-002262,100962,2026-12-20,La Florida
18.879.635-6,Cliente 18879635,"Avenida Independencia 8901, Santiago, Chile",2026-12-17,ORD-CL-202612-002263,246770,2026-12-20,Santiago
21.331.931-3,Cliente 21331931,"Calle Morandé 1038, Santiago, Chile",2026-12-17,ORD-CL-202612-002264,44113,2026-12-21,Independencia
9.697.997-8,Cliente Nuevo 9697997,"Avenida Tobalaba 3092, Santiago, Chile",2026-12-17,ORD-CL-202612-002265,254581,2026-12-18,Independencia
11.677.416-6,Cliente 11677416,"Calle Morandé 1655, Santiago, Chile",2026-12-17,ORD-CL-202612-002266,273407,2026-12-20,Quinta Normal
5.805.928-3,Cliente Nuevo 5805928,"Calle Teatinos 3426, Santiago, Chile",2026-12-17,ORD-CL-202612-002267,132228,2026-12-18,Puente Alto
5.368.866-0,Cliente Nuevo 5368866,"Avenida Pedro De Valdivia 9478, Santiago, Chile",2026-12-17,ORD-CL-202612-002268,321998,2026-12-19,Puente Alto
7.978.779-8,Cliente Nuevo 7978779,"Avenida Santa Rosa 6009, Santiago, Chile",2026-12-17,ORD-CL-202612-002269,315259,2026-12-21,Las Condes
18.980.564-6,Cliente Nuevo 18980564,"Avenida Recoleta 4309, Santiago, Chile",2026-12-17,ORD-CL-202612-002270,84485,2026-12-20,Quinta Normal
19.429.781-7,Cliente 19429781,"Calle Arturo Prat 6209, Santiago, Chile",2026-12-17,ORD-CL-202612-002271,225120,2026-12-21,Independencia
22.223.430-0,Cliente 22223430,"Avenida Tobalaba 8047, Santiago, Chile",2026-12-17,ORD-CL-202612-002272,111677,2026-12-19,La Florida
6.500.101-6,Cliente 6500101,"Calle Bandera 8658, Santiago, Chile",2026-12-17,ORD-CL-202612-002273,200768,2026-12-21,Providencia
13.775.682-8,Cliente Nuevo 13775682,"Calle Monjitas 6910, Santiago, Chile",2026-12-17,ORD-CL-202612-002274,178605,2026-12-19,Puente Alto
19.437.090-9,Cliente Nuevo 19437090,"Avenida Apoquindo 1470, Santiago, Chile",2026-12-17,ORD-CL-202612-002275,41136,2026-12-20,Santiago
20.650.446-1,Cliente 20650446,"Avenida Kennedy 4724, Santiago, Chile",2026-12-17,ORD-CL-202612-002276,48400,2026-12-19,Independencia
20.915.589-0,Cliente 20915589,"Avenida Departamental 6509, Santiago, Chile",2026-12-17,ORD-CL-202612-002277,215309,2026-12-20,Quinta Normal
20.791.707-4,Cliente Nuevo 20791707,"Avenida Irarrázaval 8053, Santiago, Chile",2026-12-17,ORD-CL-202612-002278,112783,2026-12-19,La Reina
11.462.126-0,Cliente 11462126,"Avenida Irarrázaval 5965, Santiago, Chile",2026-12-17,ORD-CL-202612-002279,100724,2026-12-19,Peñalolén
13.175.038-3,Cliente Nuevo 13175038,"Calle Estado 8042, Santiago, Chile",2026-12-17,ORD-CL-202612-002280,240499,2026-12-21,Recoleta
16.662.364-5,Cliente 16662364,"Avenida Departamental 4836, Santiago, Chile",2026-12-17,ORD-CL-202612-002281,186168,2026-12-20,Vitacura
14.310.620-8,Cliente Nuevo 14310620,"Calle Santo Domingo 5170, Santiago, Chile",2026-12-17,ORD-CL-202612-002282,45494,2026-12-19,Recoleta
8.346.228-4,Cliente 8346228,"Avenida Vitacura 8467, Santiago, Chile",2026-12-17,ORD-CL-202612-002283,178382,2026-12-19,Santiago
20.952.182-6,Cliente Nuevo 20952182,"Calle Morandé 5183, Santiago, Chile",2026-12-17,ORD-CL-202612-002284,212353,2026-12-21,Las Condes
8.652.464-3,Cliente 8652464,"Avenida Irarrázaval 228, Santiago, Chile",2026-12-17,ORD-CL-202612-002285,284217,2026-12-19,Estación Central
7.932.926-3,Cliente 7932926,"Calle Estado 5553, Santiago, Chile",2026-12-17,ORD-CL-202612-002286,240670,2026-12-18,Puente Alto
8.582.936-2,Cliente Nuevo 8582936,"Calle Catedral 9540, Santiago, Chile",2026-12-17,ORD-CL-202612-002287,217766,2026-12-20,La Reina
7.099.327-1,Cliente 7099327,"Avenida Mapocho 7680, Santiago, Chile",2026-12-17,ORD-CL-202612-002288,98234,2026-12-19,Santiago
9.746.693-1,Cliente Nuevo 9746693,"Calle San Diego 5268, Santiago, Chile",2026-12-17,ORD-CL-202612-002289,215141,2026-12-19,Puente Alto
11.325.013-7,Cliente Nuevo 11325013,"Avenida Tobalaba 3549, Santiago, Chile",2026-12-17,ORD-CL-202612-002290,106301,2026-12-19,Puente Alto
6.743.091-3,Cliente 6743091,"Calle Bandera 7940, Santiago, Chile",2026-12-17,ORD-CL-202612-002291,248849,2026-12-20,Peñalolén
13.900.757-1,Cliente 13900757,"Avenida Vicuña Mackenna 7556, Santiago, Chile",2026-12-17,ORD-CL-202612-002292,50524,2026-12-21,Recoleta
8.339.978-1,Cliente 8339978,"Avenida Macul 791, Santiago, Chile",2026-12-17,ORD-CL-202612-002293,275882,2026-12-19,Santiago
12.379.080-7,Cliente Nuevo 12379080,"Calle San Diego 785, Santiago, Chile",2026-12-17,ORD-CL-202612-002294,152768,2026-12-19,Santiago
21.015.076-2,Cliente 21015076,"Avenida Departamental 1600, Santiago, Chile",2026-12-17,ORD-CL-202612-002295,116922,2026-12-19,Las Condes
13.064.676-1,Cliente 13064676,"Calle Monjitas 4616, Santiago, Chile",2026-12-17,ORD-CL-202612-002296,130521,2026-12-19,Vitacura
20.741.726-2,Cliente Nuevo 20741726,"Calle Catedral 9181, Santiago, Chile",2026-12-17,ORD-CL-202612-002297,249327,2026-12-19,Puente Alto
8.386.917-5,Cliente 8386917,"Avenida Macul 2467, Santiago, Chile",2026-12-17,ORD-CL-202612-002298,151402,2026-12-20,Vitacura
16.263.178-2,Cliente Nuevo 16263178,"Calle Amunátegui 7235, Santiago, Chile",2026-12-17,ORD-CL-202612-002299,106021,2026-12-19,Quinta Normal
8.897.852-9,Cliente Nuevo 8897852,"Avenida Pajaritos 8228, Santiago, Chile",2026-12-17,ORD-CL-202612-002300,124196,2026-12-20,Las Condes
6.534.246-7,Cliente Nuevo 6534246,"Avenida Independencia 8549, Santiago, Chile",2026-12-17,ORD-CL-202612-002301,73954,2026-12-22,Quinta Normal
14.091.933-4,Cliente 14091933,"Calle Huérfanos 6842, Santiago, Chile",2026-12-17,ORD-CL-202612-002302,103567,2026-12-20,Santiago
12.031.140-9,Cliente Nuevo 12031140,"Calle Teatinos 4148, Santiago, Chile",2026-12-17,ORD-CL-202612-002303,175093,2026-12-19,Quinta Normal
18.879.635-6,Cliente 18879635,"Avenida Independencia 8901, Santiago, Chile",2026-12-17,ORD-CL-202612-002304,295281,2026-12-21,Santiago
5.763.911-7,Cliente 5763911,"Calle Arturo Prat 5396, Santiago, Chile",2026-12-17,ORD-CL-202612-002305,206545,2026-12-19,Vitacura
11.024.541-6,Cliente Nuevo 11024541,"Avenida Irarrázaval 3003, Santiago, Chile",2026-12-17,ORD-CL-202612-002306,311047,2026-12-21,Recoleta
8.729.039-9,Cliente 8729039,"Avenida Las Condes 4566, Santiago, Chile",2026-12-17,ORD-CL-202612-002307,98109,2026-12-19,Santiago
9.007.503-6,Cliente 9007503,"Calle Morandé 508, Santiago, Chile",2026-12-17,ORD-CL-202612-002308,265668,2026-12-19,Peñalolén
13.767.793-9,Cliente Nuevo 13767793,"Calle Amunátegui 9147, Santiago, Chile",2026-12-17,ORD-CL-202612-002309,180560,2026-12-19,Quinta Normal
10.828.843-9,Cliente 10828843,"Avenida Vitacura 2710, Santiago, Chile",2026-12-17,ORD-CL-202612-002310,269673,2026-12-19,La Reina
12.334.420-8,Cliente Nuevo 12334420,"Calle Teatinos 7022, Santiago, Chile",2026-12-17,ORD-CL-202612-002311,258647,2026-12-19,Providencia
22.706.642-3,Cliente 22706642,"Gran Avenida José Miguel Carrera 9888, Santiago, Chile",2026-12-17,ORD-CL-202612-002312,163659,2026-12-20,Santiago
20.453.110-8,Cliente 20453110,"Avenida Américo Vespucio 4961, Santiago, Chile",2026-12-17,ORD-CL-202612-002313,217210,2026-12-19,La Florida
12.115.833-9,Cliente Nuevo 12115833,"Calle San Antonio 1641, Santiago, Chile",2026-12-17,ORD-CL-202612-002314,312068,2026-12-19,San Miguel
20.917.666-0,Cliente Nuevo 20917666,"Calle Teatinos 9903, Santiago, Chile",2026-12-17,ORD-CL-202612-002315,279791,2026-12-20,Estación Central
11.547.340-3,Cliente 11547340,"Avenida La Florida 9375, Santiago, Chile",2026-12-17,ORD-CL-202612-002316,250257,2026-12-21,La Reina
18.454.880-2,Cliente 18454880,"Calle Huérfanos 4859, Santiago, Chile",2026-12-17,ORD-CL-202612-002317,211978,2026-12-20,Peñalolén
15.727.043-8,Cliente Nuevo 15727043,"Calle San Antonio 7767, Santiago, Chile",2026-12-17,ORD-CL-202612-002318,110154,2026-12-20,Santiago
6.927.295-4,Cliente 6927295,"Calle Compañía De Jesús 2373, Santiago, Chile",2026-12-17,ORD-CL-202612-002319,227219,2026-12-19,Santiago
12.348.199-2,Cliente 12348199,"Calle San Diego 2825, Santiago, Chile",2026-12-17,ORD-CL-202612-002320,98772,2026-12-20,Quinta Normal
20.615.743-4,Cliente 20615743,"Avenida Las Condes 9951, Santiago, Chile",2026-12-17,ORD-CL-202612-002321,165704,2026-12-21,Vitacura
15.905.203-0,Cliente 15905203,"Calle Arturo Prat 8089, Santiago, Chile",2026-12-17,ORD-CL-202612-002322,145014,2026-12-21,Las Condes
21.015.076-2,Cliente 21015076,"Avenida Departamental 1600, Santiago, Chile",2026-12-17,ORD-CL-202612-002323,203483,2026-12-18,Las Condes
19.464.509-3,Cliente 19464509,"Avenida Libertador Bernardo O'Higgins 2778, Santiago, Chile",2026-12-17,ORD-CL-202612-002324,167373,2026-12-20,Recoleta
19.375.697-3,Cliente Nuevo 19375697,"Avenida Recoleta 9915, Santiago, Chile",2026-12-17,ORD-CL-202612-002325,90979,2026-12-21,Estación Central
14.930.863-5,Cliente Nuevo 14930863,"Avenida La Florida 6009, Santiago, Chile",2026-12-17,ORD-CL-202612-002326,293225,2026-12-19,Quinta Normal
22.432.854-8,Cliente 22432854,"Avenida Providencia 2654, Santiago, Chile",2026-12-17,ORD-CL-202612-002327,101920,2026-12-19,Santiago
18.545.552-1,Cliente 18545552,"Avenida La Florida 6651, Santiago, Chile",2026-12-17,ORD-CL-202612-002328,120816,2026-12-20,Santiago
17.498.840-4,Cliente Nuevo 17498840,"Avenida Las Condes 2563, Santiago, Chile",2026-12-18,ORD-CL-202612-002329,270884,2026-12-22,Providencia
20.620.285-0,Cliente 20620285,"Avenida Libertador Bernardo O'Higgins 3848, Santiago, Chile",2026-12-18,ORD-CL-202612-002330,158345,2026-12-19,Las Condes
19.958.614-1,Cliente 19958614,"Avenida La Florida 7523, Santiago, Chile",2026-12-18,ORD-CL-202612-002331,84462,2026-12-20,Lo Prado
11.853.665-3,Cliente Nuevo 11853665,"Calle Catedral 6542, Santiago, Chile",2026-12-18,ORD-CL-202612-002332,69039,2026-12-20,Peñalolén
11.566.587-1,Cliente Nuevo 11566587,"Avenida Manuel Montt 9695, Santiago, Chile",2026-12-18,ORD-CL-202612-002333,140024,2026-12-22,La Reina
17.524.226-2,Cliente 17524226,"Avenida Irarrázaval 3280, Santiago, Chile",2026-12-18,ORD-CL-202612-002334,72325,2026-12-20,Estación Central
11.302.609-1,Cliente Nuevo 11302609,"Avenida Departamental 889, Santiago, Chile",2026-12-18,ORD-CL-202612-002335,165324,2026-12-20,Vitacura
14.206.573-5,Cliente Nuevo 14206573,"Avenida Recoleta 2761, Santiago, Chile",2026-12-18,ORD-CL-202612-002336,73623,2026-12-22,Santiago
20.499.262-0,Cliente 20499262,"Calle Amunátegui 7084, Santiago, Chile",2026-12-18,ORD-CL-202612-002337,72702,2026-12-21,Estación Central
17.917.635-0,Cliente 17917635,"Avenida Apoquindo 6480, Santiago, Chile",2026-12-18,ORD-CL-202612-002338,158100,2026-12-21,Recoleta
16.775.133-3,Cliente Nuevo 16775133,"Avenida Pajaritos 4612, Santiago, Chile",2026-12-18,ORD-CL-202612-002339,138433,2026-12-19,Providencia
16.205.995-6,Cliente 16205995,"Avenida Providencia 4727, Santiago, Chile",2026-12-18,ORD-CL-202612-002340,189219,2026-12-20,La Florida
11.867.941-0,Cliente Nuevo 11867941,"Avenida Matta 6279, Santiago, Chile",2026-12-18,ORD-CL-202612-002341,202339,2026-12-19,Independencia
16.582.233-7,Cliente Nuevo 16582233,"Calle Arturo Prat 9887, Santiago, Chile",2026-12-18,ORD-CL-202612-002342,66473,2026-12-20,Santiago
5.878.888-2,Cliente Nuevo 5878888,"Avenida Independencia 6848, Santiago, Chile",2026-12-18,ORD-CL-202612-002343,86993,2026-12-22,La Reina
14.089.104-8,Cliente Nuevo 14089104,"Avenida La Florida 9439, Santiago, Chile",2026-12-18,ORD-CL-202612-002344,162571,2026-12-20,Santiago
21.566.255-6,Cliente 21566255,"Avenida Recoleta 7733, Santiago, Chile",2026-12-18,ORD-CL-202612-002345,185831,2026-12-21,Santiago
12.122.288-8,Cliente Nuevo 12122288,"Avenida Las Condes 2361, Santiago, Chile",2026-12-18,ORD-CL-202612-002346,34001,2026-12-20,La Florida
8.049.206-2,Cliente 8049206,"Avenida Manuel Montt 6711, Santiago, Chile",2026-12-18,ORD-CL-202612-002347,119379,2026-12-20,Lo Prado
12.021.434-2,Cliente 12021434,"Avenida Matta 5146, Santiago, Chile",2026-12-18,ORD-CL-202612-002348,246829,2026-12-20,Santiago
11.050.385-7,Cliente Nuevo 11050385,"Avenida Departamental 3490, Santiago, Chile",2026-12-18,ORD-CL-202612-002349,144069,2026-12-21,Las Condes
12.168.044-7,Cliente Nuevo 12168044,"Calle Bandera 7508, Santiago, Chile",2026-12-18,ORD-CL-202612-002350,87518,2026-12-20,Las Condes
18.535.055-4,Cliente 18535055,"Avenida Providencia 8811, Santiago, Chile",2026-12-18,ORD-CL-202612-002351,127339,2026-12-21,Santiago
5.306.445-1,Cliente Nuevo 5306445,"Avenida Tobalaba 4027, Santiago, Chile",2026-12-18,ORD-CL-202612-002352,216252,2026-12-20,Recoleta
8.578.575-8,Cliente 8578575,"Avenida Vitacura 1465, Santiago, Chile",2026-12-18,ORD-CL-202612-002353,108970,2026-12-19,Las Condes
13.265.779-7,Cliente 13265779,"Avenida La Florida 6706, Santiago, Chile",2026-12-18,ORD-CL-202612-002354,283301,2026-12-22,Santiago
14.552.741-6,Cliente 14552741,"Avenida Recoleta 3714, Santiago, Chile",2026-12-18,ORD-CL-202612-002355,131064,2026-12-20,Puente Alto
10.835.086-8,Cliente 10835086,"Calle Monjitas 4534, Santiago, Chile",2026-12-18,ORD-CL-202612-002356,201919,2026-12-21,Las Condes
14.299.456-2,Cliente Nuevo 14299456,"Calle San Antonio 8089, Santiago, Chile",2026-12-18,ORD-CL-202612-002357,253981,2026-12-20,La Reina
9.763.970-0,Cliente 9763970,"Calle Bandera 9916, Santiago, Chile",2026-12-18,ORD-CL-202612-002358,204391,2026-12-20,Peñalolén
12.961.260-2,Cliente Nuevo 12961260,"Calle Amunátegui 8408, Santiago, Chile",2026-12-18,ORD-CL-202612-002359,40841,2026-12-21,Santiago
20.611.804-1,Cliente 20611804,"Avenida Vitacura 1955, Santiago, Chile",2026-12-18,ORD-CL-202612-002360,125565,2026-12-22,Lo Prado
16.220.368-8,Cliente Nuevo 16220368,"Avenida Recoleta 3634, Santiago, Chile",2026-12-18,ORD-CL-202612-002361,112104,2026-12-21,Santiago
12.590.437-9,Cliente Nuevo 12590437,"Calle Santo Domingo 3029, Santiago, Chile",2026-12-18,ORD-CL-202612-002362,238022,2026-12-23,Recoleta
16.305.233-2,Cliente 16305233,"Avenida Vitacura 9873, Santiago, Chile",2026-12-18,ORD-CL-202612-002363,171975,2026-12-21,Santiago
19.116.035-0,Cliente 19116035,"Calle Amunátegui 6560, Santiago, Chile",2026-12-18,ORD-CL-202612-002364,221778,2026-12-21,Vitacura
11.894.493-4,Cliente Nuevo 11894493,"Avenida Independencia 952, Santiago, Chile",2026-12-18,ORD-CL-202612-002365,93378,2026-12-21,Peñalolén
7.139.480-8,Cliente 7139480,"Calle Amunátegui 1144, Santiago, Chile",2026-12-18,ORD-CL-202612-002366,150635,2026-12-21,Lo Prado
6.724.823-8,Cliente Nuevo 6724823,"Calle Arturo Prat 1009, Santiago, Chile",2026-12-18,ORD-CL-202612-002367,72578,2026-12-21,Recoleta
14.155.365-5,Cliente 14155365,"Avenida Recoleta 5538, Santiago, Chile",2026-12-18,ORD-CL-202612-002368,68764,2026-12-22,Las Condes
10.452.123-2,Cliente Nuevo 10452123,"Avenida Macul 1985, Santiago, Chile",2026-12-18,ORD-CL-202612-002369,98607,2026-12-20,Lo Prado
6.732.448-5,Cliente 6732448,"Avenida Américo Vespucio 8714, Santiago, Chile",2026-12-18,ORD-CL-202612-002370,99709,2026-12-20,Providencia
17.625.173-4,Cliente Nuevo 17625173,"Calle Catedral 9893, Santiago, Chile",2026-12-18,ORD-CL-202612-002371,128994,2026-12-21,Lo Prado
11.291.344-8,Cliente Nuevo 11291344,"Calle Monjitas 5749, Santiago, Chile",2026-12-18,ORD-CL-202612-002372,159061,2026-12-20,Santiago
15.010.840-6,Cliente 15010840,"Calle Amunátegui 5187, Santiago, Chile",2026-12-18,ORD-CL-202612-002373,108299,2026-12-20,Recoleta
17.580.302-1,Cliente Nuevo 17580302,"Avenida Grecia 7837, Santiago, Chile",2026-12-18,ORD-CL-202612-002374,88894,2026-12-21,Santiago
20.549.709-1,Cliente Nuevo 20549709,"Calle Teatinos 7372, Santiago, Chile",2026-12-18,ORD-CL-202612-002375,61544,2026-12-20,Lo Prado
7.554.754-9,Cliente Nuevo 7554754,"Calle Compañía De Jesús 7238, Santiago, Chile",2026-12-18,ORD-CL-202612-002376,110382,2026-12-21,Puente Alto
16.353.195-1,Cliente Nuevo 16353195,"Avenida Pajaritos 2107, Santiago, Chile",2026-12-18,ORD-CL-202612-002377,160162,2026-12-20,Providencia
21.566.857-2,Cliente Nuevo 21566857,"Calle Morandé 4015, Santiago, Chile",2026-12-18,ORD-CL-202612-002378,290963,2026-12-20,Las Condes
10.813.137-3,Cliente Nuevo 10813137,"Avenida Santa Rosa 6309, Santiago, Chile",2026-12-18,ORD-CL-202612-002379,90754,2026-12-20,Santiago
16.610.047-5,Cliente Nuevo 16610047,"Calle Morandé 6676, Santiago, Chile",2026-12-18,ORD-CL-202612-002380,54538,2026-12-20,Recoleta
8.729.039-9,Cliente 8729039,"Avenida Las Condes 4566, Santiago, Chile",2026-12-18,ORD-CL-202612-002381,154960,2026-12-21,Santiago
11.215.414-8,Cliente 11215414,"Avenida Providencia 5667, Santiago, Chile",2026-12-18,ORD-CL-202612-002382,93830,2026-12-20,Santiago
8.393.348-0,Cliente Nuevo 8393348,"Avenida Macul 7869, Santiago, Chile",2026-12-18,ORD-CL-202612-002383,229513,2026-12-19,Las Condes
9.543.617-7,Cliente 9543617,"Calle San Antonio 9038, Santiago, Chile",2026-12-18,ORD-CL-202612-002384,165629,2026-12-21,Las Condes
8.969.442-2,Cliente 8969442,"Calle Catedral 5736, Santiago, Chile",2026-12-18,ORD-CL-202612-002385,99299,2026-12-20,Puente Alto
19.808.241-8,Cliente Nuevo 19808241,"Avenida Pajaritos 391, Santiago, Chile",2026-12-18,ORD-CL-202612-002386,176924,2026-12-20,La Florida
18.429.770-6,Cliente 18429770,"Calle Huérfanos 8536, Santiago, Chile",2026-12-18,ORD-CL-202612-002387,132280,2026-12-20,Puente Alto
12.603.920-5,Cliente Nuevo 12603920,"Gran Avenida José Miguel Carrera 9436, Santiago, Chile",2026-12-18,ORD-CL-202612-002388,184447,2026-12-21,Providencia
8.311.488-1,Cliente 8311488,"Avenida Las Condes 1211, Santiago, Chile",2026-12-18,ORD-CL-202612-002389,145182,2026-12-23,La Florida
20.399.412-6,Cliente Nuevo 20399412,"Calle San Antonio 4351, Santiago, Chile",2026-12-18,ORD-CL-202612-002390,145462,2026-12-22,Independencia
18.894.789-6,Cliente Nuevo 18894789,"Calle San Antonio 7865, Santiago, Chile",2026-12-18,ORD-CL-202612-002391,199150,2026-12-20,Vitacura
18.633.518-9,Cliente 18633518,"Calle Arturo Prat 4979, Santiago, Chile",2026-12-19,ORD-CL-202612-002392,95020,2026-12-21,Santiago
6.765.812-7,Cliente 6765812,"Avenida Américo Vespucio 609, Santiago, Chile",2026-12-19,ORD-CL-202612-002393,161434,2026-12-21,Providencia
21.626.232-2,Cliente Nuevo 21626232,"Calle Compañía De Jesús 6548, Santiago, Chile",2026-12-19,ORD-CL-202612-002394,296670,2026-12-23,Santiago
12.725.879-1,Cliente Nuevo 12725879,"Avenida Mapocho 6728, Santiago, Chile",2026-12-19,ORD-CL-202612-002395,213979,2026-12-23,Lo Prado
22.683.270-6,Cliente Nuevo 22683270,"Calle San Antonio 1640, Santiago, Chile",2026-12-19,ORD-CL-202612-002396,162847,2026-12-23,San Miguel
12.424.919-0,Cliente Nuevo 12424919,"Avenida Grecia 7514, Santiago, Chile",2026-12-19,ORD-CL-202612-002397,72939,2026-12-20,La Reina
13.017.820-2,Cliente Nuevo 13017820,"Avenida Apoquindo 6239, Santiago, Chile",2026-12-19,ORD-CL-202612-002398,176212,2026-12-21,La Reina
21.891.611-3,Cliente 21891611,"Calle Morandé 1682, Santiago, Chile",2026-12-19,ORD-CL-202612-002399,195250,2026-12-21,Lo Prado
5.341.268-2,Cliente Nuevo 5341268,"Avenida Las Condes 5550, Santiago, Chile",2026-12-19,ORD-CL-202612-002400,66690,2026-12-21,Santiago
7.069.912-6,Cliente 7069912,"Avenida Kennedy 3779, Santiago, Chile",2026-12-19,ORD-CL-202612-002401,238337,2026-12-23,Independencia
21.043.135-1,Cliente Nuevo 21043135,"Avenida Américo Vespucio 7807, Santiago, Chile",2026-12-19,ORD-CL-202612-002402,93657,2026-12-22,Lo Prado
17.149.758-9,Cliente Nuevo 17149758,"Calle San Diego 3959, Santiago, Chile",2026-12-19,ORD-CL-202612-002403,132920,2026-12-22,Vitacura
20.307.103-7,Cliente Nuevo 20307103,"Calle San Antonio 1624, Santiago, Chile",2026-12-19,ORD-CL-202612-002404,242861,2026-12-21,Providencia
9.709.625-6,Cliente Nuevo 9709625,"Calle Arturo Prat 2589, Santiago, Chile",2026-12-19,ORD-CL-202612-002405,129364,2026-12-21,Peñalolén
22.538.782-2,Cliente Nuevo 22538782,"Avenida Departamental 5058, Santiago, Chile",2026-12-19,ORD-CL-202612-002406,176441,2026-12-21,Providencia
8.582.936-2,Cliente Nuevo 8582936,"Calle Catedral 9540, Santiago, Chile",2026-12-19,ORD-CL-202612-002407,182242,2026-12-23,La Reina
15.236.104-9,Cliente 15236104,"Calle Teatinos 975, Santiago, Chile",2026-12-19,ORD-CL-202612-002408,69522,2026-12-22,San Miguel
19.945.794-6,Cliente Nuevo 19945794,"Calle San Antonio 1641, Santiago, Chile",2026-12-19,ORD-CL-202612-002409,137405,2026-12-21,Peñalolén
8.496.671-7,Cliente 8496671,"Avenida Irarrázaval 3764, Santiago, Chile",2026-12-19,ORD-CL-202612-002410,220042,2026-12-21,La Florida
10.331.001-2,Cliente Nuevo 10331001,"Calle Teatinos 269, Santiago, Chile",2026-12-19,ORD-CL-202612-002411,259501,2026-12-21,Peñalolén
7.227.145-8,Cliente 7227145,"Calle Bandera 8475, Santiago, Chile",2026-12-19,ORD-CL-202612-002412,86987,2026-12-23,Lo Prado
22.399.566-0,Cliente 22399566,"Avenida Pajaritos 4944, Santiago, Chile",2026-12-19,ORD-CL-202612-002413,87961,2026-12-22,Quinta Normal
16.229.670-1,Cliente 16229670,"Avenida Pajaritos 9174, Santiago, Chile",2026-12-19,ORD-CL-202612-002414,242054,2026-12-22,La Florida
8.803.300-4,Cliente Nuevo 8803300,"Calle Compañía De Jesús 7400, Santiago, Chile",2026-12-19,ORD-CL-202612-002415,52858,2026-12-23,San Miguel
13.663.004-0,Cliente 13663004,"Avenida Vicuña Mackenna 9400, Santiago, Chile",2026-12-19,ORD-CL-202612-002416,97227,2026-12-20,Peñalolén
16.205.995-6,Cliente 16205995,"Avenida Providencia 4727, Santiago, Chile",2026-12-19,ORD-CL-202612-002417,200084,2026-12-21,La Florida
22.698.905-6,Cliente Nuevo 22698905,"Avenida Manuel Montt 9900, Santiago, Chile",2026-12-19,ORD-CL-202612-002418,104015,2026-12-23,San Miguel
19.237.467-1,Cliente 19237467,"Avenida Kennedy 7565, Santiago, Chile",2026-12-19,ORD-CL-202612-002419,148591,2026-12-21,Peñalolén
22.158.436-1,Cliente 22158436,"Avenida Apoquindo 7890, Santiago, Chile",2026-12-19,ORD-CL-202612-002420,62283,2026-12-21,Estación Central
10.961.372-8,Cliente 10961372,"Avenida Apoquindo 9417, Santiago, Chile",2026-12-19,ORD-CL-202612-002421,119781,2026-12-23,Vitacura
21.746.911-4,Cliente Nuevo 21746911,"Calle Merced 3498, Santiago, Chile",2026-12-19,ORD-CL-202612-002422,73356,2026-12-21,Providencia
12.088.641-7,Cliente Nuevo 12088641,"Avenida Vitacura 8761, Santiago, Chile",2026-12-19,ORD-CL-202612-002423,156113,2026-12-22,Vitacura
17.184.732-5,Cliente Nuevo 17184732,"Avenida Macul 2833, Santiago, Chile",2026-12-19,ORD-CL-202612-002424,199865,2026-12-21,Puente Alto
20.911.185-1,Cliente 20911185,"Avenida Recoleta 9615, Santiago, Chile",2026-12-19,ORD-CL-202612-002425,132568,2026-12-22,Vitacura
19.039.525-0,Cliente Nuevo 19039525,"Avenida Providencia 4139, Santiago, Chile",2026-12-19,ORD-CL-202612-002426,117119,2026-12-23,Las Condes
19.068.261-9,Cliente 19068261,"Calle Estado 4684, Santiago, Chile",2026-12-19,ORD-CL-202612-002427,186474,2026-12-21,Puente Alto
20.081.472-2,Cliente Nuevo 20081472,"Avenida Mapocho 4504, Santiago, Chile",2026-12-19,ORD-CL-202612-002428,118666,2026-12-23,La Reina
20.394.144-0,Cliente Nuevo 20394144,"Avenida Vitacura 657, Santiago, Chile",2026-12-19,ORD-CL-202612-002429,231840,2026-12-21,Puente Alto
21.635.241-5,Cliente 21635241,"Avenida Irarrázaval 1390, Santiago, Chile",2026-12-19,ORD-CL-202612-002430,75645,2026-12-21,Santiago
15.180.330-2,Cliente Nuevo 15180330,"Avenida Manuel Montt 8990, Santiago, Chile",2026-12-19,ORD-CL-202612-002431,172977,2026-12-23,Peñalolén
15.365.515-9,Cliente 15365515,"Calle Monjitas 7032, Santiago, Chile",2026-12-19,ORD-CL-202612-002432,197583,2026-12-22,Vitacura
18.290.345-3,Cliente Nuevo 18290345,"Calle Amunátegui 8098, Santiago, Chile",2026-12-19,ORD-CL-202612-002433,307327,2026-12-21,Santiago
7.396.900-6,Cliente Nuevo 7396900,"Avenida Manuel Montt 6504, Santiago, Chile",2026-12-19,ORD-CL-202612-002434,66893,2026-12-22,La Florida
19.039.525-0,Cliente Nuevo 19039525,"Avenida Providencia 4139, Santiago, Chile",2026-12-19,ORD-CL-202612-002435,71536,2026-12-21,Las Condes
7.453.887-1,Cliente Nuevo 7453887,"Avenida Macul 6581, Santiago, Chile",2026-12-19,ORD-CL-202612-002436,34204,2026-12-21,Providencia
5.395.655-0,Cliente 5395655,"Avenida Providencia 4623, Santiago, Chile",2026-12-19,ORD-CL-202612-002437,216786,2026-12-23,Puente Alto
18.290.624-1,Cliente Nuevo 18290624,"Avenida Santa Rosa 3936, Santiago, Chile",2026-12-19,ORD-CL-202612-002438,94481,2026-12-21,Providencia
9.764.075-9,Cliente 9764075,"Avenida Tobalaba 7751, Santiago, Chile",2026-12-19,ORD-CL-202612-002439,74744,2026-12-21,La Reina
8.897.012-2,Cliente Nuevo 8897012,"Avenida Mapocho 5746, Santiago, Chile",2026-12-19,ORD-CL-202612-002440,132500,2026-12-22,Vitacura
16.111.501-1,Cliente Nuevo 16111501,"Avenida Mapocho 2352, Santiago, Chile",2026-12-19,ORD-CL-202612-002441,118849,2026-12-21,Recoleta
6.435.456-8,Cliente 6435456,"Avenida Macul 6737, Santiago, Chile",2026-12-19,ORD-CL-202612-002442,280731,2026-12-21,Recoleta
8.288.925-9,Cliente 8288925,"Calle Amunátegui 8931, Santiago, Chile",2026-12-19,ORD-CL-202612-002443,111010,2026-12-21,Estación Central
22.327.426-5,Cliente Nuevo 22327426,"Avenida Pajaritos 9448, Santiago, Chile",2026-12-19,ORD-CL-202612-002444,87596,2026-12-23,Independencia
19.773.132-3,Cliente Nuevo 19773132,"Avenida Apoquindo 3229, Santiago, Chile",2026-12-19,ORD-CL-202612-002445,223895,2026-12-21,La Florida
19.592.642-3,Cliente 19592642,"Avenida Departamental 8859, Santiago, Chile",2026-12-19,ORD-CL-202612-002446,249493,2026-12-22,Santiago
20.908.311-4,Cliente Nuevo 20908311,"Calle Compañía De Jesús 1826, Santiago, Chile",2026-12-19,ORD-CL-202612-002447,245412,2026-12-21,Recoleta
22.949.052-6,Cliente 22949052,"Avenida Kennedy 9275, Santiago, Chile",2026-12-19,ORD-CL-202612-002448,169504,2026-12-22,Estación Central
7.883.601-6,Cliente Nuevo 7883601,"Calle Arturo Prat 92, Santiago, Chile",2026-12-19,ORD-CL-202612-002449,184038,2026-12-22,Independencia
18.508.916-4,Cliente 18508916,"Calle Morandé 700, Santiago, Chile",2026-12-19,ORD-CL-202612-002450,240789,2026-12-23,Estación Central
13.071.916-4,Cliente 13071916,"Calle Catedral 999, Santiago, Chile",2026-12-19,ORD-CL-202612-002451,215037,2026-12-21,Vitacura
7.453.887-1,Cliente Nuevo 7453887,"Avenida Macul 6581, Santiago, Chile",2026-12-19,ORD-CL-202612-002452,137952,2026-12-21,Providencia
17.221.306-3,Cliente Nuevo 17221306,"Avenida Libertador Bernardo O'Higgins 4401, Santiago, Chile",2026-12-19,ORD-CL-202612-002453,104524,2026-12-22,La Reina
11.666.079-1,Cliente Nuevo 11666079,"Calle Arturo Prat 5720, Santiago, Chile",2026-12-19,ORD-CL-202612-002454,130186,2026-12-23,Lo Prado
6.503.405-6,Cliente Nuevo 6503405,"Avenida Mapocho 7833, Santiago, Chile",2026-12-19,ORD-CL-202612-002455,175491,2026-12-22,Vitacura
10.813.137-3,Cliente Nuevo 10813137,"Avenida Santa Rosa 6309, Santiago, Chile",2026-12-19,ORD-CL-202612-002456,142641,2026-12-22,Santiago
14.544.300-5,Cliente Nuevo 14544300,"Calle Morandé 5902, Santiago, Chile",2026-12-19,ORD-CL-202612-002457,229189,2026-12-21,Quinta Normal
13.006.020-8,Cliente 13006020,"Calle Huérfanos 6157, Santiago, Chile",2026-12-19,ORD-CL-202612-002458,177786,2026-12-21,Las Condes
5.903.103-7,Cliente Nuevo 5903103,"Avenida Manuel Montt 7191, Santiago, Chile",2026-12-19,ORD-CL-202612-002459,183771,2026-12-23,Santiago
21.269.458-3,Cliente 21269458,"Calle Amunátegui 1984, Santiago, Chile",2026-12-19,ORD-CL-202612-002460,181625,2026-12-21,Peñalolén
7.387.245-8,Cliente Nuevo 7387245,"Calle Estado 9063, Santiago, Chile",2026-12-19,ORD-CL-202612-002461,216011,2026-12-22,La Florida
19.186.596-9,Cliente 19186596,"Avenida Vitacura 4797, Santiago, Chile",2026-12-19,ORD-CL-202612-002462,229717,2026-12-21,Vitacura
6.495.658-2,Cliente 6495658,"Avenida Tobalaba 9986, Santiago, Chile",2026-12-19,ORD-CL-202612-002463,184270,2026-12-22,Las Condes
6.403.372-6,Cliente Nuevo 6403372,"Calle San Antonio 9791, Santiago, Chile",2026-12-19,ORD-CL-202612-002464,116486,2026-12-23,Quinta Normal
20.298.589-1,Cliente Nuevo 20298589,"Avenida Vicuña Mackenna 5834, Santiago, Chile",2026-12-19,ORD-CL-202612-002465,43031,2026-12-23,Estación Central
22.547.461-3,Cliente 22547461,"Avenida Irarrázaval 5222, Santiago, Chile",2026-12-19,ORD-CL-202612-002466,130221,2026-12-22,Vitacura
15.998.202-2,Cliente Nuevo 15998202,"Calle Monjitas 6010, Santiago, Chile",2026-12-19,ORD-CL-202612-002467,250058,2026-12-21,Puente Alto
21.628.171-6,Cliente 21628171,"Calle Estado 5679, Santiago, Chile",2026-12-19,ORD-CL-202612-002468,312081,2026-12-20,Las Condes
22.332.126-5,Cliente 22332126,"Avenida Apoquindo 1400, Santiago, Chile",2026-12-19,ORD-CL-202612-002469,256388,2026-12-21,Providencia
9.554.867-4,Cliente 9554867,"Avenida Tobalaba 5752, Santiago, Chile",2026-12-19,ORD-CL-202612-002470,115144,2026-12-22,Santiago
5.879.412-3,Cliente Nuevo 5879412,"Calle Estado 300, Santiago, Chile",2026-12-19,ORD-CL-202612-002471,159468,2026-12-22,Santiago
21.853.990-0,Cliente 21853990,"Gran Avenida José Miguel Carrera 3229, Santiago, Chile",2026-12-19,ORD-CL-202612-002472,207572,2026-12-22,Las Condes
9.070.055-1,Cliente 9070055,"Avenida Vicuña Mackenna 3035, Santiago, Chile",2026-12-19,ORD-CL-202612-002473,166076,2026-12-22,Lo Prado
9.301.089-0,Cliente Nuevo 9301089,"Avenida Recoleta 4217, Santiago, Chile",2026-12-19,ORD-CL-202612-002474,232677,2026-12-21,La Reina
15.512.435-0,Cliente 15512435,"Calle Merced 5050, Santiago, Chile",2026-12-19,ORD-CL-202612-002475,40020,2026-12-22,Puente Alto
5.889.029-3,Cliente 5889029,"Calle Santo Domingo 8242, Santiago, Chile",2026-12-19,ORD-CL-202612-002476,258887,2026-12-22,La Reina
5.387.240-5,Cliente 5387240,"Calle Amunátegui 6655, Santiago, Chile",2026-12-19,ORD-CL-202612-002477,82985,2026-12-23,Santiago
15.251.296-7,Cliente 15251296,"Avenida Providencia 4309, Santiago, Chile",2026-12-19,ORD-CL-202612-002478,148599,2026-12-21,Santiago
22.661.602-5,Cliente Nuevo 22661602,"Avenida Departamental 4341, Santiago, Chile",2026-12-19,ORD-CL-202612-002479,278404,2026-12-21,San Miguel
21.628.171-6,Cliente 21628171,"Calle Estado 5679, Santiago, Chile",2026-12-19,ORD-CL-202612-002480,98631,2026-12-21,Las Condes
14.907.881-1,Cliente Nuevo 14907881,"Calle San Diego 5190, Santiago, Chile",2026-12-19,ORD-CL-202612-002481,146027,2026-12-22,Peñalolén
7.836.410-2,Cliente 7836410,"Avenida Irarrázaval 3179, Santiago, Chile",2026-12-19,ORD-CL-202612-002482,253999,2026-12-22,Estación Central
20.043.687-1,Cliente 20043687,"Avenida Santa Rosa 2768, Santiago, Chile",2026-12-19,ORD-CL-202612-002483,160349,2026-12-21,Santiago
14.533.846-0,Cliente 14533846,"Calle Compañía De Jesús 7738, Santiago, Chile",2026-12-19,ORD-CL-202612-002484,114589,2026-12-22,Peñalolén
14.745.864-9,Cliente 14745864,"Avenida Vicuña Mackenna 2820, Santiago, Chile",2026-12-19,ORD-CL-202612-002485,171383,2026-12-21,Estación Central
8.272.479-9,Cliente Nuevo 8272479,"Avenida La Florida 4465, Santiago, Chile",2026-12-19,ORD-CL-202612-002486,71505,2026-12-21,Las Condes
8.005.663-1,Cliente Nuevo 8005663,"Avenida Pajaritos 7032, Santiago, Chile",2026-12-19,ORD-CL-202612-002487,170751,2026-12-21,La Reina
21.475.685-2,Cliente 21475685,"Avenida Providencia 3090, Santiago, Chile",2026-12-19,ORD-CL-202612-002488,113259,2026-12-21,Santiago
21.446.876-0,Cliente 21446876,"Avenida La Florida 3809, Santiago, Chile",2026-12-19,ORD-CL-202612-002489,127645,2026-12-21,Las Condes
14.283.601-1,Cliente Nuevo 14283601,"Avenida Vicuña Mackenna 1789, Santiago, Chile",2026-12-19,ORD-CL-202612-002490,68219,2026-12-21,Santiago
15.460.916-7,Cliente 15460916,"Calle Bandera 7800, Santiago, Chile",2026-12-19,ORD-CL-202612-002491,140457,2026-12-23,Puente Alto
7.280.291-2,Cliente 7280291,"Avenida Mapocho 3282, Santiago, Chile",2026-12-19,ORD-CL-202612-002492,201951,2026-12-21,Vitacura
16.589.779-7,Cliente Nuevo 16589779,"Avenida Apoquindo 1918, Santiago, Chile",2026-12-19,ORD-CL-202612-002493,126297,2026-12-21,Independencia
17.683.890-0,Cliente 17683890,"Calle Arturo Prat 2198, Santiago, Chile",2026-12-19,ORD-CL-202612-002494,121369,2026-12-21,Santiago
14.907.881-1,Cliente Nuevo 14907881,"Calle San Diego 5190, Santiago, Chile",2026-12-19,ORD-CL-202612-002495,86214,2026-12-22,Peñalolén
7.753.558-0,Cliente 7753558,"Avenida Matta 6085, Santiago, Chile",2026-12-19,ORD-CL-202612-002496,295802,2026-12-23,Santiago
11.451.401-3,Cliente Nuevo 11451401,"Avenida Pedro De Valdivia 4352, Santiago, Chile",2026-12-19,ORD-CL-202612-002497,92762,2026-12-21,Santiago
10.572.548-1,Cliente Nuevo 10572548,"Avenida Pajaritos 5937, Santiago, Chile",2026-12-19,ORD-CL-202612-002498,136081,2026-12-21,Quinta Normal
15.861.894-2,Cliente 15861894,"Avenida Vitacura 4145, Santiago, Chile",2026-12-19,ORD-CL-202612-002499,180770,2026-12-22,Puente Alto
5.770.009-3,Cliente Nuevo 5770009,"Gran Avenida José Miguel Carrera 152, Santiago, Chile",2026-12-19,ORD-CL-202612-002500,139817,2026-12-21,Lo Prado
18.791.494-6,Cliente 18791494,"Avenida Irarrázaval 7154, Santiago, Chile",2026-12-19,ORD-CL-202612-002501,136046,2026-12-23,La Reina
13.417.536-5,Cliente Nuevo 13417536,"Avenida Pajaritos 2819, Santiago, Chile",2026-12-19,ORD-CL-202612-002502,114212,2026-12-21,Santiago
10.793.214-1,Cliente 10793214,"Calle Huérfanos 7037, Santiago, Chile",2026-12-19,ORD-CL-202612-002503,127985,2026-12-21,Santiago
21.219.636-4,Cliente 21219636,"Avenida Pajaritos 3626, Santiago, Chile",2026-12-19,ORD-CL-202612-002504,223731,2026-12-21,Estación Central
8.206.007-5,Cliente 8206007,"Calle San Diego 9620, Santiago, Chile",2026-12-19,ORD-CL-202612-002505,220845,2026-12-21,Peñalolén
14.417.563-0,Cliente 14417563,"Gran Avenida José Miguel Carrera 2906, Santiago, Chile",2026-12-19,ORD-CL-202612-002506,226748,2026-12-22,Santiago
5.149.195-4,Cliente 5149195,"Avenida Santa Rosa 5626, Santiago, Chile",2026-12-19,ORD-CL-202612-002507,152257,2026-12-21,San Miguel
13.168.967-9,Cliente Nuevo 13168967,"Avenida Recoleta 6597, Santiago, Chile",2026-12-19,ORD-CL-202612-002508,217950,2026-12-23,La Reina
12.021.434-2,Cliente 12021434,"Avenida Matta 5146, Santiago, Chile",2026-12-19,ORD-CL-202612-002509,243818,2026-12-23,Santiago
21.662.568-4,Cliente 21662568,"Avenida Mapocho 5583, Santiago, Chile",2026-12-19,ORD-CL-202612-002510,73340,2026-12-21,Santiago
22.149.970-6,Cliente Nuevo 22149970,"Calle Compañía De Jesús 7303, Santiago, Chile",2026-12-19,ORD-CL-202612-002511,79507,2026-12-23,Independencia
21.338.685-2,Cliente 21338685,"Avenida Irarrázaval 9906, Santiago, Chile",2026-12-19,ORD-CL-202612-002512,152566,2026-12-22,Estación Central
11.226.105-9,Cliente Nuevo 11226105,"Calle Arturo Prat 7269, Santiago, Chile",2026-12-19,ORD-CL-202612-002513,191679,2026-12-22,Independencia
22.917.529-5,Cliente Nuevo 22917529,"Avenida Pedro De Valdivia 5776, Santiago, Chile",2026-12-19,ORD-CL-202612-002514,93935,2026-12-21,La Florida
18.497.593-7,Cliente Nuevo 18497593,"Avenida Pajaritos 2909, Santiago, Chile",2026-12-19,ORD-CL-202612-002515,59990,2026-12-21,Santiago
10.070.774-1,Cliente Nuevo 10070774,"Avenida Independencia 822, Santiago, Chile",2026-12-19,ORD-CL-202612-002516,169270,2026-12-23,Estación Central
11.824.078-2,Cliente 11824078,"Avenida Matta 9009, Santiago, Chile",2026-12-19,ORD-CL-202612-002517,151612,2026-12-22,Vitacura
9.227.638-2,Cliente Nuevo 9227638,"Calle Morandé 6785, Santiago, Chile",2026-12-19,ORD-CL-202612-002518,111878,2026-12-21,Quinta Normal
10.648.727-7,Cliente 10648727,"Avenida Santa Rosa 9134, Santiago, Chile",2026-12-19,ORD-CL-202612-002519,164603,2026-12-21,Recoleta
8.815.449-0,Cliente 8815449,"Avenida Irarrázaval 3007, Santiago, Chile",2026-12-19,ORD-CL-202612-002520,149799,2026-12-21,La Florida
22.759.622-2,Cliente 22759622,"Avenida Matta 5603, Santiago, Chile",2026-12-19,ORD-CL-202612-002521,167901,2026-12-21,La Reina
8.049.206-2,Cliente 8049206,"Avenida Manuel Montt 6711, Santiago, Chile",2026-12-19,ORD-CL-202612-002522,206456,2026-12-21,Lo Prado
22.290.680-4,Cliente Nuevo 22290680,"Calle Estado 6774, Santiago, Chile",2026-12-19,ORD-CL-202612-002523,231424,2026-12-21,Santiago
5.878.888-2,Cliente Nuevo 5878888,"Avenida Independencia 6848, Santiago, Chile",2026-12-19,ORD-CL-202612-002524,216448,2026-12-21,La Reina
18.468.439-0,Cliente Nuevo 18468439,"Avenida Apoquindo 3481, Santiago, Chile",2026-12-19,ORD-CL-202612-002525,124129,2026-12-23,Santiago
20.325.827-9,Cliente 20325827,"Avenida Santa Rosa 7174, Santiago, Chile",2026-12-19,ORD-CL-202612-002526,253364,2026-12-22,Providencia
9.165.449-2,Cliente Nuevo 9165449,"Calle Monjitas 5755, Santiago, Chile",2026-12-19,ORD-CL-202612-002527,164211,2026-12-22,Santiago
11.547.340-3,Cliente 11547340,"Avenida La Florida 9375, Santiago, Chile",2026-12-19,ORD-CL-202612-002528,95920,2026-12-22,La Reina
22.972.209-3,Cliente 22972209,"Avenida Vitacura 8663, Santiago, Chile",2026-12-19,ORD-CL-202612-002529,159050,2026-12-23,La Reina
13.522.601-8,Cliente 13522601,"Calle Huérfanos 9159, Santiago, Chile",2026-12-19,ORD-CL-202612-002530,177663,2026-12-20,Providencia
14.352.652-9,Cliente Nuevo 14352652,"Avenida Manuel Montt 4866, Santiago, Chile",2026-12-19,ORD-CL-202612-002531,158551,2026-12-23,Santiago
12.153.457-7,Cliente 12153457,"Avenida Kennedy 9416, Santiago, Chile",2026-12-19,ORD-CL-202612-002532,133228,2026-12-21,Las Condes
22.602.617-4,Cliente 22602617,"Avenida Pedro De Valdivia 3595, Santiago, Chile",2026-12-19,ORD-CL-202612-002533,136926,2026-12-21,Peñalolén
20.754.517-6,Cliente Nuevo 20754517,"Calle Compañía De Jesús 2778, Santiago, Chile",2026-12-19,ORD-CL-202612-002534,155439,2026-12-21,La Reina
11.378.733-4,Cliente Nuevo 11378733,"Avenida Libertador Bernardo O'Higgins 7072, Santiago, Chile",2026-12-19,ORD-CL-202612-002535,144277,2026-12-22,La Reina
22.837.047-9,Cliente Nuevo 22837047,"Avenida Tobalaba 4569, Santiago, Chile",2026-12-19,ORD-CL-202612-002536,215464,2026-12-22,Recoleta
20.940.087-2,Cliente Nuevo 20940087,"Avenida Pajaritos 5193, Santiago, Chile",2026-12-19,ORD-CL-202612-002537,47861,2026-12-23,Santiago
11.758.091-5,Cliente Nuevo 11758091,"Avenida Tobalaba 8391, Santiago, Chile",2026-12-19,ORD-CL-202612-002538,112883,2026-12-21,La Florida
11.550.995-6,Cliente 11550995,"Avenida Santa Rosa 838, Santiago, Chile",2026-12-19,ORD-CL-202612-002539,130576,2026-12-21,Independencia
22.537.714-9,Cliente 22537714,"Calle Amunátegui 8339, Santiago, Chile",2026-12-19,ORD-CL-202612-002540,70957,2026-12-23,Puente Alto
17.271.579-6,Cliente 17271579,"Calle Amunátegui 3570, Santiago, Chile",2026-12-19,ORD-CL-202612-002541,203204,2026-12-21,Lo Prado
17.263.988-0,Cliente Nuevo 17263988,"Calle Compañía De Jesús 4880, Santiago, Chile",2026-12-19,ORD-CL-202612-002542,187833,2026-12-21,Recoleta
21.430.599-5,Cliente 21430599,"Calle Teatinos 813, Santiago, Chile",2026-12-19,ORD-CL-202612-002543,141631,2026-12-23,La Florida
5.518.697-7,Cliente Nuevo 5518697,"Avenida Vitacura 9543, Santiago, Chile",2026-12-19,ORD-CL-202612-002544,144009,2026-12-21,Peñalolén
20.952.007-0,Cliente Nuevo 20952007,"Avenida Macul 7997, Santiago, Chile",2026-12-19,ORD-CL-202612-002545,175705,2026-12-23,Independencia
12.193.567-5,Cliente 12193567,"Avenida Independencia 9295, Santiago, Chile",2026-12-19,ORD-CL-202612-002546,151251,2026-12-23,Lo Prado
14.763.688-3,Cliente Nuevo 14763688,"Gran Avenida José Miguel Carrera 5636, Santiago, Chile",2026-12-19,ORD-CL-202612-002547,213293,2026-12-21,La Reina
16.111.501-1,Cliente Nuevo 16111501,"Avenida Mapocho 2352, Santiago, Chile",2026-12-19,ORD-CL-202612-002548,76442,2026-12-22,Recoleta
10.796.031-2,Cliente 10796031,"Avenida Pajaritos 9591, Santiago, Chile",2026-12-19,ORD-CL-202612-002549,209423,2026-12-21,Santiago
16.394.992-7,Cliente Nuevo 16394992,"Avenida Américo Vespucio 9118, Santiago, Chile",2026-12-19,ORD-CL-202612-002550,158843,2026-12-22,Santiago
21.259.045-6,Cliente 21259045,"Avenida Pajaritos 7853, Santiago, Chile",2026-12-19,ORD-CL-202612-002551,198037,2026-12-22,Peñalolén
14.328.942-1,Cliente Nuevo 14328942,"Avenida Independencia 2430, Santiago, Chile",2026-12-19,ORD-CL-202612-002552,114794,2026-12-21,La Reina
11.258.120-3,Cliente Nuevo 11258120,"Avenida Tobalaba 3105, Santiago, Chile",2026-12-19,ORD-CL-202612-002553,158012,2026-12-21,San Miguel
9.556.000-8,Cliente Nuevo 9556000,"Avenida Grecia 8481, Santiago, Chile",2026-12-19,ORD-CL-202612-002554,89349,2026-12-22,Estación Central
20.827.561-3,Cliente 20827561,"Avenida Macul 2508, Santiago, Chile",2026-12-19,ORD-CL-202612-002555,103599,2026-12-20,La Reina
5.824.263-2,Cliente 5824263,"Calle Compañía De Jesús 9462, Santiago, Chile",2026-12-19,ORD-CL-202612-002556,247630,2026-12-21,Lo Prado
19.479.592-8,Cliente Nuevo 19479592,"Calle Morandé 1311, Santiago, Chile",2026-12-19,ORD-CL-202612-002557,176024,2026-12-23,Puente Alto
8.409.181-1,Cliente Nuevo 8409181,"Avenida Irarrázaval 5147, Santiago, Chile",2026-12-19,ORD-CL-202612-002558,75019,2026-12-22,Quinta Normal
20.081.472-2,Cliente Nuevo 20081472,"Avenida Mapocho 4504, Santiago, Chile",2026-12-19,ORD-CL-202612-002559,63016,2026-12-20,La Reina
6.473.155-6,Cliente 6473155,"Avenida Matta 306, Santiago, Chile",2026-12-19,ORD-CL-202612-002560,126438,2026-12-21,Lo Prado
15.020.480-2,Cliente 15020480,"Avenida Santa Rosa 5687, Santiago, Chile",2026-12-19,ORD-CL-202612-002561,146739,2026-12-21,Independencia
15.880.306-9,Cliente 15880306,"Avenida Vicuña Mackenna 6625, Santiago, Chile",2026-12-19,ORD-CL-202612-002562,254203,2026-12-23,Estación Central
8.903.235-0,Cliente 8903235,"Avenida Santa Rosa 373, Santiago, Chile",2026-12-19,ORD-CL-202612-002563,68539,2026-12-21,Independencia
20.486.869-7,Cliente Nuevo 20486869,"Avenida Matta 1017, Santiago, Chile",2026-12-19,ORD-CL-202612-002564,105997,2026-12-21,Santiago
5.518.697-7,Cliente Nuevo 5518697,"Avenida Vitacura 9543, Santiago, Chile",2026-12-19,ORD-CL-202612-002565,120935,2026-12-22,Peñalolén
14.634.770-7,Cliente Nuevo 14634770,"Avenida Pajaritos 8593, Santiago, Chile",2026-12-19,ORD-CL-202612-002566,124221,2026-12-23,Quinta Normal
11.928.104-3,Cliente 11928104,"Calle Catedral 8025, Santiago, Chile",2026-12-19,ORD-CL-202612-002567,63920,2026-12-22,La Reina
12.213.956-6,Cliente Nuevo 12213956,"Calle Bandera 4175, Santiago, Chile",2026-12-19,ORD-CL-202612-002568,121712,2026-12-22,Providencia
21.891.734-5,Cliente Nuevo 21891734,"Avenida Pajaritos 933, Santiago, Chile",2026-12-19,ORD-CL-202612-002569,189311,2026-12-21,Vitacura
17.215.182-1,Cliente 17215182,"Calle Santo Domingo 9933, Santiago, Chile",2026-12-19,ORD-CL-202612-002570,114081,2026-12-22,San Miguel
22.570.788-8,Cliente 22570788,"Calle Morandé 2222, Santiago, Chile",2026-12-19,ORD-CL-202612-002571,80961,2026-12-22,Vitacura
9.052.678-7,Cliente Nuevo 9052678,"Avenida Departamental 5839, Santiago, Chile",2026-12-19,ORD-CL-202612-002572,78586,2026-12-22,Lo Prado
22.185.035-5,Cliente 22185035,"Calle San Antonio 4824, Santiago, Chile",2026-12-19,ORD-CL-202612-002573,237098,2026-12-21,Santiago
20.453.110-8,Cliente 20453110,"Avenida Américo Vespucio 4961, Santiago, Chile",2026-12-19,ORD-CL-202612-002574,83506,2026-12-23,La Florida
19.937.000-8,Cliente 19937000,"Calle Monjitas 879, Santiago, Chile",2026-12-19,ORD-CL-202612-002575,126125,2026-12-21,Recoleta
12.822.533-8,Cliente Nuevo 12822533,"Calle Teatinos 3296, Santiago, Chile",2026-12-19,ORD-CL-202612-002576,68446,2026-12-23,Peñalolén
20.103.614-3,Cliente Nuevo 20103614,"Calle Teatinos 1184, Santiago, Chile",2026-12-19,ORD-CL-202612-002577,252087,2026-12-23,San Miguel
8.210.131-4,Cliente 8210131,"Calle Monjitas 2837, Santiago, Chile",2026-12-19,ORD-CL-202612-002578,63586,2026-12-21,Santiago
8.409.181-1,Cliente Nuevo 8409181,"Avenida Irarrázaval 5147, Santiago, Chile",2026-12-19,ORD-CL-202612-002579,154492,2026-12-21,Quinta Normal
20.528.123-3,Cliente 20528123,"Avenida Grecia 3746, Santiago, Chile",2026-12-19,ORD-CL-202612-002580,259739,2026-12-22,Peñalolén
8.508.000-3,Cliente 8508000,"Avenida Las Condes 3917, Santiago, Chile",2026-12-19,ORD-CL-202612-002581,97288,2026-12-21,Puente Alto
17.694.169-5,Cliente Nuevo 17694169,"Avenida La Florida 9127, Santiago, Chile",2026-12-19,ORD-CL-202612-002582,256217,2026-12-21,Santiago
7.744.061-4,Cliente Nuevo 7744061,"Avenida Departamental 8493, Santiago, Chile",2026-12-19,ORD-CL-202612-002583,255988,2026-12-21,Estación Central
6.425.990-5,Cliente 6425990,"Avenida Tobalaba 5074, Santiago, Chile",2026-12-19,ORD-CL-202612-002584,205579,2026-12-21,Peñalolén
21.783.451-3,Cliente 21783451,"Calle Morandé 7161, Santiago, Chile",2026-12-19,ORD-CL-202612-002585,132919,2026-12-21,Recoleta
17.620.980-6,Cliente Nuevo 17620980,"Avenida Departamental 2987, Santiago, Chile",2026-12-19,ORD-CL-202612-002586,169105,2026-12-21,Vitacura
15.054.489-7,Cliente Nuevo 15054489,"Avenida Mapocho 244, Santiago, Chile",2026-12-19,ORD-CL-202612-002587,210519,2026-12-21,Estación Central
7.280.464-0,Cliente 7280464,"Calle San Antonio 7123, Santiago, Chile",2026-12-19,ORD-CL-202612-002588,136188,2026-12-21,La Florida
17.978.490-4,Cliente 17978490,"Avenida Kennedy 6477, Santiago, Chile",2026-12-19,ORD-CL-202612-002589,153533,2026-12-22,Santiago
21.177.638-5,Cliente 21177638,"Avenida Pajaritos 1039, Santiago, Chile",2026-12-19,ORD-CL-202612-002590,166398,2026-12-21,La Florida
13.676.688-5,Cliente Nuevo 13676688,"Calle Arturo Prat 1559, Santiago, Chile",2026-12-19,ORD-CL-202612-002591,143488,2026-12-20,Recoleta
8.739.314-1,Cliente 8739314,"Avenida Matta 1939, Santiago, Chile",2026-12-19,ORD-CL-202612-002592,65546,2026-12-22,La Florida
22.547.461-3,Cliente 22547461,"Avenida Irarrázaval 5222, Santiago, Chile",2026-12-19,ORD-CL-202612-002593,140774,2026-12-20,Vitacura
10.525.166-2,Cliente Nuevo 10525166,"Calle Monjitas 5154, Santiago, Chile",2026-12-19,ORD-CL-202612-002594,81214,2026-12-21,Recoleta
11.669.766-7,Cliente Nuevo 11669766,"Avenida Kennedy 5651, Santiago, Chile",2026-12-19,ORD-CL-202612-002595,204586,2026-12-22,Independencia
5.992.398-0,Cliente Nuevo 5992398,"Avenida Tobalaba 135, Santiago, Chile",2026-12-19,ORD-CL-202612-002596,213653,2026-12-21,Peñalolén
14.120.638-2,Cliente Nuevo 14120638,"Avenida Providencia 9354, Santiago, Chile",2026-12-19,ORD-CL-202612-002597,105321,2026-12-21,Lo Prado
20.499.691-9,Cliente 20499691,"Avenida Manuel Montt 4307, Santiago, Chile",2026-12-19,ORD-CL-202612-002598,210158,2026-12-22,San Miguel
16.240.089-1,Cliente Nuevo 16240089,"Calle Monjitas 3007, Santiago, Chile",2026-12-19,ORD-CL-202612-002599,201585,2026-12-23,Estación Central
14.799.664-5,Cliente 14799664,"Avenida Américo Vespucio 118, Santiago, Chile",2026-12-19,ORD-CL-202612-002600,161826,2026-12-20,Independencia
16.285.363-4,Cliente Nuevo 16285363,"Calle Merced 3010, Santiago, Chile",2026-12-19,ORD-CL-202612-002601,61796,2026-12-22,Santiago
17.393.201-5,Cliente 17393201,"Calle Catedral 7006, Santiago, Chile",2026-12-19,ORD-CL-202612-002602,185361,2026-12-23,San Miguel
14.246.267-3,Cliente Nuevo 14246267,"Avenida Libertador Bernardo O'Higgins 1306, Santiago, Chile",2026-12-19,ORD-CL-202612-002603,132619,2026-12-21,Vitacura
13.559.624-9,Cliente 13559624,"Calle Estado 6390, Santiago, Chile",2026-12-19,ORD-CL-202612-002604,135414,2026-12-22,Santiago
10.572.548-1,Cliente Nuevo 10572548,"Avenida Pajaritos 5937, Santiago, Chile",2026-12-19,ORD-CL-202612-002605,181971,2026-12-21,Quinta Normal
18.007.218-7,Cliente Nuevo 18007218,"Avenida La Florida 5134, Santiago, Chile",2026-12-19,ORD-CL-202612-002606,224423,2026-12-21,La Reina
9.211.735-9,Cliente Nuevo 9211735,"Avenida Las Condes 9679, Santiago, Chile",2026-12-19,ORD-CL-202612-002607,250707,2026-12-21,Las Condes
20.592.043-8,Cliente Nuevo 20592043,"Avenida Independencia 8658, Santiago, Chile",2026-12-19,ORD-CL-202612-002608,66347,2026-12-21,San Miguel
12.088.641-7,Cliente Nuevo 12088641,"Avenida Vitacura 8761, Santiago, Chile",2026-12-19,ORD-CL-202612-002609,95834,2026-12-22,Vitacura
16.557.205-7,Cliente 16557205,"Calle Arturo Prat 4440, Santiago, Chile",2026-12-19,ORD-CL-202612-002610,182983,2026-12-21,San Miguel
8.331.891-5,Cliente Nuevo 8331891,"Avenida Grecia 8650, Santiago, Chile",2026-12-19,ORD-CL-202612-002611,141884,2026-12-21,Independencia
22.538.782-2,Cliente Nuevo 22538782,"Avenida Departamental 5058, Santiago, Chile",2026-12-19,ORD-CL-202612-002612,56277,2026-12-22,Providencia
5.548.910-5,Cliente Nuevo 5548910,"Avenida Vicuña Mackenna 6287, Santiago, Chile",2026-12-19,ORD-CL-202612-002613,120610,2026-12-20,Santiago
18.535.055-4,Cliente 18535055,"Avenida Providencia 8811, Santiago, Chile",2026-12-19,ORD-CL-202612-002614,113336,2026-12-23,Santiago
7.805.131-2,Cliente Nuevo 7805131,"Calle Bandera 3912, Santiago, Chile",2026-12-19,ORD-CL-202612-002615,153856,2026-12-20,Lo Prado
14.638.216-6,Cliente Nuevo 14638216,"Avenida La Florida 1200, Santiago, Chile",2026-12-19,ORD-CL-202612-002616,257088,2026-12-21,Quinta Normal
10.263.868-8,Cliente 10263868,"Avenida Manuel Montt 3031, Santiago, Chile",2026-12-19,ORD-CL-202612-002617,143965,2026-12-21,Santiago
22.994.958-6,Cliente Nuevo 22994958,"Calle San Antonio 3796, Santiago, Chile",2026-12-19,ORD-CL-202612-002618,193115,2026-12-21,Independencia
12.735.720-5,Cliente Nuevo 12735720,"Avenida Manuel Montt 7945, Santiago, Chile",2026-12-19,ORD-CL-202612-002619,178541,2026-12-20,Providencia
12.379.080-7,Cliente Nuevo 12379080,"Calle San Diego 785, Santiago, Chile",2026-12-19,ORD-CL-202612-002620,261228,2026-12-24,Santiago
13.555.003-6,Cliente 13555003,"Avenida Grecia 4946, Santiago, Chile",2026-12-20,ORD-CL-202612-002621,77697,2026-12-23,Santiago
12.640.480-3,Cliente 12640480,"Calle Compañía De Jesús 2986, Santiago, Chile",2026-12-20,ORD-CL-202612-002622,71753,2026-12-22,Peñalolén
14.449.066-2,Cliente 14449066,"Calle Santo Domingo 9845, Santiago, Chile",2026-12-20,ORD-CL-202612-002623,273203,2026-12-22,Lo Prado
8.462.282-3,Cliente Nuevo 8462282,"Avenida Américo Vespucio 8573, Santiago, Chile",2026-12-20,ORD-CL-202612-002624,129943,2026-12-21,Independencia
15.531.914-3,Cliente Nuevo 15531914,"Avenida Pedro De Valdivia 613, Santiago, Chile",2026-12-20,ORD-CL-202612-002625,152935,2026-12-24,Providencia
16.513.123-9,Cliente Nuevo 16513123,"Calle Arturo Prat 4053, Santiago, Chile",2026-12-20,ORD-CL-202612-002626,149368,2026-12-22,Independencia
5.205.090-5,Cliente Nuevo 5205090,"Calle Huérfanos 8233, Santiago, Chile",2026-12-20,ORD-CL-202612-002627,175422,2026-12-22,La Florida
5.445.822-5,Cliente 5445822,"Avenida Kennedy 7355, Santiago, Chile",2026-12-20,ORD-CL-202612-002628,148482,2026-12-22,Lo Prado
7.753.558-0,Cliente 7753558,"Avenida Matta 6085, Santiago, Chile",2026-12-20,ORD-CL-202612-002629,201742,2026-12-23,Santiago
7.509.814-3,Cliente Nuevo 7509814,"Avenida Apoquindo 8406, Santiago, Chile",2026-12-20,ORD-CL-202612-002630,130680,2026-12-22,Peñalolén
12.433.470-8,Cliente 12433470,"Calle Santo Domingo 7861, Santiago, Chile",2026-12-20,ORD-CL-202612-002631,180880,2026-12-23,La Reina
8.829.317-5,Cliente 8829317,"Avenida Providencia 4618, Santiago, Chile",2026-12-20,ORD-CL-202612-002632,143826,2026-12-23,La Reina
10.767.619-3,Cliente 10767619,"Avenida Américo Vespucio 506, Santiago, Chile",2026-12-20,ORD-CL-202612-002633,209808,2026-12-23,San Miguel
20.620.285-0,Cliente 20620285,"Avenida Libertador Bernardo O'Higgins 3848, Santiago, Chile",2026-12-20,ORD-CL-202612-002634,132040,2026-12-22,Las Condes
13.128.677-3,Cliente 13128677,"Calle Amunátegui 1887, Santiago, Chile",2026-12-20,ORD-CL-202612-002635,117146,2026-12-24,Lo Prado
8.462.282-3,Cliente Nuevo 8462282,"Avenida Américo Vespucio 8573, Santiago, Chile",2026-12-20,ORD-CL-202612-002636,254058,2026-12-23,Independencia
20.747.142-2,Cliente 20747142,"Calle Compañía De Jesús 115, Santiago, Chile",2026-12-20,ORD-CL-202612-002637,176624,2026-12-23,Santiago
16.513.297-6,Cliente Nuevo 16513297,"Avenida Matta 4483, Santiago, Chile",2026-12-20,ORD-CL-202612-002638,222714,2026-12-22,La Reina
20.056.956-6,Cliente Nuevo 20056956,"Avenida Las Condes 7569, Santiago, Chile",2026-12-20,ORD-CL-202612-002639,240479,2026-12-22,Quinta Normal
14.736.651-2,Cliente Nuevo 14736651,"Calle San Diego 2371, Santiago, Chile",2026-12-20,ORD-CL-202612-002640,78173,2026-12-25,Puente Alto
5.260.189-5,Cliente Nuevo 5260189,"Calle Arturo Prat 4852, Santiago, Chile",2026-12-20,ORD-CL-202612-002641,122695,2026-12-22,Independencia
15.355.823-9,Cliente Nuevo 15355823,"Avenida Independencia 2872, Santiago, Chile",2026-12-20,ORD-CL-202612-002642,62727,2026-12-24,Estación Central
21.810.028-6,Cliente Nuevo 21810028,"Calle Santo Domingo 7546, Santiago, Chile",2026-12-20,ORD-CL-202612-002643,49667,2026-12-23,La Florida
10.703.244-7,Cliente 10703244,"Avenida Irarrázaval 2767, Santiago, Chile",2026-12-20,ORD-CL-202612-002644,100108,2026-12-24,Vitacura
10.838.437-5,Cliente Nuevo 10838437,"Calle Teatinos 2173, Santiago, Chile",2026-12-20,ORD-CL-202612-002645,241158,2026-12-22,Santiago
21.635.241-5,Cliente 21635241,"Avenida Irarrázaval 1390, Santiago, Chile",2026-12-20,ORD-CL-202612-002646,99692,2026-12-23,Santiago
19.701.098-5,Cliente Nuevo 19701098,"Avenida Kennedy 8609, Santiago, Chile",2026-12-20,ORD-CL-202612-002647,140602,2026-12-23,Lo Prado
22.251.702-9,Cliente Nuevo 22251702,"Avenida Vicuña Mackenna 5054, Santiago, Chile",2026-12-20,ORD-CL-202612-002648,74979,2026-12-24,Quinta Normal
15.905.203-0,Cliente 15905203,"Calle Arturo Prat 8089, Santiago, Chile",2026-12-20,ORD-CL-202612-002649,174964,2026-12-23,Las Condes
15.024.999-8,Cliente Nuevo 15024999,"Avenida Kennedy 8032, Santiago, Chile",2026-12-20,ORD-CL-202612-002650,94216,2026-12-23,La Florida
8.775.222-5,Cliente Nuevo 8775222,"Avenida Pajaritos 146, Santiago, Chile",2026-12-20,ORD-CL-202612-002651,164592,2026-12-22,Providencia
15.962.637-5,Cliente Nuevo 15962637,"Avenida Pajaritos 297, Santiago, Chile",2026-12-20,ORD-CL-202612-002652,146904,2026-12-22,Estación Central
14.081.942-3,Cliente 14081942,"Avenida Vicuña Mackenna 139, Santiago, Chile",2026-12-20,ORD-CL-202612-002653,78198,2026-12-24,Puente Alto
6.159.830-0,Cliente 6159830,"Avenida Kennedy 9292, Santiago, Chile",2026-12-20,ORD-CL-202612-002654,241628,2026-12-23,Santiago
18.111.233-0,Cliente 18111233,"Gran Avenida José Miguel Carrera 9617, Santiago, Chile",2026-12-20,ORD-CL-202612-002655,158462,2026-12-23,Peñalolén
8.672.977-1,Cliente 8672977,"Calle Amunátegui 9635, Santiago, Chile",2026-12-20,ORD-CL-202612-002656,252851,2026-12-24,Santiago
14.120.638-2,Cliente Nuevo 14120638,"Avenida Providencia 9354, Santiago, Chile",2026-12-20,ORD-CL-202612-002657,73257,2026-12-23,Lo Prado
12.601.567-6,Cliente 12601567,"Avenida Manuel Montt 8763, Santiago, Chile",2026-12-20,ORD-CL-202612-002658,86225,2026-12-23,Peñalolén
11.339.014-4,Cliente Nuevo 11339014,"Avenida Pedro De Valdivia 9126, Santiago, Chile",2026-12-20,ORD-CL-202612-002659,95342,2026-12-22,Lo Prado
14.975.953-4,Cliente Nuevo 14975953,"Avenida Apoquindo 1014, Santiago, Chile",2026-12-20,ORD-CL-202612-002660,197104,2026-12-21,Vitacura
20.940.087-2,Cliente Nuevo 20940087,"Avenida Pajaritos 5193, Santiago, Chile",2026-12-20,ORD-CL-202612-002661,155414,2026-12-24,Santiago
21.628.171-6,Cliente 21628171,"Calle Estado 5679, Santiago, Chile",2026-12-20,ORD-CL-202612-002662,102978,2026-12-23,Las Condes
20.589.339-7,Cliente 20589339,"Calle Santo Domingo 9749, Santiago, Chile",2026-12-20,ORD-CL-202612-002663,131074,2026-12-23,Santiago
20.099.306-9,Cliente Nuevo 20099306,"Avenida Tobalaba 3141, Santiago, Chile",2026-12-20,ORD-CL-202612-002664,216100,2026-12-21,Vitacura
9.894.037-2,Cliente Nuevo 9894037,"Avenida Macul 3744, Santiago, Chile",2026-12-20,ORD-CL-202612-002665,87673,2026-12-22,Quinta Normal
18.703.672-4,Cliente 18703672,"Calle Merced 4196, Santiago, Chile",2026-12-20,ORD-CL-202612-002666,83886,2026-12-23,Recoleta
22.220.386-9,Cliente Nuevo 22220386,"Avenida Las Condes 8422, Santiago, Chile",2026-12-20,ORD-CL-202612-002667,93357,2026-12-23,Vitacura
22.145.289-4,Cliente 22145289,"Avenida Vitacura 3402, Santiago, Chile",2026-12-20,ORD-CL-202612-002668,308864,2026-12-25,Santiago
22.570.788-8,Cliente 22570788,"Calle Morandé 2222, Santiago, Chile",2026-12-20,ORD-CL-202612-002669,201133,2026-12-24,Vitacura
18.548.320-0,Cliente Nuevo 18548320,"Avenida Apoquindo 1062, Santiago, Chile",2026-12-20,ORD-CL-202612-002670,215698,2026-12-24,Quinta Normal
18.670.836-3,Cliente 18670836,"Avenida Las Condes 4296, Santiago, Chile",2026-12-20,ORD-CL-202612-002671,66641,2026-12-22,Vitacura
6.190.976-9,Cliente 6190976,"Calle Estado 9741, Santiago, Chile",2026-12-20,ORD-CL-202612-002672,268744,2026-12-24,La Reina
12.352.309-5,Cliente 12352309,"Calle Morandé 2991, Santiago, Chile",2026-12-20,ORD-CL-202612-002673,89567,2026-12-22,Independencia
14.946.610-7,Cliente Nuevo 14946610,"Avenida Departamental 2933, Santiago, Chile",2026-12-20,ORD-CL-202612-002674,92844,2026-12-23,Lo Prado
12.193.567-5,Cliente 12193567,"Avenida Independencia 9295, Santiago, Chile",2026-12-20,ORD-CL-202612-002675,80518,2026-12-23,Lo Prado
6.643.744-0,Cliente Nuevo 6643744,"Calle Teatinos 1106, Santiago, Chile",2026-12-20,ORD-CL-202612-002676,270129,2026-12-22,Santiago
9.177.486-1,Cliente 9177486,"Calle Merced 896, Santiago, Chile",2026-12-20,ORD-CL-202612-002677,269908,2026-12-22,Lo Prado
15.020.480-2,Cliente 15020480,"Avenida Santa Rosa 5687, Santiago, Chile",2026-12-20,ORD-CL-202612-002678,64752,2026-12-22,Independencia
22.288.705-4,Cliente 22288705,"Avenida Independencia 6700, Santiago, Chile",2026-12-20,ORD-CL-202612-002679,62883,2026-12-22,Quinta Normal
6.852.110-4,Cliente 6852110,"Avenida Macul 3599, Santiago, Chile",2026-12-20,ORD-CL-202612-002680,185469,2026-12-24,Recoleta
13.642.973-0,Cliente Nuevo 13642973,"Avenida Pajaritos 5779, Santiago, Chile",2026-12-20,ORD-CL-202612-002681,84459,2026-12-22,Estación Central
12.513.523-4,Cliente Nuevo 12513523,"Gran Avenida José Miguel Carrera 1905, Santiago, Chile",2026-12-20,ORD-CL-202612-002682,326661,2026-12-22,Independencia
20.879.223-6,Cliente 20879223,"Calle Monjitas 9892, Santiago, Chile",2026-12-20,ORD-CL-202612-002683,136346,2026-12-22,Independencia
13.858.487-7,Cliente Nuevo 13858487,"Avenida Vitacura 2546, Santiago, Chile",2026-12-20,ORD-CL-202612-002684,261266,2026-12-22,Providencia
16.038.629-9,Cliente Nuevo 16038629,"Calle Morandé 1319, Santiago, Chile",2026-12-20,ORD-CL-202612-002685,62967,2026-12-21,Estación Central
13.591.026-5,Cliente 13591026,"Avenida Kennedy 640, Santiago, Chile",2026-12-20,ORD-CL-202612-002686,273667,2026-12-24,Santiago
5.941.416-4,Cliente Nuevo 5941416,"Avenida Santa Rosa 9440, Santiago, Chile",2026-12-20,ORD-CL-202612-002687,101066,2026-12-22,Lo Prado
8.833.973-4,Cliente Nuevo 8833973,"Avenida Vitacura 4596, Santiago, Chile",2026-12-20,ORD-CL-202612-002688,175293,2026-12-22,Vitacura
19.375.697-3,Cliente Nuevo 19375697,"Avenida Recoleta 9915, Santiago, Chile",2026-12-20,ORD-CL-202612-002689,97450,2026-12-22,Estación Central
20.681.151-9,Cliente Nuevo 20681151,"Calle Catedral 5193, Santiago, Chile",2026-12-20,ORD-CL-202612-002690,187900,2026-12-23,La Florida
5.355.868-9,Cliente 5355868,"Avenida Mapocho 7796, Santiago, Chile",2026-12-20,ORD-CL-202612-002691,75605,2026-12-22,Las Condes
21.083.885-5,Cliente Nuevo 21083885,"Avenida Irarrázaval 625, Santiago, Chile",2026-12-20,ORD-CL-202612-002692,208053,2026-12-23,Independencia
10.835.086-8,Cliente 10835086,"Calle Monjitas 4534, Santiago, Chile",2026-12-20,ORD-CL-202612-002693,115424,2026-12-22,Las Condes
13.812.185-0,Cliente Nuevo 13812185,"Avenida Irarrázaval 9159, Santiago, Chile",2026-12-20,ORD-CL-202612-002694,191473,2026-12-22,La Florida
8.998.099-5,Cliente Nuevo 8998099,"Avenida Las Condes 539, Santiago, Chile",2026-12-20,ORD-CL-202612-002695,169353,2026-12-22,Santiago
11.782.805-1,Cliente 11782805,"Calle Teatinos 51, Santiago, Chile",2026-12-20,ORD-CL-202612-002696,71919,2026-12-22,Providencia
16.362.465-7,Cliente 16362465,"Avenida Grecia 2176, Santiago, Chile",2026-12-20,ORD-CL-202612-002697,275743,2026-12-22,Puente Alto
16.696.846-0,Cliente 16696846,"Calle Huérfanos 264, Santiago, Chile",2026-12-20,ORD-CL-202612-002698,144315,2026-12-22,Lo Prado
19.246.133-9,Cliente Nuevo 19246133,"Avenida Mapocho 4083, Santiago, Chile",2026-12-20,ORD-CL-202612-002699,93724,2026-12-22,La Florida
8.613.975-1,Cliente Nuevo 8613975,"Avenida Tobalaba 8129, Santiago, Chile",2026-12-20,ORD-CL-202612-002700,72709,2026-12-22,La Florida
15.773.820-4,Cliente Nuevo 15773820,"Calle Morandé 2118, Santiago, Chile",2026-12-20,ORD-CL-202612-002701,149374,2026-12-22,Las Condes
13.388.530-8,Cliente Nuevo 13388530,"Avenida Américo Vespucio 136, Santiago, Chile",2026-12-20,ORD-CL-202612-002702,217976,2026-12-24,San Miguel
20.243.470-3,Cliente 20243470,"Avenida Macul 956, Santiago, Chile",2026-12-20,ORD-CL-202612-002703,296137,2026-12-22,Santiago
11.766.836-3,Cliente 11766836,"Avenida Kennedy 5469, Santiago, Chile",2026-12-20,ORD-CL-202612-002704,176202,2026-12-22,Santiago
14.899.995-0,Cliente Nuevo 14899995,"Avenida Vicuña Mackenna 578, Santiago, Chile",2026-12-20,ORD-CL-202612-002705,65359,2026-12-24,Santiago
13.810.979-2,Cliente Nuevo 13810979,"Avenida Kennedy 7247, Santiago, Chile",2026-12-20,ORD-CL-202612-002706,48188,2026-12-23,Santiago
12.550.331-9,Cliente 12550331,"Avenida Macul 6773, Santiago, Chile",2026-12-20,ORD-CL-202612-002707,132301,2026-12-21,Estación Central
15.962.637-5,Cliente Nuevo 15962637,"Avenida Pajaritos 297, Santiago, Chile",2026-12-20,ORD-CL-202612-002708,105816,2026-12-24,Estación Central
18.886.428-9,Cliente 18886428,"Avenida Apoquindo 2126, Santiago, Chile",2026-12-20,ORD-CL-202612-002709,84368,2026-12-22,Lo Prado
22.874.785-8,Cliente Nuevo 22874785,"Avenida Vicuña Mackenna 3038, Santiago, Chile",2026-12-20,ORD-CL-202612-002710,104047,2026-12-23,Estación Central
16.945.239-0,Cliente 16945239,"Avenida Recoleta 1288, Santiago, Chile",2026-12-20,ORD-CL-202612-002711,113468,2026-12-21,Vitacura
8.336.332-0,Cliente Nuevo 8336332,"Avenida Manuel Montt 685, Santiago, Chile",2026-12-20,ORD-CL-202612-002712,103770,2026-12-24,Recoleta
20.810.671-6,Cliente 20810671,"Avenida Las Condes 3513, Santiago, Chile",2026-12-20,ORD-CL-202612-002713,276077,2026-12-24,Estación Central
7.972.328-1,Cliente 7972328,"Avenida La Florida 9292, Santiago, Chile",2026-12-20,ORD-CL-202612-002714,240805,2026-12-23,Independencia
5.395.655-0,Cliente 5395655,"Avenida Providencia 4623, Santiago, Chile",2026-12-20,ORD-CL-202612-002715,302570,2026-12-22,Puente Alto
13.269.727-3,Cliente 13269727,"Calle Bandera 8232, Santiago, Chile",2026-12-20,ORD-CL-202612-002716,172449,2026-12-22,Santiago
16.310.134-7,Cliente 16310134,"Avenida Apoquindo 5199, Santiago, Chile",2026-12-20,ORD-CL-202612-002717,149954,2026-12-22,La Reina
10.474.635-6,Cliente Nuevo 10474635,"Avenida Las Condes 3624, Santiago, Chile",2026-12-20,ORD-CL-202612-002718,117417,2026-12-22,Independencia
15.056.286-5,Cliente 15056286,"Avenida Independencia 6313, Santiago, Chile",2026-12-20,ORD-CL-202612-002719,185710,2026-12-22,Santiago
19.979.903-0,Cliente 19979903,"Avenida Las Condes 6919, Santiago, Chile",2026-12-20,ORD-CL-202612-002720,198758,2026-12-22,Las Condes
20.510.095-7,Cliente Nuevo 20510095,"Avenida Libertador Bernardo O'Higgins 5771, Santiago, Chile",2026-12-20,ORD-CL-202612-002721,127944,2026-12-22,Santiago
5.890.611-6,Cliente Nuevo 5890611,"Avenida La Florida 2117, Santiago, Chile",2026-12-20,ORD-CL-202612-002722,277471,2026-12-22,Santiago
5.395.655-0,Cliente 5395655,"Avenida Providencia 4623, Santiago, Chile",2026-12-20,ORD-CL-202612-002723,176638,2026-12-23,Puente Alto
5.892.823-8,Cliente Nuevo 5892823,"Avenida Matta 6992, Santiago, Chile",2026-12-20,ORD-CL-202612-002724,257515,2026-12-24,Estación Central
18.964.073-0,Cliente 18964073,"Avenida Macul 7557, Santiago, Chile",2026-12-20,ORD-CL-202612-002725,87748,2026-12-22,Vitacura
16.026.461-9,Cliente 16026461,"Calle Monjitas 7136, Santiago, Chile",2026-12-20,ORD-CL-202612-002726,127005,2026-12-21,Independencia
11.689.900-2,Cliente 11689900,"Calle San Antonio 2709, Santiago, Chile",2026-12-21,ORD-CL-202612-002727,163433,2026-12-23,Puente Alto
15.767.660-4,Cliente Nuevo 15767660,"Avenida Apoquindo 4370, Santiago, Chile",2026-12-21,ORD-CL-202612-002728,271308,2026-12-23,San Miguel
21.032.981-1,Cliente 21032981,"Calle Huérfanos 3562, Santiago, Chile",2026-12-21,ORD-CL-202612-002729,139255,2026-12-23,Lo Prado
12.592.663-1,Cliente Nuevo 12592663,"Avenida Santa Rosa 1012, Santiago, Chile",2026-12-21,ORD-CL-202612-002730,303027,2026-12-25,Puente Alto
5.027.457-1,Cliente 5027457,"Avenida Kennedy 198, Santiago, Chile",2026-12-21,ORD-CL-202612-002731,202414,2026-12-22,Estación Central
20.329.309-9,Cliente Nuevo 20329309,"Calle Catedral 6899, Santiago, Chile",2026-12-21,ORD-CL-202612-002732,115379,2026-12-23,Independencia
5.266.829-2,Cliente Nuevo 5266829,"Calle Merced 6840, Santiago, Chile",2026-12-21,ORD-CL-202612-002733,306404,2026-12-24,Santiago
14.894.939-5,Cliente 14894939,"Avenida Mapocho 5324, Santiago, Chile",2026-12-21,ORD-CL-202612-002734,133445,2026-12-25,Recoleta
5.472.652-1,Cliente 5472652,"Calle Amunátegui 3124, Santiago, Chile",2026-12-21,ORD-CL-202612-002735,115393,2026-12-22,Vitacura
20.736.036-0,Cliente Nuevo 20736036,"Calle Santo Domingo 650, Santiago, Chile",2026-12-21,ORD-CL-202612-002736,235013,2026-12-23,Estación Central
6.867.598-6,Cliente 6867598,"Gran Avenida José Miguel Carrera 2236, Santiago, Chile",2026-12-21,ORD-CL-202612-002737,176290,2026-12-24,Providencia
18.535.055-4,Cliente 18535055,"Avenida Providencia 8811, Santiago, Chile",2026-12-21,ORD-CL-202612-002738,300034,2026-12-24,Santiago
11.766.836-3,Cliente 11766836,"Avenida Kennedy 5469, Santiago, Chile",2026-12-21,ORD-CL-202612-002739,117876,2026-12-23,Santiago
20.307.103-7,Cliente Nuevo 20307103,"Calle San Antonio 1624, Santiago, Chile",2026-12-21,ORD-CL-202612-002740,91630,2026-12-25,Providencia
11.322.388-1,Cliente Nuevo 11322388,"Avenida Independencia 8882, Santiago, Chile",2026-12-21,ORD-CL-202612-002741,302082,2026-12-25,San Miguel
19.694.095-4,Cliente 19694095,"Avenida Independencia 2139, Santiago, Chile",2026-12-21,ORD-CL-202612-002742,155566,2026-12-23,Independencia
7.053.292-4,Cliente 7053292,"Calle Merced 3468, Santiago, Chile",2026-12-21,ORD-CL-202612-002743,84853,2026-12-24,Las Condes
13.866.087-3,Cliente Nuevo 13866087,"Avenida Departamental 9238, Santiago, Chile",2026-12-21,ORD-CL-202612-002744,90891,2026-12-22,Providencia
10.419.414-1,Cliente Nuevo 10419414,"Avenida Providencia 1261, Santiago, Chile",2026-12-21,ORD-CL-202612-002745,175396,2026-12-23,La Florida
21.447.055-9,Cliente Nuevo 21447055,"Avenida Recoleta 2170, Santiago, Chile",2026-12-21,ORD-CL-202612-002746,135604,2026-12-23,La Reina
11.044.319-2,Cliente Nuevo 11044319,"Calle Bandera 7702, Santiago, Chile",2026-12-21,ORD-CL-202612-002747,69193,2026-12-24,Santiago
18.454.880-2,Cliente 18454880,"Calle Huérfanos 4859, Santiago, Chile",2026-12-21,ORD-CL-202612-002748,238709,2026-12-24,Peñalolén
19.119.546-0,Cliente 19119546,"Calle Catedral 1418, Santiago, Chile",2026-12-21,ORD-CL-202612-002749,129681,2026-12-23,Santiago
22.716.997-1,Cliente 22716997,"Calle Compañía De Jesús 386, Santiago, Chile",2026-12-21,ORD-CL-202612-002750,151671,2026-12-25,Peñalolén
14.102.774-5,Cliente 14102774,"Avenida Independencia 8409, Santiago, Chile",2026-12-21,ORD-CL-202612-002751,108052,2026-12-23,Las Condes
5.098.173-6,Cliente 5098173,"Calle Arturo Prat 9979, Santiago, Chile",2026-12-21,ORD-CL-202612-002752,84070,2026-12-23,Providencia
20.007.968-6,Cliente Nuevo 20007968,"Calle Arturo Prat 2497, Santiago, Chile",2026-12-21,ORD-CL-202612-002753,207226,2026-12-25,Quinta Normal
12.660.541-2,Cliente 12660541,"Calle Arturo Prat 4097, Santiago, Chile",2026-12-21,ORD-CL-202612-002754,78035,2026-12-24,Santiago
8.496.671-7,Cliente 8496671,"Avenida Irarrázaval 3764, Santiago, Chile",2026-12-21,ORD-CL-202612-002755,286086,2026-12-25,La Florida
17.569.588-0,Cliente 17569588,"Avenida Kennedy 6833, Santiago, Chile",2026-12-21,ORD-CL-202612-002756,66426,2026-12-22,Santiago
19.809.355-8,Cliente Nuevo 19809355,"Calle Compañía De Jesús 8512, Santiago, Chile",2026-12-21,ORD-CL-202612-002757,67790,2026-12-23,Santiago
14.819.473-1,Cliente 14819473,"Avenida Grecia 6127, Santiago, Chile",2026-12-21,ORD-CL-202612-002758,180518,2026-12-23,Puente Alto
19.109.601-9,Cliente Nuevo 19109601,"Avenida Libertador Bernardo O'Higgins 3892, Santiago, Chile",2026-12-21,ORD-CL-202612-002759,81513,2026-12-24,San Miguel
21.920.456-4,Cliente Nuevo 21920456,"Avenida Vicuña Mackenna 483, Santiago, Chile",2026-12-21,ORD-CL-202612-002760,38578,2026-12-23,Recoleta
6.946.263-4,Cliente 6946263,"Avenida Manuel Montt 2881, Santiago, Chile",2026-12-21,ORD-CL-202612-002761,219557,2026-12-23,Quinta Normal
19.869.239-1,Cliente Nuevo 19869239,"Avenida Matta 8387, Santiago, Chile",2026-12-21,ORD-CL-202612-002762,120160,2026-12-23,Providencia
7.146.339-0,Cliente 7146339,"Calle Santo Domingo 3318, Santiago, Chile",2026-12-21,ORD-CL-202612-002763,151780,2026-12-25,Quinta Normal
11.421.024-8,Cliente 11421024,"Gran Avenida José Miguel Carrera 2634, Santiago, Chile",2026-12-21,ORD-CL-202612-002764,126801,2026-12-23,Santiago
18.489.688-3,Cliente 18489688,"Avenida Kennedy 5660, Santiago, Chile",2026-12-21,ORD-CL-202612-002765,129090,2026-12-22,Estación Central
14.736.651-2,Cliente Nuevo 14736651,"Calle San Diego 2371, Santiago, Chile",2026-12-21,ORD-CL-202612-002766,195761,2026-12-23,Puente Alto
12.762.920-9,Cliente Nuevo 12762920,"Avenida Tobalaba 6934, Santiago, Chile",2026-12-21,ORD-CL-202612-002767,231312,2026-12-23,Peñalolén
15.088.834-8,Cliente 15088834,"Avenida Departamental 7737, Santiago, Chile",2026-12-21,ORD-CL-202612-002768,196851,2026-12-24,San Miguel
5.518.697-7,Cliente Nuevo 5518697,"Avenida Vitacura 9543, Santiago, Chile",2026-12-21,ORD-CL-202612-002769,221841,2026-12-23,Peñalolén
8.370.123-6,Cliente Nuevo 8370123,"Calle Santo Domingo 2882, Santiago, Chile",2026-12-21,ORD-CL-202612-002770,174636,2026-12-25,Lo Prado
12.492.700-8,Cliente 12492700,"Gran Avenida José Miguel Carrera 1240, Santiago, Chile",2026-12-21,ORD-CL-202612-002771,74784,2026-12-23,San Miguel
10.217.904-2,Cliente Nuevo 10217904,"Avenida Macul 5140, Santiago, Chile",2026-12-21,ORD-CL-202612-002772,175173,2026-12-23,Independencia
12.150.090-3,Cliente Nuevo 12150090,"Avenida Tobalaba 3177, Santiago, Chile",2026-12-21,ORD-CL-202612-002773,151433,2026-12-23,Santiago
16.548.853-1,Cliente 16548853,"Avenida Américo Vespucio 6473, Santiago, Chile",2026-12-21,ORD-CL-202612-002774,226763,2026-12-23,Santiago
9.711.475-0,Cliente Nuevo 9711475,"Avenida Providencia 4440, Santiago, Chile",2026-12-21,ORD-CL-202612-002775,197072,2026-12-24,Lo Prado
15.301.216-5,Cliente 15301216,"Avenida Vicuña Mackenna 8405, Santiago, Chile",2026-12-21,ORD-CL-202612-002776,260251,2026-12-23,Peñalolén
8.897.852-9,Cliente Nuevo 8897852,"Avenida Pajaritos 8228, Santiago, Chile",2026-12-21,ORD-CL-202612-002777,194403,2026-12-23,Las Condes
9.511.360-2,Cliente Nuevo 9511360,"Avenida Mapocho 7956, Santiago, Chile",2026-12-21,ORD-CL-202612-002778,169622,2026-12-23,Santiago
15.574.438-5,Cliente Nuevo 15574438,"Avenida Irarrázaval 5103, Santiago, Chile",2026-12-21,ORD-CL-202612-002779,124125,2026-12-23,Puente Alto
7.062.851-9,Cliente Nuevo 7062851,"Avenida Las Condes 2824, Santiago, Chile",2026-12-21,ORD-CL-202612-002780,282814,2026-12-24,Independencia
20.317.971-7,Cliente Nuevo 20317971,"Avenida Mapocho 6648, Santiago, Chile",2026-12-21,ORD-CL-202612-002781,97658,2026-12-24,Santiago
15.517.700-9,Cliente Nuevo 15517700,"Calle Huérfanos 2940, Santiago, Chile",2026-12-21,ORD-CL-202612-002782,244507,2026-12-23,Santiago
8.264.391-3,Cliente Nuevo 8264391,"Avenida Departamental 9211, Santiago, Chile",2026-12-21,ORD-CL-202612-002783,195032,2026-12-25,Santiago
14.683.119-6,Cliente Nuevo 14683119,"Avenida Departamental 820, Santiago, Chile",2026-12-21,ORD-CL-202612-002784,134495,2026-12-23,Puente Alto
14.089.104-8,Cliente Nuevo 14089104,"Avenida La Florida 9439, Santiago, Chile",2026-12-21,ORD-CL-202612-002785,117924,2026-12-25,Santiago
5.766.336-6,Cliente Nuevo 5766336,"Calle Catedral 2585, Santiago, Chile",2026-12-21,ORD-CL-202612-002786,251739,2026-12-24,La Florida
22.339.630-5,Cliente Nuevo 22339630,"Avenida Irarrázaval 7187, Santiago, Chile",2026-12-21,ORD-CL-202612-002787,102509,2026-12-23,Independencia
14.683.119-6,Cliente Nuevo 14683119,"Avenida Departamental 820, Santiago, Chile",2026-12-21,ORD-CL-202612-002788,107499,2026-12-23,Puente Alto
6.639.530-6,Cliente 6639530,"Avenida Grecia 3963, Santiago, Chile",2026-12-21,ORD-CL-202612-002789,79364,2026-12-23,Las Condes
17.835.620-8,Cliente 17835620,"Avenida Apoquindo 6999, Santiago, Chile",2026-12-21,ORD-CL-202612-002790,114554,2026-12-23,Puente Alto
5.901.410-4,Cliente Nuevo 5901410,"Calle San Diego 8140, Santiago, Chile",2026-12-21,ORD-CL-202612-002791,216756,2026-12-25,Santiago
9.032.352-7,Cliente 9032352,"Calle Compañía De Jesús 1673, Santiago, Chile",2026-12-21,ORD-CL-202612-002792,205729,2026-12-23,La Florida
7.499.857-0,Cliente Nuevo 7499857,"Calle Santo Domingo 8998, Santiago, Chile",2026-12-21,ORD-CL-202612-002793,294654,2026-12-25,Santiago
19.437.090-9,Cliente Nuevo 19437090,"Avenida Apoquindo 1470, Santiago, Chile",2026-12-21,ORD-CL-202612-002794,133637,2026-12-23,Santiago
14.819.086-2,Cliente 14819086,"Avenida Providencia 2855, Santiago, Chile",2026-12-21,ORD-CL-202612-002795,146543,2026-12-25,Lo Prado
22.933.193-9,Cliente Nuevo 22933193,"Avenida Vicuña Mackenna 1106, Santiago, Chile",2026-12-21,ORD-CL-202612-002796,61724,2026-12-23,Santiago
10.618.908-5,Cliente Nuevo 10618908,"Calle Amunátegui 7218, Santiago, Chile",2026-12-21,ORD-CL-202612-002797,57344,2026-12-22,Estación Central
21.913.840-7,Cliente Nuevo 21913840,"Avenida Macul 1679, Santiago, Chile",2026-12-21,ORD-CL-202612-002798,168545,2026-12-23,Recoleta
15.332.023-4,Cliente 15332023,"Calle Catedral 6241, Santiago, Chile",2026-12-21,ORD-CL-202612-002799,150214,2026-12-23,San Miguel
22.116.046-1,Cliente Nuevo 22116046,"Calle Monjitas 4798, Santiago, Chile",2026-12-21,ORD-CL-202612-002800,245721,2026-12-24,Independencia
17.393.201-5,Cliente 17393201,"Calle Catedral 7006, Santiago, Chile",2026-12-21,ORD-CL-202612-002801,181436,2026-12-24,San Miguel
15.024.898-8,Cliente Nuevo 15024898,"Calle San Antonio 4698, Santiago, Chile",2026-12-21,ORD-CL-202612-002802,178199,2026-12-24,Lo Prado
18.880.614-0,Cliente 18880614,"Calle Huérfanos 2429, Santiago, Chile",2026-12-21,ORD-CL-202612-002803,83241,2026-12-25,San Miguel
21.891.734-5,Cliente Nuevo 21891734,"Avenida Pajaritos 933, Santiago, Chile",2026-12-21,ORD-CL-202612-002804,285244,2026-12-23,Vitacura
14.867.251-1,Cliente 14867251,"Calle Catedral 3440, Santiago, Chile",2026-12-21,ORD-CL-202612-002805,94925,2026-12-25,Independencia
8.191.784-1,Cliente Nuevo 8191784,"Avenida Pajaritos 97, Santiago, Chile",2026-12-21,ORD-CL-202612-002806,68002,2026-12-23,Las Condes
21.588.189-4,Cliente 21588189,"Avenida Pajaritos 9911, Santiago, Chile",2026-12-21,ORD-CL-202612-002807,112756,2026-12-26,Santiago
14.807.239-6,Cliente Nuevo 14807239,"Avenida Santa Rosa 8489, Santiago, Chile",2026-12-21,ORD-CL-202612-002808,137687,2026-12-23,Peñalolén
12.649.660-9,Cliente Nuevo 12649660,"Avenida Apoquindo 6462, Santiago, Chile",2026-12-21,ORD-CL-202612-002809,212936,2026-12-24,Las Condes
20.872.116-3,Cliente 20872116,"Avenida Apoquindo 1250, Santiago, Chile",2026-12-21,ORD-CL-202612-002810,101471,2026-12-23,Recoleta
9.922.824-4,Cliente 9922824,"Avenida La Florida 9827, Santiago, Chile",2026-12-21,ORD-CL-202612-002811,177799,2026-12-23,Santiago
12.242.451-7,Cliente Nuevo 12242451,"Calle Huérfanos 2452, Santiago, Chile",2026-12-21,ORD-CL-202612-002812,147744,2026-12-23,Las Condes
5.331.875-9,Cliente Nuevo 5331875,"Avenida Manuel Montt 4441, Santiago, Chile",2026-12-21,ORD-CL-202612-002813,130844,2026-12-23,Estación Central
6.649.055-1,Cliente Nuevo 6649055,"Avenida La Florida 9550, Santiago, Chile",2026-12-21,ORD-CL-202612-002814,134863,2026-12-23,Providencia
22.716.997-1,Cliente 22716997,"Calle Compañía De Jesús 386, Santiago, Chile",2026-12-21,ORD-CL-202612-002815,70488,2026-12-25,Peñalolén
12.998.113-8,Cliente 12998113,"Avenida Pajaritos 2544, Santiago, Chile",2026-12-21,ORD-CL-202612-002816,67292,2026-12-26,Las Condes
15.290.073-0,Cliente 15290073,"Avenida La Florida 4055, Santiago, Chile",2026-12-21,ORD-CL-202612-002817,201071,2026-12-23,Puente Alto
20.320.279-3,Cliente Nuevo 20320279,"Calle San Antonio 2616, Santiago, Chile",2026-12-21,ORD-CL-202612-002818,125916,2026-12-24,La Florida
11.853.776-8,Cliente 11853776,"Calle Catedral 3304, Santiago, Chile",2026-12-21,ORD-CL-202612-002819,63933,2026-12-24,Quinta Normal
8.880.850-4,Cliente Nuevo 8880850,"Avenida Apoquindo 6717, Santiago, Chile",2026-12-21,ORD-CL-202612-002820,143213,2026-12-23,Santiago
9.159.574-0,Cliente 9159574,"Gran Avenida José Miguel Carrera 6581, Santiago, Chile",2026-12-21,ORD-CL-202612-002821,104585,2026-12-23,Las Condes
9.511.360-2,Cliente Nuevo 9511360,"Avenida Mapocho 7956, Santiago, Chile",2026-12-21,ORD-CL-202612-002822,135439,2026-12-25,Santiago
22.706.642-3,Cliente 22706642,"Gran Avenida José Miguel Carrera 9888, Santiago, Chile",2026-12-21,ORD-CL-202612-002823,221698,2026-12-24,Santiago
11.704.104-4,Cliente Nuevo 11704104,"Calle Estado 8684, Santiago, Chile",2026-12-21,ORD-CL-202612-002824,229948,2026-12-23,Vitacura
10.759.384-2,Cliente Nuevo 10759384,"Avenida Tobalaba 5758, Santiago, Chile",2026-12-22,ORD-CL-202612-002825,107866,2026-12-25,Providencia
16.142.409-9,Cliente 16142409,"Avenida Pajaritos 8764, Santiago, Chile",2026-12-22,ORD-CL-202612-002826,81820,2026-12-25,Santiago
8.878.523-4,Cliente Nuevo 8878523,"Avenida Manuel Montt 5813, Santiago, Chile",2026-12-22,ORD-CL-202612-002827,212398,2026-12-24,Peñalolén
20.493.602-3,Cliente Nuevo 20493602,"Avenida Vicuña Mackenna 6564, Santiago, Chile",2026-12-22,ORD-CL-202612-002828,187528,2026-12-24,Santiago
15.332.023-4,Cliente 15332023,"Calle Catedral 6241, Santiago, Chile",2026-12-22,ORD-CL-202612-002829,272303,2026-12-25,San Miguel
8.876.208-8,Cliente 8876208,"Gran Avenida José Miguel Carrera 207, Santiago, Chile",2026-12-22,ORD-CL-202612-002830,110958,2026-12-24,Lo Prado
15.088.834-8,Cliente 15088834,"Avenida Departamental 7737, Santiago, Chile",2026-12-22,ORD-CL-202612-002831,140612,2026-12-24,San Miguel
22.130.342-4,Cliente Nuevo 22130342,"Avenida Mapocho 6168, Santiago, Chile",2026-12-22,ORD-CL-202612-002832,160314,2026-12-24,Las Condes
8.995.743-8,Cliente 8995743,"Avenida Santa Rosa 3654, Santiago, Chile",2026-12-22,ORD-CL-202612-002833,123878,2026-12-26,Santiago
13.752.238-8,Cliente 13752238,"Calle Estado 9631, Santiago, Chile",2026-12-22,ORD-CL-202612-002834,124951,2026-12-24,Santiago
18.522.445-1,Cliente Nuevo 18522445,"Calle San Diego 4317, Santiago, Chile",2026-12-22,ORD-CL-202612-002835,172348,2026-12-27,La Reina
17.304.826-7,Cliente 17304826,"Calle Bandera 1249, Santiago, Chile",2026-12-22,ORD-CL-202612-002836,161971,2026-12-25,Estación Central
22.624.142-8,Cliente 22624142,"Avenida Providencia 7465, Santiago, Chile",2026-12-22,ORD-CL-202612-002837,101590,2026-12-23,Quinta Normal
13.034.664-7,Cliente Nuevo 13034664,"Avenida Mapocho 9365, Santiago, Chile",2026-12-22,ORD-CL-202612-002838,135217,2026-12-26,Providencia
20.374.563-3,Cliente 20374563,"Avenida Kennedy 1795, Santiago, Chile",2026-12-22,ORD-CL-202612-002839,149224,2026-12-26,Providencia
7.139.480-8,Cliente 7139480,"Calle Amunátegui 1144, Santiago, Chile",2026-12-22,ORD-CL-202612-002840,126067,2026-12-24,Lo Prado
16.467.561-8,Cliente 16467561,"Calle Teatinos 4467, Santiago, Chile",2026-12-22,ORD-CL-202612-002841,144328,2026-12-25,Providencia
21.723.297-3,Cliente 21723297,"Avenida Pedro De Valdivia 6852, Santiago, Chile",2026-12-22,ORD-CL-202612-002842,143131,2026-12-27,Recoleta
5.372.998-7,Cliente 5372998,"Avenida Independencia 4412, Santiago, Chile",2026-12-22,ORD-CL-202612-002843,166696,2026-12-24,Quinta Normal
16.013.666-1,Cliente Nuevo 16013666,"Calle San Diego 1193, Santiago, Chile",2026-12-22,ORD-CL-202612-002844,101239,2026-12-24,Santiago
19.979.903-0,Cliente 19979903,"Avenida Las Condes 6919, Santiago, Chile",2026-12-22,ORD-CL-202612-002845,239682,2026-12-26,Las Condes
15.658.830-6,Cliente Nuevo 15658830,"Calle Teatinos 8353, Santiago, Chile",2026-12-22,ORD-CL-202612-002846,59000,2026-12-26,Peñalolén
8.003.030-7,Cliente 8003030,"Avenida La Florida 9258, Santiago, Chile",2026-12-22,ORD-CL-202612-002847,101005,2026-12-25,Quinta Normal
9.141.930-4,Cliente 9141930,"Calle Merced 790, Santiago, Chile",2026-12-22,ORD-CL-202612-002848,177357,2026-12-24,La Florida
7.366.327-3,Cliente Nuevo 7366327,"Avenida Apoquindo 2531, Santiago, Chile",2026-12-22,ORD-CL-202612-002849,255532,2026-12-25,Santiago
15.558.134-2,Cliente Nuevo 15558134,"Avenida Vitacura 5063, Santiago, Chile",2026-12-22,ORD-CL-202612-002850,159842,2026-12-26,Quinta Normal
8.156.680-3,Cliente Nuevo 8156680,"Avenida Las Condes 6476, Santiago, Chile",2026-12-22,ORD-CL-202612-002851,116657,2026-12-26,Peñalolén
18.068.821-7,Cliente 18068821,"Avenida Departamental 3939, Santiago, Chile",2026-12-22,ORD-CL-202612-002852,123869,2026-12-24,Puente Alto
10.975.161-8,Cliente 10975161,"Avenida Kennedy 9263, Santiago, Chile",2026-12-22,ORD-CL-202612-002853,82804,2026-12-24,La Reina
21.259.045-6,Cliente 21259045,"Avenida Pajaritos 7853, Santiago, Chile",2026-12-22,ORD-CL-202612-002854,57916,2026-12-25,Peñalolén
8.206.285-3,Cliente Nuevo 8206285,"Calle San Diego 1311, Santiago, Chile",2026-12-22,ORD-CL-202612-002855,69244,2026-12-24,La Reina
11.862.103-1,Cliente Nuevo 11862103,"Calle Huérfanos 5182, Santiago, Chile",2026-12-22,ORD-CL-202612-002856,280839,2026-12-24,Quinta Normal
11.580.340-6,Cliente Nuevo 11580340,"Avenida Grecia 9490, Santiago, Chile",2026-12-22,ORD-CL-202612-002857,243321,2026-12-25,Estación Central
14.317.726-4,Cliente 14317726,"Avenida La Florida 1002, Santiago, Chile",2026-12-22,ORD-CL-202612-002858,136792,2026-12-26,Peñalolén
11.808.530-0,Cliente Nuevo 11808530,"Calle Huérfanos 9096, Santiago, Chile",2026-12-22,ORD-CL-202612-002859,93212,2026-12-26,Santiago
18.727.533-8,Cliente Nuevo 18727533,"Avenida Irarrázaval 3489, Santiago, Chile",2026-12-22,ORD-CL-202612-002860,218487,2026-12-24,Quinta Normal
15.118.916-1,Cliente Nuevo 15118916,"Avenida Vicuña Mackenna 3841, Santiago, Chile",2026-12-22,ORD-CL-202612-002861,117826,2026-12-26,Las Condes
13.168.967-9,Cliente Nuevo 13168967,"Avenida Recoleta 6597, Santiago, Chile",2026-12-22,ORD-CL-202612-002862,89354,2026-12-24,La Reina
18.647.027-7,Cliente Nuevo 18647027,"Avenida La Florida 593, Santiago, Chile",2026-12-22,ORD-CL-202612-002863,157960,2026-12-26,Vitacura
12.601.567-6,Cliente 12601567,"Avenida Manuel Montt 8763, Santiago, Chile",2026-12-22,ORD-CL-202612-002864,253585,2026-12-26,Peñalolén
6.456.670-0,Cliente Nuevo 6456670,"Calle Monjitas 992, Santiago, Chile",2026-12-22,ORD-CL-202612-002865,133818,2026-12-24,Vitacura
5.363.349-1,Cliente 5363349,"Avenida Tobalaba 473, Santiago, Chile",2026-12-22,ORD-CL-202612-002866,109656,2026-12-25,Santiago
18.377.372-5,Cliente Nuevo 18377372,"Avenida Vicuña Mackenna 3942, Santiago, Chile",2026-12-22,ORD-CL-202612-002867,90471,2026-12-24,San Miguel
8.508.000-3,Cliente 8508000,"Avenida Las Condes 3917, Santiago, Chile",2026-12-22,ORD-CL-202612-002868,102920,2026-12-24,Puente Alto
6.505.448-5,Cliente 6505448,"Avenida La Florida 3026, Santiago, Chile",2026-12-22,ORD-CL-202612-002869,175141,2026-12-24,Santiago
20.753.201-0,Cliente Nuevo 20753201,"Avenida Las Condes 4005, Santiago, Chile",2026-12-22,ORD-CL-202612-002870,327293,2026-12-23,La Reina
15.520.368-2,Cliente Nuevo 15520368,"Calle San Diego 1694, Santiago, Chile",2026-12-22,ORD-CL-202612-002871,81936,2026-12-24,Vitacura
20.668.353-0,Cliente 20668353,"Avenida Recoleta 8699, Santiago, Chile",2026-12-22,ORD-CL-202612-002872,109401,2026-12-25,Puente Alto
16.302.192-8,Cliente 16302192,"Calle Bandera 5901, Santiago, Chile",2026-12-22,ORD-CL-202612-002873,97035,2026-12-24,La Florida
17.904.645-9,Cliente 17904645,"Avenida Grecia 4822, Santiago, Chile",2026-12-22,ORD-CL-202612-002874,174630,2026-12-26,Santiago
11.580.340-6,Cliente Nuevo 11580340,"Avenida Grecia 9490, Santiago, Chile",2026-12-22,ORD-CL-202612-002875,108223,2026-12-25,Estación Central
8.447.364-0,Cliente 8447364,"Avenida Irarrázaval 640, Santiago, Chile",2026-12-22,ORD-CL-202612-002876,138860,2026-12-24,Lo Prado
21.836.478-9,Cliente Nuevo 21836478,"Calle San Diego 3231, Santiago, Chile",2026-12-22,ORD-CL-202612-002877,336354,2026-12-24,Peñalolén
5.334.001-7,Cliente Nuevo 5334001,"Calle Amunátegui 336, Santiago, Chile",2026-12-22,ORD-CL-202612-002878,300985,2026-12-24,Estación Central
6.221.285-6,Cliente 6221285,"Avenida Libertador Bernardo O'Higgins 8974, Santiago, Chile",2026-12-22,ORD-CL-202612-002879,95036,2026-12-25,Estación Central
21.546.217-3,Cliente Nuevo 21546217,"Avenida Pedro De Valdivia 8264, Santiago, Chile",2026-12-22,ORD-CL-202612-002880,249482,2026-12-26,Puente Alto
20.147.460-3,Cliente 20147460,"Avenida Apoquindo 5322, Santiago, Chile",2026-12-22,ORD-CL-202612-002881,57373,2026-12-26,Santiago
20.510.095-7,Cliente Nuevo 20510095,"Avenida Libertador Bernardo O'Higgins 5771, Santiago, Chile",2026-12-22,ORD-CL-202612-002882,82375,2026-12-25,Santiago
6.511.881-7,Cliente Nuevo 6511881,"Avenida Américo Vespucio 9745, Santiago, Chile",2026-12-22,ORD-CL-202612-002883,110731,2026-12-23,Lo Prado
19.479.592-8,Cliente Nuevo 19479592,"Calle Morandé 1311, Santiago, Chile",2026-12-22,ORD-CL-202612-002884,152644,2026-12-24,Puente Alto
18.563.792-4,Cliente Nuevo 18563792,"Calle Arturo Prat 1108, Santiago, Chile",2026-12-22,ORD-CL-202612-002885,163052,2026-12-25,Independencia
12.660.541-2,Cliente 12660541,"Calle Arturo Prat 4097, Santiago, Chile",2026-12-22,ORD-CL-202612-002886,154845,2026-12-25,Santiago
5.538.773-7,Cliente Nuevo 5538773,"Calle Teatinos 4659, Santiago, Chile",2026-12-22,ORD-CL-202612-002887,125563,2026-12-26,La Florida
15.658.830-6,Cliente Nuevo 15658830,"Calle Teatinos 8353, Santiago, Chile",2026-12-22,ORD-CL-202612-002888,162649,2026-12-27,Peñalolén
15.053.465-6,Cliente Nuevo 15053465,"Avenida Libertador Bernardo O'Higgins 7332, Santiago, Chile",2026-12-22,ORD-CL-202612-002889,138410,2026-12-26,Estación Central
13.452.771-8,Cliente Nuevo 13452771,"Avenida Las Condes 8964, Santiago, Chile",2026-12-22,ORD-CL-202612-002890,75406,2026-12-25,Las Condes
20.328.731-5,Cliente Nuevo 20328731,"Avenida Pajaritos 9996, Santiago, Chile",2026-12-22,ORD-CL-202612-002891,139608,2026-12-25,Las Condes
7.686.773-4,Cliente Nuevo 7686773,"Avenida Manuel Montt 4785, Santiago, Chile",2026-12-22,ORD-CL-202612-002892,163244,2026-12-25,Providencia
16.310.367-1,Cliente Nuevo 16310367,"Avenida Pajaritos 3675, Santiago, Chile",2026-12-22,ORD-CL-202612-002893,102674,2026-12-25,Independencia
8.789.979-5,Cliente 8789979,"Calle Merced 4786, Santiago, Chile",2026-12-22,ORD-CL-202612-002894,96360,2026-12-26,Providencia
9.638.228-3,Cliente 9638228,"Avenida Vicuña Mackenna 6257, Santiago, Chile",2026-12-22,ORD-CL-202612-002895,81822,2026-12-26,Quinta Normal
18.090.741-8,Cliente 18090741,"Calle Estado 4482, Santiago, Chile",2026-12-22,ORD-CL-202612-002896,265729,2026-12-25,La Florida
8.672.977-1,Cliente 8672977,"Calle Amunátegui 9635, Santiago, Chile",2026-12-22,ORD-CL-202612-002897,339506,2026-12-24,Santiago
8.998.099-5,Cliente Nuevo 8998099,"Avenida Las Condes 539, Santiago, Chile",2026-12-22,ORD-CL-202612-002898,121791,2026-12-25,Santiago
18.489.688-3,Cliente 18489688,"Avenida Kennedy 5660, Santiago, Chile",2026-12-22,ORD-CL-202612-002899,225133,2026-12-25,Estación Central
10.584.097-1,Cliente Nuevo 10584097,"Calle San Antonio 17, Santiago, Chile",2026-12-22,ORD-CL-202612-002900,239796,2026-12-23,Lo Prado
13.487.640-4,Cliente Nuevo 13487640,"Calle Bandera 589, Santiago, Chile",2026-12-22,ORD-CL-202612-002901,118368,2026-12-24,Las Condes
18.274.857-0,Cliente Nuevo 18274857,"Avenida Manuel Montt 5054, Santiago, Chile",2026-12-22,ORD-CL-202612-002902,256578,2026-12-25,Las Condes
12.274.584-2,Cliente Nuevo 12274584,"Avenida Matta 5768, Santiago, Chile",2026-12-22,ORD-CL-202612-002903,126066,2026-12-26,Puente Alto
19.942.029-2,Cliente 19942029,"Calle Bandera 7833, Santiago, Chile",2026-12-22,ORD-CL-202612-002904,196509,2026-12-26,Santiago
7.248.863-4,Cliente Nuevo 7248863,"Calle Estado 3917, Santiago, Chile",2026-12-22,ORD-CL-202612-002905,70862,2026-12-26,La Florida
7.411.334-2,Cliente 7411334,"Gran Avenida José Miguel Carrera 3534, Santiago, Chile",2026-12-22,ORD-CL-202612-002906,102602,2026-12-26,Providencia
22.476.617-7,Cliente Nuevo 22476617,"Calle Teatinos 6266, Santiago, Chile",2026-12-22,ORD-CL-202612-002907,300681,2026-12-25,Providencia
14.396.007-4,Cliente 14396007,"Gran Avenida José Miguel Carrera 1517, Santiago, Chile",2026-12-22,ORD-CL-202612-002908,145574,2026-12-26,San Miguel
5.884.281-4,Cliente 5884281,"Avenida Grecia 8422, Santiago, Chile",2026-12-22,ORD-CL-202612-002909,206275,2026-12-25,Peñalolén
13.654.486-3,Cliente 13654486,"Calle Huérfanos 3296, Santiago, Chile",2026-12-22,ORD-CL-202612-002910,150886,2026-12-24,La Reina
10.807.050-1,Cliente 10807050,"Calle San Diego 9203, Santiago, Chile",2026-12-22,ORD-CL-202612-002911,148587,2026-12-23,Santiago
21.465.845-4,Cliente 21465845,"Calle Merced 6504, Santiago, Chile",2026-12-22,ORD-CL-202612-002912,155130,2026-12-24,Santiago
7.486.777-6,Cliente 7486777,"Avenida Recoleta 4097, Santiago, Chile",2026-12-22,ORD-CL-202612-002913,150090,2026-12-25,Estación Central
14.396.007-4,Cliente 14396007,"Gran Avenida José Miguel Carrera 1517, Santiago, Chile",2026-12-22,ORD-CL-202612-002914,81222,2026-12-25,San Miguel
19.045.111-0,Cliente 19045111,"Avenida Macul 5144, Santiago, Chile",2026-12-22,ORD-CL-202612-002915,103620,2026-12-26,Providencia
18.535.055-4,Cliente 18535055,"Avenida Providencia 8811, Santiago, Chile",2026-12-22,ORD-CL-202612-002916,332495,2026-12-24,Santiago
10.967.839-0,Cliente 10967839,"Avenida La Florida 9336, Santiago, Chile",2026-12-22,ORD-CL-202612-002917,167137,2026-12-26,Lo Prado
18.208.118-9,Cliente 18208118,"Avenida Irarrázaval 2790, Santiago, Chile",2026-12-22,ORD-CL-202612-002918,116531,2026-12-25,Las Condes
18.617.683-9,Cliente Nuevo 18617683,"Calle Estado 8845, Santiago, Chile",2026-12-22,ORD-CL-202612-002919,53700,2026-12-25,Estación Central
16.274.233-1,Cliente Nuevo 16274233,"Avenida Grecia 1105, Santiago, Chile",2026-12-22,ORD-CL-202612-002920,103624,2026-12-25,Santiago
13.859.752-7,Cliente Nuevo 13859752,"Avenida Matta 5760, Santiago, Chile",2026-12-22,ORD-CL-202612-002921,94832,2026-12-25,Santiago
20.773.272-7,Cliente Nuevo 20773272,"Calle Santo Domingo 6237, Santiago, Chile",2026-12-22,ORD-CL-202612-002922,76470,2026-12-23,Puente Alto
19.414.022-1,Cliente Nuevo 19414022,"Calle Santo Domingo 8278, Santiago, Chile",2026-12-22,ORD-CL-202612-002923,226188,2026-12-25,Santiago
9.212.915-7,Cliente 9212915,"Avenida Grecia 7352, Santiago, Chile",2026-12-22,ORD-CL-202612-002924,293349,2026-12-25,La Florida
15.118.916-1,Cliente Nuevo 15118916,"Avenida Vicuña Mackenna 3841, Santiago, Chile",2026-12-22,ORD-CL-202612-002925,101831,2026-12-26,Las Condes
14.775.032-2,Cliente 14775032,"Avenida Departamental 2113, Santiago, Chile",2026-12-22,ORD-CL-202612-002926,57314,2026-12-24,Estación Central
10.835.086-8,Cliente 10835086,"Calle Monjitas 4534, Santiago, Chile",2026-12-22,ORD-CL-202612-002927,263695,2026-12-26,Las Condes
9.965.545-2,Cliente Nuevo 9965545,"Avenida Kennedy 7678, Santiago, Chile",2026-12-22,ORD-CL-202612-002928,219498,2026-12-24,Recoleta
17.008.500-2,Cliente Nuevo 17008500,"Avenida Libertador Bernardo O'Higgins 2693, Santiago, Chile",2026-12-22,ORD-CL-202612-002929,200930,2026-12-25,Santiago
8.613.975-1,Cliente Nuevo 8613975,"Avenida Tobalaba 8129, Santiago, Chile",2026-12-22,ORD-CL-202612-002930,110520,2026-12-26,La Florida
16.535.210-6,Cliente Nuevo 16535210,"Calle Santo Domingo 3573, Santiago, Chile",2026-12-22,ORD-CL-202612-002931,93995,2026-12-27,Santiago
21.890.821-6,Cliente Nuevo 21890821,"Avenida Santa Rosa 6201, Santiago, Chile",2026-12-22,ORD-CL-202612-002932,196237,2026-12-25,Independencia
11.020.590-6,Cliente 11020590,"Avenida Libertador Bernardo O'Higgins 6436, Santiago, Chile",2026-12-22,ORD-CL-202612-002933,145275,2026-12-27,Las Condes
12.817.209-1,Cliente 12817209,"Avenida Recoleta 532, Santiago, Chile",2026-12-22,ORD-CL-202612-002934,95840,2026-12-25,La Florida
13.654.486-3,Cliente 13654486,"Calle Huérfanos 3296, Santiago, Chile",2026-12-22,ORD-CL-202612-002935,134188,2026-12-24,La Reina
6.334.282-1,Cliente Nuevo 6334282,"Avenida Pedro De Valdivia 7852, Santiago, Chile",2026-12-22,ORD-CL-202612-002936,83947,2026-12-24,La Reina
9.687.674-9,Cliente Nuevo 9687674,"Avenida Kennedy 2206, Santiago, Chile",2026-12-22,ORD-CL-202612-002937,147997,2026-12-25,Independencia
5.930.869-0,Cliente Nuevo 5930869,"Avenida Américo Vespucio 1323, Santiago, Chile",2026-12-22,ORD-CL-202612-002938,272683,2026-12-26,Vitacura
6.611.326-6,Cliente 6611326,"Calle Teatinos 9786, Santiago, Chile",2026-12-22,ORD-CL-202612-002939,66287,2026-12-25,Estación Central
15.682.716-5,Cliente 15682716,"Avenida Vicuña Mackenna 7595, Santiago, Chile",2026-12-22,ORD-CL-202612-002940,81288,2026-12-24,Puente Alto
18.197.694-3,Cliente Nuevo 18197694,"Avenida Las Condes 1349, Santiago, Chile",2026-12-22,ORD-CL-202612-002941,194882,2026-12-27,Santiago
6.899.786-1,Cliente 6899786,"Calle Merced 6738, Santiago, Chile",2026-12-22,ORD-CL-202612-002942,142175,2026-12-24,Lo Prado
20.554.353-7,Cliente Nuevo 20554353,"Avenida Vitacura 7753, Santiago, Chile",2026-12-22,ORD-CL-202612-002943,296334,2026-12-24,Quinta Normal
12.154.464-4,Cliente 12154464,"Avenida Recoleta 7333, Santiago, Chile",2026-12-22,ORD-CL-202612-002944,111183,2026-12-26,Santiago
12.878.863-4,Cliente Nuevo 12878863,"Calle Monjitas 2918, Santiago, Chile",2026-12-22,ORD-CL-202612-002945,313992,2026-12-25,Estación Central
19.564.805-9,Cliente Nuevo 19564805,"Avenida Santa Rosa 9214, Santiago, Chile",2026-12-22,ORD-CL-202612-002946,295360,2026-12-24,La Florida
6.490.338-3,Cliente Nuevo 6490338,"Avenida Macul 8196, Santiago, Chile",2026-12-22,ORD-CL-202612-002947,211800,2026-12-23,Santiago
15.073.105-3,Cliente Nuevo 15073105,"Avenida La Florida 8463, Santiago, Chile",2026-12-22,ORD-CL-202612-002948,186499,2026-12-23,Estación Central
9.469.164-6,Cliente Nuevo 9469164,"Avenida Apoquindo 241, Santiago, Chile",2026-12-22,ORD-CL-202612-002949,168641,2026-12-25,La Florida
17.604.610-9,Cliente Nuevo 17604610,"Gran Avenida José Miguel Carrera 9698, Santiago, Chile",2026-12-22,ORD-CL-202612-002950,292162,2026-12-25,Lo Prado
15.727.043-8,Cliente Nuevo 15727043,"Calle San Antonio 7767, Santiago, Chile",2026-12-22,ORD-CL-202612-002951,83552,2026-12-26,Santiago
17.118.163-5,Cliente Nuevo 17118163,"Calle Teatinos 8205, Santiago, Chile",2026-12-22,ORD-CL-202612-002952,248530,2026-12-24,San Miguel
17.106.870-6,Cliente 17106870,"Avenida Recoleta 5324, Santiago, Chile",2026-12-22,ORD-CL-202612-002953,232530,2026-12-24,Providencia
22.080.557-4,Cliente 22080557,"Calle Arturo Prat 5241, Santiago, Chile",2026-12-22,ORD-CL-202612-002954,75909,2026-12-25,Estación Central
10.461.970-9,Cliente 10461970,"Calle Catedral 3069, Santiago, Chile",2026-12-22,ORD-CL-202612-002955,110065,2026-12-24,Santiago
9.727.696-0,Cliente Nuevo 9727696,"Avenida Pajaritos 2452, Santiago, Chile",2026-12-22,ORD-CL-202612-002956,73700,2026-12-26,La Florida
15.844.395-1,Cliente Nuevo 15844395,"Gran Avenida José Miguel Carrera 1569, Santiago, Chile",2026-12-22,ORD-CL-202612-002957,154671,2026-12-25,Santiago
16.946.426-7,Cliente 16946426,"Calle Catedral 4222, Santiago, Chile",2026-12-22,ORD-CL-202612-002958,123056,2026-12-25,La Reina
14.807.239-6,Cliente Nuevo 14807239,"Avenida Santa Rosa 8489, Santiago, Chile",2026-12-22,ORD-CL-202612-002959,310080,2026-12-24,Peñalolén
5.690.235-2,Cliente Nuevo 5690235,"Calle Teatinos 7362, Santiago, Chile",2026-12-22,ORD-CL-202612-002960,224101,2026-12-23,Quinta Normal
11.543.676-7,Cliente Nuevo 11543676,"Avenida Providencia 7897, Santiago, Chile",2026-12-22,ORD-CL-202612-002961,105199,2026-12-24,Puente Alto
12.205.892-8,Cliente Nuevo 12205892,"Avenida Pedro De Valdivia 968, Santiago, Chile",2026-12-22,ORD-CL-202612-002962,118898,2026-12-26,Lo Prado
15.301.216-5,Cliente 15301216,"Avenida Vicuña Mackenna 8405, Santiago, Chile",2026-12-22,ORD-CL-202612-002963,106566,2026-12-25,Peñalolén
10.850.565-0,Cliente Nuevo 10850565,"Avenida Providencia 178, Santiago, Chile",2026-12-22,ORD-CL-202612-002964,177402,2026-12-24,Providencia
14.985.748-7,Cliente Nuevo 14985748,"Calle Estado 2000, Santiago, Chile",2026-12-22,ORD-CL-202612-002965,192254,2026-12-24,Providencia
10.150.216-4,Cliente 10150216,"Avenida Kennedy 2183, Santiago, Chile",2026-12-22,ORD-CL-202612-002966,209330,2026-12-24,Lo Prado
8.890.593-4,Cliente 8890593,"Avenida Mapocho 1166, Santiago, Chile",2026-12-22,ORD-CL-202612-002967,81511,2026-12-25,Peñalolén
17.416.421-8,Cliente 17416421,"Avenida Libertador Bernardo O'Higgins 8614, Santiago, Chile",2026-12-22,ORD-CL-202612-002968,68517,2026-12-26,Puente Alto
11.338.808-7,Cliente Nuevo 11338808,"Avenida Américo Vespucio 6368, Santiago, Chile",2026-12-23,ORD-CL-202612-002969,196514,2026-12-26,Santiago
22.031.223-7,Cliente 22031223,"Calle Amunátegui 3146, Santiago, Chile",2026-12-23,ORD-CL-202612-002970,115527,2026-12-25,Las Condes
6.639.541-7,Cliente 6639541,"Calle Amunátegui 7313, Santiago, Chile",2026-12-23,ORD-CL-202612-002971,166285,2026-12-26,Puente Alto
8.069.807-6,Cliente Nuevo 8069807,"Avenida Kennedy 9507, Santiago, Chile",2026-12-23,ORD-CL-202612-002972,146385,2026-12-25,Providencia
10.801.853-9,Cliente Nuevo 10801853,"Avenida Américo Vespucio 3713, Santiago, Chile",2026-12-23,ORD-CL-202612-002973,147857,2026-12-27,La Florida
9.227.638-2,Cliente Nuevo 9227638,"Calle Morandé 6785, Santiago, Chile",2026-12-23,ORD-CL-202612-002974,89704,2026-12-24,Quinta Normal
18.703.672-4,Cliente 18703672,"Calle Merced 4196, Santiago, Chile",2026-12-23,ORD-CL-202612-002975,66424,2026-12-27,Recoleta
18.772.291-2,Cliente 18772291,"Calle San Antonio 7092, Santiago, Chile",2026-12-23,ORD-CL-202612-002976,59548,2026-12-26,La Florida
13.752.238-8,Cliente 13752238,"Calle Estado 9631, Santiago, Chile",2026-12-23,ORD-CL-202612-002977,117876,2026-12-26,Santiago
12.883.674-1,Cliente Nuevo 12883674,"Avenida Irarrázaval 9906, Santiago, Chile",2026-12-23,ORD-CL-202612-002978,148083,2026-12-27,Independencia
17.342.737-7,Cliente Nuevo 17342737,"Avenida Las Condes 5550, Santiago, Chile",2026-12-23,ORD-CL-202612-002979,315017,2026-12-25,Santiago
5.406.344-2,Cliente Nuevo 5406344,"Avenida Vicuña Mackenna 4060, Santiago, Chile",2026-12-23,ORD-CL-202612-002980,107303,2026-12-27,Estación Central
14.819.086-2,Cliente 14819086,"Avenida Providencia 2855, Santiago, Chile",2026-12-23,ORD-CL-202612-002981,240005,2026-12-25,Lo Prado
18.748.937-1,Cliente 18748937,"Avenida Pajaritos 737, Santiago, Chile",2026-12-23,ORD-CL-202612-002982,171444,2026-12-26,Santiago
19.561.748-8,Cliente 19561748,"Gran Avenida José Miguel Carrera 5271, Santiago, Chile",2026-12-23,ORD-CL-202612-002983,45729,2026-12-25,Puente Alto
7.144.201-2,Cliente Nuevo 7144201,"Avenida Vicuña Mackenna 3988, Santiago, Chile",2026-12-23,ORD-CL-202612-002984,278959,2026-12-26,La Reina
13.613.198-1,Cliente 13613198,"Gran Avenida José Miguel Carrera 2252, Santiago, Chile",2026-12-23,ORD-CL-202612-002985,93591,2026-12-25,Lo Prado
11.809.661-3,Cliente Nuevo 11809661,"Avenida Américo Vespucio 5981, Santiago, Chile",2026-12-23,ORD-CL-202612-002986,94152,2026-12-25,Santiago
17.978.490-4,Cliente 17978490,"Avenida Kennedy 6477, Santiago, Chile",2026-12-23,ORD-CL-202612-002987,83830,2026-12-25,Santiago
11.129.913-9,Cliente 11129913,"Calle Arturo Prat 8549, Santiago, Chile",2026-12-23,ORD-CL-202612-002988,289765,2026-12-25,Vitacura
6.406.935-9,Cliente Nuevo 6406935,"Calle San Diego 2159, Santiago, Chile",2026-12-23,ORD-CL-202612-002989,96877,2026-12-26,Estación Central
16.664.462-9,Cliente 16664462,"Avenida Manuel Montt 2208, Santiago, Chile",2026-12-23,ORD-CL-202612-002990,137616,2026-12-26,Recoleta
20.562.021-8,Cliente Nuevo 20562021,"Gran Avenida José Miguel Carrera 5359, Santiago, Chile",2026-12-23,ORD-CL-202612-002991,134742,2026-12-25,La Reina
21.662.568-4,Cliente 21662568,"Avenida Mapocho 5583, Santiago, Chile",2026-12-23,ORD-CL-202612-002992,241836,2026-12-25,Santiago
14.683.119-6,Cliente Nuevo 14683119,"Avenida Departamental 820, Santiago, Chile",2026-12-23,ORD-CL-202612-002993,268378,2026-12-25,Puente Alto
16.946.891-7,Cliente 16946891,"Avenida Pajaritos 7516, Santiago, Chile",2026-12-23,ORD-CL-202612-002994,173147,2026-12-24,Santiago
9.180.885-9,Cliente Nuevo 9180885,"Avenida Kennedy 6061, Santiago, Chile",2026-12-23,ORD-CL-202612-002995,162901,2026-12-25,Santiago
7.396.585-3,Cliente 7396585,"Avenida Departamental 2586, Santiago, Chile",2026-12-23,ORD-CL-202612-002996,123469,2026-12-25,Santiago
22.706.642-3,Cliente 22706642,"Gran Avenida José Miguel Carrera 9888, Santiago, Chile",2026-12-23,ORD-CL-202612-002997,232798,2026-12-24,Santiago
13.132.045-6,Cliente 13132045,"Avenida Apoquindo 1730, Santiago, Chile",2026-12-23,ORD-CL-202612-002998,211331,2026-12-26,Recoleta
6.765.812-7,Cliente 6765812,"Avenida Américo Vespucio 609, Santiago, Chile",2026-12-23,ORD-CL-202612-002999,100340,2026-12-25,Providencia
14.089.104-8,Cliente Nuevo 14089104,"Avenida La Florida 9439, Santiago, Chile",2026-12-23,ORD-CL-202612-003000,277239,2026-12-25,Santiago
14.092.820-9,Cliente Nuevo 14092820,"Avenida Américo Vespucio 5192, Santiago, Chile",2026-12-23,ORD-CL-202612-003001,183761,2026-12-26,Vitacura
9.668.187-9,Cliente Nuevo 9668187,"Avenida Grecia 5358, Santiago, Chile",2026-12-23,ORD-CL-202612-003002,111252,2026-12-25,Quinta Normal
21.171.484-4,Cliente 21171484,"Calle Morandé 9783, Santiago, Chile",2026-12-23,ORD-CL-202612-003003,148324,2026-12-26,Estación Central
8.402.871-2,Cliente Nuevo 8402871,"Avenida Recoleta 1088, Santiago, Chile",2026-12-23,ORD-CL-202612-003004,167105,2026-12-27,Puente Alto
16.945.239-0,Cliente 16945239,"Avenida Recoleta 1288, Santiago, Chile",2026-12-23,ORD-CL-202612-003005,131107,2026-12-25,Vitacura
8.140.990-3,Cliente Nuevo 8140990,"Gran Avenida José Miguel Carrera 9042, Santiago, Chile",2026-12-23,ORD-CL-202612-003006,178462,2026-12-27,San Miguel
13.227.312-6,Cliente Nuevo 13227312,"Avenida Vitacura 1784, Santiago, Chile",2026-12-23,ORD-CL-202612-003007,274518,2026-12-25,Lo Prado
15.010.840-6,Cliente 15010840,"Calle Amunátegui 5187, Santiago, Chile",2026-12-23,ORD-CL-202612-003008,220914,2026-12-26,Recoleta
22.275.515-0,Cliente 22275515,"Avenida Grecia 6734, Santiago, Chile",2026-12-23,ORD-CL-202612-003009,246011,2026-12-25,La Reina
12.210.986-5,Cliente 12210986,"Avenida Providencia 5225, Santiago, Chile",2026-12-23,ORD-CL-202612-003010,119687,2026-12-26,Las Condes
13.730.612-4,Cliente Nuevo 13730612,"Calle Teatinos 1095, Santiago, Chile",2026-12-23,ORD-CL-202612-003011,158049,2026-12-26,Puente Alto
20.245.626-0,Cliente Nuevo 20245626,"Avenida Providencia 8825, Santiago, Chile",2026-12-23,ORD-CL-202612-003012,97087,2026-12-26,Santiago
14.115.596-9,Cliente 14115596,"Calle Merced 8350, Santiago, Chile",2026-12-23,ORD-CL-202612-003013,109374,2026-12-26,Vitacura
18.563.792-4,Cliente Nuevo 18563792,"Calle Arturo Prat 1108, Santiago, Chile",2026-12-23,ORD-CL-202612-003014,305613,2026-12-27,Independencia
12.167.207-7,Cliente Nuevo 12167207,"Calle Monjitas 4146, Santiago, Chile",2026-12-23,ORD-CL-202612-003015,232868,2026-12-26,Estación Central
10.478.164-6,Cliente Nuevo 10478164,"Avenida Recoleta 489, Santiago, Chile",2026-12-23,ORD-CL-202612-003016,220379,2026-12-25,Puente Alto
16.274.233-1,Cliente Nuevo 16274233,"Avenida Grecia 1105, Santiago, Chile",2026-12-23,ORD-CL-202612-003017,132406,2026-12-26,Santiago
8.311.488-1,Cliente 8311488,"Avenida Las Condes 1211, Santiago, Chile",2026-12-23,ORD-CL-202612-003018,52594,2026-12-26,La Florida
17.106.870-6,Cliente 17106870,"Avenida Recoleta 5324, Santiago, Chile",2026-12-23,ORD-CL-202612-003019,98388,2026-12-27,Providencia
7.139.480-8,Cliente 7139480,"Calle Amunátegui 1144, Santiago, Chile",2026-12-23,ORD-CL-202612-003020,200066,2026-12-26,Lo Prado
18.727.533-8,Cliente Nuevo 18727533,"Avenida Irarrázaval 3489, Santiago, Chile",2026-12-23,ORD-CL-202612-003021,230405,2026-12-27,Quinta Normal
7.499.857-0,Cliente Nuevo 7499857,"Calle Santo Domingo 8998, Santiago, Chile",2026-12-23,ORD-CL-202612-003022,195136,2026-12-25,Santiago
9.054.161-7,Cliente Nuevo 9054161,"Avenida Américo Vespucio 382, Santiago, Chile",2026-12-23,ORD-CL-202612-003023,212709,2026-12-25,Santiago
12.514.596-7,Cliente 12514596,"Avenida Pedro De Valdivia 9052, Santiago, Chile",2026-12-23,ORD-CL-202612-003024,73972,2026-12-25,Recoleta
17.182.631-6,Cliente 17182631,"Avenida Matta 3173, Santiago, Chile",2026-12-23,ORD-CL-202612-003025,211221,2026-12-27,Providencia
20.071.065-7,Cliente Nuevo 20071065,"Calle Compañía De Jesús 2750, Santiago, Chile",2026-12-23,ORD-CL-202612-003026,80172,2026-12-25,La Florida
14.899.995-0,Cliente Nuevo 14899995,"Avenida Vicuña Mackenna 578, Santiago, Chile",2026-12-23,ORD-CL-202612-003027,110856,2026-12-25,Santiago
19.204.363-3,Cliente 19204363,"Calle Estado 9717, Santiago, Chile",2026-12-23,ORD-CL-202612-003028,324828,2026-12-27,La Florida
9.035.343-5,Cliente 9035343,"Calle San Antonio 9169, Santiago, Chile",2026-12-23,ORD-CL-202612-003029,176749,2026-12-27,La Reina
8.210.131-4,Cliente 8210131,"Calle Monjitas 2837, Santiago, Chile",2026-12-23,ORD-CL-202612-003030,207752,2026-12-26,Santiago
10.436.716-4,Cliente 10436716,"Avenida Manuel Montt 756, Santiago, Chile",2026-12-23,ORD-CL-202612-003031,63322,2026-12-26,Providencia
5.535.738-4,Cliente 5535738,"Calle Bandera 5032, Santiago, Chile",2026-12-23,ORD-CL-202612-003032,147860,2026-12-25,Puente Alto
16.263.046-0,Cliente Nuevo 16263046,"Avenida Kennedy 8978, Santiago, Chile",2026-12-23,ORD-CL-202612-003033,201474,2026-12-26,San Miguel
13.033.877-0,Cliente Nuevo 13033877,"Avenida Pedro De Valdivia 9814, Santiago, Chile",2026-12-23,ORD-CL-202612-003034,106559,2026-12-27,Lo Prado
12.030.262-8,Cliente 12030262,"Calle Arturo Prat 3825, Santiago, Chile",2026-12-23,ORD-CL-202612-003035,318890,2026-12-25,Independencia
18.505.871-0,Cliente 18505871,"Calle Catedral 9619, Santiago, Chile",2026-12-23,ORD-CL-202612-003036,93032,2026-12-26,La Florida
20.394.144-0,Cliente Nuevo 20394144,"Avenida Vitacura 657, Santiago, Chile",2026-12-23,ORD-CL-202612-003037,66831,2026-12-26,Puente Alto
13.103.155-4,Cliente Nuevo 13103155,"Calle San Antonio 8093, Santiago, Chile",2026-12-23,ORD-CL-202612-003038,151966,2026-12-25,Santiago
8.127.508-3,Cliente Nuevo 8127508,"Avenida Apoquindo 5983, Santiago, Chile",2026-12-23,ORD-CL-202612-003039,124349,2026-12-25,Vitacura
13.587.066-1,Cliente Nuevo 13587066,"Gran Avenida José Miguel Carrera 8824, Santiago, Chile",2026-12-23,ORD-CL-202612-003040,210046,2026-12-27,Quinta Normal
5.766.336-6,Cliente Nuevo 5766336,"Calle Catedral 2585, Santiago, Chile",2026-12-23,ORD-CL-202612-003041,128716,2026-12-25,La Florida
9.965.545-2,Cliente Nuevo 9965545,"Avenida Kennedy 7678, Santiago, Chile",2026-12-23,ORD-CL-202612-003042,247901,2026-12-25,Recoleta
15.301.216-5,Cliente 15301216,"Avenida Vicuña Mackenna 8405, Santiago, Chile",2026-12-23,ORD-CL-202612-003043,69714,2026-12-25,Peñalolén
6.041.467-6,Cliente Nuevo 6041467,"Avenida Santa Rosa 4343, Santiago, Chile",2026-12-23,ORD-CL-202612-003044,102361,2026-12-26,Independencia
20.779.131-3,Cliente Nuevo 20779131,"Avenida Matta 4095, Santiago, Chile",2026-12-23,ORD-CL-202612-003045,98589,2026-12-27,Providencia
18.807.122-0,Cliente 18807122,"Avenida Irarrázaval 3792, Santiago, Chile",2026-12-23,ORD-CL-202612-003046,187247,2026-12-26,Las Condes
7.648.841-2,Cliente Nuevo 7648841,"Avenida Manuel Montt 4025, Santiago, Chile",2026-12-23,ORD-CL-202612-003047,189689,2026-12-24,Santiago
5.321.451-8,Cliente Nuevo 5321451,"Avenida Américo Vespucio 3680, Santiago, Chile",2026-12-23,ORD-CL-202612-003048,108873,2026-12-26,Santiago
21.279.894-2,Cliente 21279894,"Calle Catedral 5091, Santiago, Chile",2026-12-23,ORD-CL-202612-003049,106476,2026-12-26,Santiago
17.384.703-9,Cliente 17384703,"Avenida Independencia 8976, Santiago, Chile",2026-12-23,ORD-CL-202612-003050,204679,2026-12-26,Estación Central
8.393.348-0,Cliente Nuevo 8393348,"Avenida Macul 7869, Santiago, Chile",2026-12-23,ORD-CL-202612-003051,194789,2026-12-26,Las Condes
8.995.743-8,Cliente 8995743,"Avenida Santa Rosa 3654, Santiago, Chile",2026-12-23,ORD-CL-202612-003052,201964,2026-12-25,Santiago
12.379.080-7,Cliente Nuevo 12379080,"Calle San Diego 785, Santiago, Chile",2026-12-23,ORD-CL-202612-003053,276177,2026-12-25,Santiago
15.420.688-3,Cliente Nuevo 15420688,"Avenida Tobalaba 4107, Santiago, Chile",2026-12-23,ORD-CL-202612-003054,140364,2026-12-25,Santiago
7.604.506-0,Cliente Nuevo 7604506,"Calle Bandera 7395, Santiago, Chile",2026-12-23,ORD-CL-202612-003055,165681,2026-12-28,La Reina
16.029.558-0,Cliente Nuevo 16029558,"Avenida Matta 5475, Santiago, Chile",2026-12-23,ORD-CL-202612-003056,336536,2026-12-25,La Florida
16.215.384-4,Cliente 16215384,"Avenida Mapocho 8970, Santiago, Chile",2026-12-23,ORD-CL-202612-003057,302609,2026-12-26,La Reina
11.075.593-0,Cliente 11075593,"Calle Catedral 4639, Santiago, Chile",2026-12-23,ORD-CL-202612-003058,169692,2026-12-26,Recoleta
16.689.959-0,Cliente Nuevo 16689959,"Avenida La Florida 9575, Santiago, Chile",2026-12-23,ORD-CL-202612-003059,94157,2026-12-27,San Miguel
5.216.582-9,Cliente Nuevo 5216582,"Avenida Américo Vespucio 2071, Santiago, Chile",2026-12-23,ORD-CL-202612-003060,200846,2026-12-26,Independencia
6.611.326-6,Cliente 6611326,"Calle Teatinos 9786, Santiago, Chile",2026-12-23,ORD-CL-202612-003061,289365,2026-12-25,Estación Central
10.070.774-1,Cliente Nuevo 10070774,"Avenida Independencia 822, Santiago, Chile",2026-12-23,ORD-CL-202612-003062,165245,2026-12-25,Estación Central
16.541.622-3,Cliente 16541622,"Calle Estado 2481, Santiago, Chile",2026-12-23,ORD-CL-202612-003063,74651,2026-12-26,San Miguel
5.621.030-0,Cliente Nuevo 5621030,"Calle Estado 7124, Santiago, Chile",2026-12-23,ORD-CL-202612-003064,222598,2026-12-25,Estación Central
22.564.321-3,Cliente Nuevo 22564321,"Avenida Santa Rosa 1957, Santiago, Chile",2026-12-23,ORD-CL-202612-003065,94039,2026-12-25,Peñalolén
17.308.796-5,Cliente 17308796,"Avenida Grecia 7261, Santiago, Chile",2026-12-23,ORD-CL-202612-003066,134601,2026-12-27,Santiago
10.838.437-5,Cliente Nuevo 10838437,"Calle Teatinos 2173, Santiago, Chile",2026-12-23,ORD-CL-202612-003067,181456,2026-12-28,Santiago
19.268.872-3,Cliente Nuevo 19268872,"Calle Estado 3858, Santiago, Chile",2026-12-23,ORD-CL-202612-003068,205215,2026-12-25,Peñalolén
12.666.103-1,Cliente Nuevo 12666103,"Avenida Departamental 129, Santiago, Chile",2026-12-23,ORD-CL-202612-003069,189871,2026-12-26,La Reina
15.275.177-6,Cliente Nuevo 15275177,"Calle Teatinos 7543, Santiago, Chile",2026-12-23,ORD-CL-202612-003070,164564,2026-12-25,La Florida
19.958.614-1,Cliente 19958614,"Avenida La Florida 7523, Santiago, Chile",2026-12-23,ORD-CL-202612-003071,118189,2026-12-25,Lo Prado
12.031.140-9,Cliente Nuevo 12031140,"Calle Teatinos 4148, Santiago, Chile",2026-12-23,ORD-CL-202612-003072,152938,2026-12-26,Quinta Normal
7.684.817-8,Cliente Nuevo 7684817,"Calle San Antonio 9973, Santiago, Chile",2026-12-23,ORD-CL-202612-003073,85335,2026-12-25,Santiago
11.331.335-0,Cliente 11331335,"Avenida Vitacura 5004, Santiago, Chile",2026-12-23,ORD-CL-202612-003074,95617,2026-12-25,San Miguel
21.891.734-5,Cliente Nuevo 21891734,"Avenida Pajaritos 933, Santiago, Chile",2026-12-23,ORD-CL-202612-003075,55569,2026-12-27,Vitacura
16.095.874-3,Cliente Nuevo 16095874,"Avenida Vitacura 2253, Santiago, Chile",2026-12-23,ORD-CL-202612-003076,103023,2026-12-25,Santiago
17.271.579-6,Cliente 17271579,"Calle Amunátegui 3570, Santiago, Chile",2026-12-23,ORD-CL-202612-003077,169001,2026-12-26,Lo Prado
7.486.777-6,Cliente 7486777,"Avenida Recoleta 4097, Santiago, Chile",2026-12-23,ORD-CL-202612-003078,72917,2026-12-26,Estación Central
19.464.509-3,Cliente 19464509,"Avenida Libertador Bernardo O'Higgins 2778, Santiago, Chile",2026-12-23,ORD-CL-202612-003079,89172,2026-12-25,Recoleta
8.508.000-3,Cliente 8508000,"Avenida Las Condes 3917, Santiago, Chile",2026-12-23,ORD-CL-202612-003080,82960,2026-12-25,Puente Alto
21.841.892-1,Cliente 21841892,"Avenida Kennedy 9846, Santiago, Chile",2026-12-23,ORD-CL-202612-003081,110794,2026-12-26,La Reina
20.908.311-4,Cliente Nuevo 20908311,"Calle Compañía De Jesús 1826, Santiago, Chile",2026-12-23,ORD-CL-202612-003082,208772,2026-12-26,Recoleta
16.945.239-0,Cliente 16945239,"Avenida Recoleta 1288, Santiago, Chile",2026-12-23,ORD-CL-202612-003083,196028,2026-12-24,Vitacura
19.296.520-0,Cliente Nuevo 19296520,"Calle Teatinos 7786, Santiago, Chile",2026-12-23,ORD-CL-202612-003084,175353,2026-12-27,La Reina
15.732.982-0,Cliente Nuevo 15732982,"Avenida Providencia 1929, Santiago, Chile",2026-12-23,ORD-CL-202612-003085,148543,2026-12-27,La Reina
17.374.943-0,Cliente 17374943,"Avenida Las Condes 5061, Santiago, Chile",2026-12-23,ORD-CL-202612-003086,104661,2026-12-26,Lo Prado
7.614.835-3,Cliente Nuevo 7614835,"Avenida Vitacura 8108, Santiago, Chile",2026-12-23,ORD-CL-202612-003087,142541,2026-12-26,Santiago
8.440.511-5,Cliente Nuevo 8440511,"Avenida Pajaritos 5711, Santiago, Chile",2026-12-23,ORD-CL-202612-003088,213088,2026-12-25,Quinta Normal
14.004.174-2,Cliente 14004174,"Avenida Kennedy 5560, Santiago, Chile",2026-12-23,ORD-CL-202612-003089,253313,2026-12-26,Santiago
20.576.826-3,Cliente Nuevo 20576826,"Calle Compañía De Jesús 9096, Santiago, Chile",2026-12-23,ORD-CL-202612-003090,248117,2026-12-26,Vitacura
21.891.734-5,Cliente Nuevo 21891734,"Avenida Pajaritos 933, Santiago, Chile",2026-12-23,ORD-CL-202612-003091,54483,2026-12-26,Vitacura
13.891.295-4,Cliente Nuevo 13891295,"Calle Merced 920, Santiago, Chile",2026-12-23,ORD-CL-202612-003092,124039,2026-12-25,Independencia
19.962.702-1,Cliente Nuevo 19962702,"Calle Monjitas 8816, Santiago, Chile",2026-12-23,ORD-CL-202612-003093,186263,2026-12-26,Santiago
14.466.059-3,Cliente Nuevo 14466059,"Avenida Las Condes 9155, Santiago, Chile",2026-12-23,ORD-CL-202612-003094,212186,2026-12-25,Santiago
9.166.302-4,Cliente Nuevo 9166302,"Calle Merced 3523, Santiago, Chile",2026-12-23,ORD-CL-202612-003095,128128,2026-12-26,Independencia
5.318.872-4,Cliente Nuevo 5318872,"Gran Avenida José Miguel Carrera 5847, Santiago, Chile",2026-12-23,ORD-CL-202612-003096,121526,2026-12-25,Peñalolén
9.891.692-5,Cliente 9891692,"Calle San Antonio 9138, Santiago, Chile",2026-12-23,ORD-CL-202612-003097,162551,2026-12-26,Quinta Normal
16.263.046-0,Cliente Nuevo 16263046,"Avenida Kennedy 8978, Santiago, Chile",2026-12-23,ORD-CL-202612-003098,80971,2026-12-27,San Miguel
17.061.453-7,Cliente 17061453,"Avenida Américo Vespucio 6680, Santiago, Chile",2026-12-23,ORD-CL-202612-003099,176899,2026-12-26,Vitacura
15.618.442-9,Cliente 15618442,"Avenida Las Condes 1859, Santiago, Chile",2026-12-23,ORD-CL-202612-003100,89059,2026-12-25,Santiago
16.554.800-3,Cliente 16554800,"Calle Estado 7420, Santiago, Chile",2026-12-23,ORD-CL-202612-003101,73208,2026-12-27,San Miguel
21.024.807-2,Cliente Nuevo 21024807,"Gran Avenida José Miguel Carrera 9351, Santiago, Chile",2026-12-23,ORD-CL-202612-003102,134310,2026-12-24,Vitacura
8.582.936-2,Cliente Nuevo 8582936,"Calle Catedral 9540, Santiago, Chile",2026-12-23,ORD-CL-202612-003103,157159,2026-12-26,La Reina
7.847.660-3,Cliente Nuevo 7847660,"Avenida Kennedy 5225, Santiago, Chile",2026-12-23,ORD-CL-202612-003104,144931,2026-12-26,Santiago
17.144.341-3,Cliente 17144341,"Calle Santo Domingo 1324, Santiago, Chile",2026-12-23,ORD-CL-202612-003105,270354,2026-12-25,Las Condes
5.354.938-9,Cliente 5354938,"Calle Teatinos 2846, Santiago, Chile",2026-12-23,ORD-CL-202612-003106,195652,2026-12-27,Peñalolén
6.643.744-0,Cliente Nuevo 6643744,"Calle Teatinos 1106, Santiago, Chile",2026-12-23,ORD-CL-202612-003107,135969,2026-12-27,Santiago
9.589.933-7,Cliente 9589933,"Avenida Las Condes 9375, Santiago, Chile",2026-12-23,ORD-CL-202612-003108,179344,2026-12-25,Puente Alto
11.292.260-5,Cliente 11292260,"Avenida Irarrázaval 6780, Santiago, Chile",2026-12-23,ORD-CL-202612-003109,92118,2026-12-26,Santiago
5.395.655-0,Cliente 5395655,"Avenida Providencia 4623, Santiago, Chile",2026-12-23,ORD-CL-202612-003110,79975,2026-12-25,Puente Alto
18.670.836-3,Cliente 18670836,"Avenida Las Condes 4296, Santiago, Chile",2026-12-23,ORD-CL-202612-003111,177391,2026-12-26,Vitacura
8.298.073-8,Cliente Nuevo 8298073,"Avenida Vicuña Mackenna 3909, Santiago, Chile",2026-12-23,ORD-CL-202612-003112,217312,2026-12-25,Santiago
14.583.210-8,Cliente 14583210,"Avenida Pedro De Valdivia 3769, Santiago, Chile",2026-12-23,ORD-CL-202612-003113,111983,2026-12-25,San Miguel
15.246.269-4,Cliente Nuevo 15246269,"Avenida Mapocho 8992, Santiago, Chile",2026-12-23,ORD-CL-202612-003114,87100,2026-12-27,Las Condes
19.479.514-5,Cliente Nuevo 19479514,"Avenida Recoleta 4185, Santiago, Chile",2026-12-23,ORD-CL-202612-003115,148114,2026-12-26,Vitacura
11.258.120-3,Cliente Nuevo 11258120,"Avenida Tobalaba 3105, Santiago, Chile",2026-12-23,ORD-CL-202612-003116,79441,2026-12-25,San Miguel
6.014.192-5,Cliente Nuevo 6014192,"Avenida Tobalaba 5337, Santiago, Chile",2026-12-23,ORD-CL-202612-003117,97889,2026-12-28,Santiago
13.867.485-8,Cliente Nuevo 13867485,"Calle Morandé 4830, Santiago, Chile",2026-12-23,ORD-CL-202612-003118,259637,2026-12-26,Vitacura
20.360.998-8,Cliente Nuevo 20360998,"Calle Teatinos 7159, Santiago, Chile",2026-12-23,ORD-CL-202612-003119,162532,2026-12-27,Peñalolén
18.565.702-5,Cliente 18565702,"Calle Teatinos 7205, Santiago, Chile",2026-12-23,ORD-CL-202612-003120,151480,2026-12-25,Santiago
5.263.848-4,Cliente Nuevo 5263848,"Avenida Manuel Montt 8828, Santiago, Chile",2026-12-23,ORD-CL-202612-003121,72300,2026-12-25,Santiago
18.305.966-9,Cliente 18305966,"Calle San Antonio 8832, Santiago, Chile",2026-12-23,ORD-CL-202612-003122,278943,2026-12-27,Lo Prado
8.065.026-6,Cliente Nuevo 8065026,"Calle Teatinos 8982, Santiago, Chile",2026-12-23,ORD-CL-202612-003123,230349,2026-12-27,Vitacura
13.070.120-2,Cliente 13070120,"Calle Monjitas 9966, Santiago, Chile",2026-12-23,ORD-CL-202612-003124,99236,2026-12-25,Santiago
17.893.629-2,Cliente 17893629,"Avenida Tobalaba 2189, Santiago, Chile",2026-12-23,ORD-CL-202612-003125,157121,2026-12-25,Las Condes
22.871.525-8,Cliente Nuevo 22871525,"Calle Huérfanos 4134, Santiago, Chile",2026-12-23,ORD-CL-202612-003126,143594,2026-12-26,Estación Central
5.129.743-6,Cliente Nuevo 5129743,"Avenida Providencia 1433, Santiago, Chile",2026-12-23,ORD-CL-202612-003127,36634,2026-12-26,San Miguel
19.502.629-7,Cliente 19502629,"Calle Amunátegui 3822, Santiago, Chile",2026-12-23,ORD-CL-202612-003128,159314,2026-12-25,Santiago
5.395.655-0,Cliente 5395655,"Avenida Providencia 4623, Santiago, Chile",2026-12-23,ORD-CL-202612-003129,96949,2026-12-26,Puente Alto
17.393.201-5,Cliente 17393201,"Calle Catedral 7006, Santiago, Chile",2026-12-23,ORD-CL-202612-003130,131943,2026-12-25,San Miguel
16.673.704-1,Cliente Nuevo 16673704,"Avenida Kennedy 7479, Santiago, Chile",2026-12-23,ORD-CL-202612-003131,75337,2026-12-26,Independencia
18.650.644-2,Cliente 18650644,"Calle Estado 1144, Santiago, Chile",2026-12-23,ORD-CL-202612-003132,268637,2026-12-25,La Florida
5.334.001-7,Cliente Nuevo 5334001,"Calle Amunátegui 336, Santiago, Chile",2026-12-23,ORD-CL-202612-003133,142300,2026-12-26,Estación Central
18.164.650-9,Cliente Nuevo 18164650,"Calle Amunátegui 6684, Santiago, Chile",2026-12-23,ORD-CL-202612-003134,47625,2026-12-26,Independencia
14.312.280-7,Cliente Nuevo 14312280,"Avenida Santa Rosa 5950, Santiago, Chile",2026-12-23,ORD-CL-202612-003135,128746,2026-12-25,Independencia
12.163.116-7,Cliente Nuevo 12163116,"Calle Bandera 2807, Santiago, Chile",2026-12-23,ORD-CL-202612-003136,142632,2026-12-25,Puente Alto
6.425.990-5,Cliente 6425990,"Avenida Tobalaba 5074, Santiago, Chile",2026-12-23,ORD-CL-202612-003137,203579,2026-12-25,Peñalolén
16.824.448-7,Cliente 16824448,"Avenida Matta 7154, Santiago, Chile",2026-12-24,ORD-CL-202612-003138,76618,2026-12-28,Quinta Normal
18.365.024-4,Cliente 18365024,"Calle Estado 6419, Santiago, Chile",2026-12-24,ORD-CL-202612-003139,230284,2026-12-26,La Florida
18.429.138-2,Cliente 18429138,"Calle Merced 6618, Santiago, Chile",2026-12-24,ORD-CL-202612-003140,147500,2026-12-27,Santiago
21.783.616-1,Cliente 21783616,"Avenida Américo Vespucio 3402, Santiago, Chile",2026-12-24,ORD-CL-202612-003141,232300,2026-12-28,Providencia
9.161.025-8,Cliente Nuevo 9161025,"Avenida Kennedy 5042, Santiago, Chile",2026-12-24,ORD-CL-202612-003142,165908,2026-12-29,Estación Central
19.429.781-7,Cliente 19429781,"Calle Arturo Prat 6209, Santiago, Chile",2026-12-24,ORD-CL-202612-003143,122576,2026-12-26,Independencia
17.297.224-8,Cliente 17297224,"Avenida Independencia 9028, Santiago, Chile",2026-12-24,ORD-CL-202612-003144,263270,2026-12-26,Lo Prado
14.945.612-5,Cliente Nuevo 14945612,"Avenida Matta 4672, Santiago, Chile",2026-12-24,ORD-CL-202612-003145,171293,2026-12-26,Las Condes
21.160.823-8,Cliente Nuevo 21160823,"Calle Catedral 6888, Santiago, Chile",2026-12-24,ORD-CL-202612-003146,235956,2026-12-27,Quinta Normal
8.331.891-5,Cliente Nuevo 8331891,"Avenida Grecia 8650, Santiago, Chile",2026-12-24,ORD-CL-202612-003147,185377,2026-12-26,Independencia
16.494.486-0,Cliente Nuevo 16494486,"Calle San Diego 6793, Santiago, Chile",2026-12-24,ORD-CL-202612-003148,202407,2026-12-25,Santiago
7.836.410-2,Cliente 7836410,"Avenida Irarrázaval 3179, Santiago, Chile",2026-12-24,ORD-CL-202612-003149,205365,2026-12-26,Estación Central
14.004.174-2,Cliente 14004174,"Avenida Kennedy 5560, Santiago, Chile",2026-12-24,ORD-CL-202612-003150,208952,2026-12-28,Santiago
8.688.112-4,Cliente 8688112,"Avenida Irarrázaval 4204, Santiago, Chile",2026-12-24,ORD-CL-202612-003151,55501,2026-12-26,Peñalolén
20.499.691-9,Cliente 20499691,"Avenida Manuel Montt 4307, Santiago, Chile",2026-12-24,ORD-CL-202612-003152,170380,2026-12-28,San Miguel
6.026.966-2,Cliente Nuevo 6026966,"Calle Bandera 9461, Santiago, Chile",2026-12-24,ORD-CL-202612-003153,133642,2026-12-27,La Reina
10.772.894-6,Cliente 10772894,"Avenida Pajaritos 1016, Santiago, Chile",2026-12-24,ORD-CL-202612-003154,142001,2026-12-29,San Miguel
7.812.953-1,Cliente 7812953,"Avenida Pajaritos 3548, Santiago, Chile",2026-12-24,ORD-CL-202612-003155,217197,2026-12-27,Santiago
9.301.089-0,Cliente Nuevo 9301089,"Avenida Recoleta 4217, Santiago, Chile",2026-12-24,ORD-CL-202612-003156,111573,2026-12-26,La Reina
8.005.663-1,Cliente Nuevo 8005663,"Avenida Pajaritos 7032, Santiago, Chile",2026-12-24,ORD-CL-202612-003157,81998,2026-12-26,La Reina
14.639.841-8,Cliente Nuevo 14639841,"Calle Morandé 1675, Santiago, Chile",2026-12-24,ORD-CL-202612-003158,109970,2026-12-25,Peñalolén
9.054.161-7,Cliente Nuevo 9054161,"Avenida Américo Vespucio 382, Santiago, Chile",2026-12-24,ORD-CL-202612-003159,197492,2026-12-26,Santiago
5.295.785-2,Cliente 5295785,"Calle Teatinos 535, Santiago, Chile",2026-12-24,ORD-CL-202612-003160,211143,2026-12-26,La Florida
22.225.428-6,Cliente 22225428,"Avenida Pajaritos 5513, Santiago, Chile",2026-12-24,ORD-CL-202612-003161,183518,2026-12-28,Estación Central
16.637.418-6,Cliente 16637418,"Avenida Pedro De Valdivia 8408, Santiago, Chile",2026-12-24,ORD-CL-202612-003162,140140,2026-12-26,Quinta Normal
16.482.005-7,Cliente 16482005,"Calle Morandé 7141, Santiago, Chile",2026-12-24,ORD-CL-202612-003163,92902,2026-12-26,La Florida
22.312.103-1,Cliente 22312103,"Avenida Departamental 5606, Santiago, Chile",2026-12-24,ORD-CL-202612-003164,120840,2026-12-27,Providencia
9.554.867-4,Cliente 9554867,"Avenida Tobalaba 5752, Santiago, Chile",2026-12-24,ORD-CL-202612-003165,62561,2026-12-26,Santiago
17.425.723-2,Cliente Nuevo 17425723,"Avenida Santa Rosa 7595, Santiago, Chile",2026-12-24,ORD-CL-202612-003166,75483,2026-12-28,Independencia
9.763.970-0,Cliente 9763970,"Calle Bandera 9916, Santiago, Chile",2026-12-24,ORD-CL-202612-003167,47969,2026-12-26,Peñalolén
8.156.680-3,Cliente Nuevo 8156680,"Avenida Las Condes 6476, Santiago, Chile",2026-12-24,ORD-CL-202612-003168,302227,2026-12-26,Peñalolén
12.998.113-8,Cliente 12998113,"Avenida Pajaritos 2544, Santiago, Chile",2026-12-24,ORD-CL-202612-003169,83478,2026-12-26,Las Condes
20.747.142-2,Cliente 20747142,"Calle Compañía De Jesús 115, Santiago, Chile",2026-12-24,ORD-CL-202612-003170,169090,2026-12-26,Santiago
6.613.230-2,Cliente Nuevo 6613230,"Avenida Departamental 2164, Santiago, Chile",2026-12-24,ORD-CL-202612-003171,129796,2026-12-26,Lo Prado
17.840.477-5,Cliente 17840477,"Avenida Macul 9564, Santiago, Chile",2026-12-24,ORD-CL-202612-003172,120692,2026-12-26,Santiago
15.841.162-9,Cliente 15841162,"Gran Avenida José Miguel Carrera 9520, Santiago, Chile",2026-12-24,ORD-CL-202612-003173,61211,2026-12-26,Independencia
7.960.942-0,Cliente 7960942,"Calle Santo Domingo 8939, Santiago, Chile",2026-12-24,ORD-CL-202612-003174,131532,2026-12-27,Vitacura
6.469.530-0,Cliente Nuevo 6469530,"Avenida Santa Rosa 6756, Santiago, Chile",2026-12-24,ORD-CL-202612-003175,269794,2026-12-25,Recoleta
18.170.653-9,Cliente Nuevo 18170653,"Calle Catedral 2524, Santiago, Chile",2026-12-24,ORD-CL-202612-003176,98880,2026-12-27,Recoleta
10.300.189-5,Cliente 10300189,"Avenida Vicuña Mackenna 3766, Santiago, Chile",2026-12-24,ORD-CL-202612-003177,82817,2026-12-28,Puente Alto
13.033.877-0,Cliente Nuevo 13033877,"Avenida Pedro De Valdivia 9814, Santiago, Chile",2026-12-24,ORD-CL-202612-003178,268964,2026-12-26,Lo Prado
14.552.741-6,Cliente 14552741,"Avenida Recoleta 3714, Santiago, Chile",2026-12-24,ORD-CL-202612-003179,43115,2026-12-26,Puente Alto
6.391.721-0,Cliente 6391721,"Calle San Antonio 9379, Santiago, Chile",2026-12-24,ORD-CL-202612-003180,161209,2026-12-27,La Florida
9.234.233-3,Cliente Nuevo 9234233,"Avenida Mapocho 9524, Santiago, Chile",2026-12-24,ORD-CL-202612-003181,145741,2026-12-27,Estación Central
10.561.043-3,Cliente Nuevo 10561043,"Avenida Santa Rosa 672, Santiago, Chile",2026-12-24,ORD-CL-202612-003182,132624,2026-12-27,Quinta Normal
17.625.173-4,Cliente Nuevo 17625173,"Calle Catedral 9893, Santiago, Chile",2026-12-24,ORD-CL-202612-003183,124603,2026-12-29,Lo Prado
12.737.660-8,Cliente Nuevo 12737660,"Calle Amunátegui 5053, Santiago, Chile",2026-12-24,ORD-CL-202612-003184,108550,2026-12-26,Puente Alto
8.417.738-8,Cliente Nuevo 8417738,"Avenida La Florida 5146, Santiago, Chile",2026-12-24,ORD-CL-202612-003185,169235,2026-12-28,Santiago
13.522.601-8,Cliente 13522601,"Calle Huérfanos 9159, Santiago, Chile",2026-12-24,ORD-CL-202612-003186,207440,2026-12-26,Providencia
8.875.295-6,Cliente Nuevo 8875295,"Calle Morandé 403, Santiago, Chile",2026-12-24,ORD-CL-202612-003187,109943,2026-12-26,Estación Central
9.227.638-2,Cliente Nuevo 9227638,"Calle Morandé 6785, Santiago, Chile",2026-12-24,ORD-CL-202612-003188,322929,2026-12-28,Quinta Normal
10.234.816-4,Cliente Nuevo 10234816,"Calle Compañía De Jesús 3316, Santiago, Chile",2026-12-24,ORD-CL-202612-003189,185259,2026-12-26,Peñalolén
17.037.071-1,Cliente Nuevo 17037071,"Avenida Vicuña Mackenna 6602, Santiago, Chile",2026-12-24,ORD-CL-202612-003190,234561,2026-12-26,Recoleta
17.312.204-2,Cliente Nuevo 17312204,"Gran Avenida José Miguel Carrera 5741, Santiago, Chile",2026-12-24,ORD-CL-202612-003191,124496,2026-12-28,Recoleta
18.696.142-8,Cliente Nuevo 18696142,"Calle Morandé 1577, Santiago, Chile",2026-12-24,ORD-CL-202612-003192,115058,2026-12-27,Recoleta
19.564.805-9,Cliente Nuevo 19564805,"Avenida Santa Rosa 9214, Santiago, Chile",2026-12-24,ORD-CL-202612-003193,204157,2026-12-28,La Florida
20.433.969-2,Cliente 20433969,"Avenida Providencia 8885, Santiago, Chile",2026-12-24,ORD-CL-202612-003194,97391,2026-12-25,Santiago
15.112.084-6,Cliente Nuevo 15112084,"Avenida Las Condes 2973, Santiago, Chile",2026-12-24,ORD-CL-202612-003195,199275,2026-12-26,Recoleta
8.328.717-3,Cliente 8328717,"Avenida Las Condes 7602, Santiago, Chile",2026-12-24,ORD-CL-202612-003196,127888,2026-12-25,La Florida
14.572.874-7,Cliente Nuevo 14572874,"Calle Estado 3894, Santiago, Chile",2026-12-24,ORD-CL-202612-003197,75897,2026-12-26,Providencia
15.902.183-1,Cliente Nuevo 15902183,"Calle Arturo Prat 3692, Santiago, Chile",2026-12-24,ORD-CL-202612-003198,206049,2026-12-26,Estación Central
10.061.823-5,Cliente 10061823,"Calle Merced 7933, Santiago, Chile",2026-12-24,ORD-CL-202612-003199,103257,2026-12-25,Estación Central
22.149.970-6,Cliente Nuevo 22149970,"Calle Compañía De Jesús 7303, Santiago, Chile",2026-12-24,ORD-CL-202612-003200,77291,2026-12-25,Independencia
19.045.327-5,Cliente Nuevo 19045327,"Avenida Recoleta 9547, Santiago, Chile",2026-12-24,ORD-CL-202612-003201,220505,2026-12-28,Las Condes
14.396.007-4,Cliente 14396007,"Gran Avenida José Miguel Carrera 1517, Santiago, Chile",2026-12-24,ORD-CL-202612-003202,212442,2026-12-26,San Miguel
5.074.419-0,Cliente 5074419,"Avenida Santa Rosa 5072, Santiago, Chile",2026-12-24,ORD-CL-202612-003203,281961,2026-12-27,Vitacura
15.773.820-4,Cliente Nuevo 15773820,"Calle Morandé 2118, Santiago, Chile",2026-12-24,ORD-CL-202612-003204,341061,2026-12-26,Las Condes
15.092.333-2,Cliente 15092333,"Avenida Recoleta 33, Santiago, Chile",2026-12-24,ORD-CL-202612-003205,263900,2026-12-27,Santiago
22.449.774-2,Cliente Nuevo 22449774,"Avenida Pajaritos 6316, Santiago, Chile",2026-12-24,ORD-CL-202612-003206,191116,2026-12-26,Providencia
18.633.518-9,Cliente 18633518,"Calle Arturo Prat 4979, Santiago, Chile",2026-12-24,ORD-CL-202612-003207,146051,2026-12-27,Santiago
20.328.495-2,Cliente 20328495,"Calle Teatinos 2836, Santiago, Chile",2026-12-24,ORD-CL-202612-003208,243050,2026-12-26,San Miguel
15.306.033-4,Cliente Nuevo 15306033,"Calle Compañía De Jesús 4417, Santiago, Chile",2026-12-24,ORD-CL-202612-003209,134296,2026-12-27,Independencia
11.732.669-6,Cliente Nuevo 11732669,"Calle Teatinos 5872, Santiago, Chile",2026-12-24,ORD-CL-202612-003210,116142,2026-12-26,Santiago
6.370.573-0,Cliente Nuevo 6370573,"Calle Estado 1092, Santiago, Chile",2026-12-24,ORD-CL-202612-003211,199955,2026-12-27,La Reina
17.144.341-3,Cliente 17144341,"Calle Santo Domingo 1324, Santiago, Chile",2026-12-24,ORD-CL-202612-003212,153378,2026-12-26,Las Condes
6.510.437-1,Cliente 6510437,"Calle Bandera 1508, Santiago, Chile",2026-12-24,ORD-CL-202612-003213,174256,2026-12-26,Independencia
15.636.947-1,Cliente Nuevo 15636947,"Avenida La Florida 5799, Santiago, Chile",2026-12-24,ORD-CL-202612-003214,96556,2026-12-27,Estación Central
22.399.566-0,Cliente 22399566,"Avenida Pajaritos 4944, Santiago, Chile",2026-12-24,ORD-CL-202612-003215,92709,2026-12-26,Quinta Normal
11.331.335-0,Cliente 11331335,"Avenida Vitacura 5004, Santiago, Chile",2026-12-24,ORD-CL-202612-003216,73085,2026-12-27,San Miguel
8.852.247-3,Cliente 8852247,"Calle Amunátegui 3636, Santiago, Chile",2026-12-24,ORD-CL-202612-003217,136287,2026-12-27,Independencia
5.763.911-7,Cliente 5763911,"Calle Arturo Prat 5396, Santiago, Chile",2026-12-24,ORD-CL-202612-003218,117528,2026-12-26,Vitacura
8.395.310-4,Cliente Nuevo 8395310,"Gran Avenida José Miguel Carrera 1084, Santiago, Chile",2026-12-24,ORD-CL-202612-003219,206057,2026-12-26,La Florida
17.517.740-0,Cliente 17517740,"Avenida Pajaritos 6127, Santiago, Chile",2026-12-24,ORD-CL-202612-003220,99568,2026-12-28,Independencia
19.928.840-1,Cliente Nuevo 19928840,"Calle San Diego 1862, Santiago, Chile",2026-12-24,ORD-CL-202612-003221,115519,2026-12-27,Peñalolén
22.655.290-1,Cliente 22655290,"Avenida Tobalaba 3853, Santiago, Chile",2026-12-24,ORD-CL-202612-003222,102457,2026-12-27,Independencia
7.062.851-9,Cliente Nuevo 7062851,"Avenida Las Condes 2824, Santiago, Chile",2026-12-24,ORD-CL-202612-003223,155882,2026-12-26,Independencia
19.851.650-7,Cliente Nuevo 19851650,"Calle Arturo Prat 5072, Santiago, Chile",2026-12-24,ORD-CL-202612-003224,118341,2026-12-27,Santiago
17.996.317-9,Cliente Nuevo 17996317,"Avenida Macul 1380, Santiago, Chile",2026-12-24,ORD-CL-202612-003225,318038,2026-12-27,Puente Alto
13.651.938-0,Cliente 13651938,"Calle Morandé 1676, Santiago, Chile",2026-12-24,ORD-CL-202612-003226,135002,2026-12-27,Quinta Normal
19.948.802-5,Cliente Nuevo 19948802,"Avenida Providencia 7581, Santiago, Chile",2026-12-24,ORD-CL-202612-003227,153809,2026-12-27,Independencia
9.007.503-6,Cliente 9007503,"Calle Morandé 508, Santiago, Chile",2026-12-24,ORD-CL-202612-003228,74133,2026-12-26,Peñalolén
11.782.805-1,Cliente 11782805,"Calle Teatinos 51, Santiago, Chile",2026-12-24,ORD-CL-202612-003229,74445,2026-12-28,Providencia
17.650.281-9,Cliente Nuevo 17650281,"Avenida Irarrázaval 9016, Santiago, Chile",2026-12-24,ORD-CL-202612-003230,115492,2026-12-26,San Miguel
7.374.439-8,Cliente Nuevo 7374439,"Calle Estado 5020, Santiago, Chile",2026-12-24,ORD-CL-202612-003231,247562,2026-12-26,Vitacura
18.274.857-0,Cliente Nuevo 18274857,"Avenida Manuel Montt 5054, Santiago, Chile",2026-12-24,ORD-CL-202612-003232,258654,2026-12-27,Las Condes
10.392.894-1,Cliente 10392894,"Avenida Apoquindo 4999, Santiago, Chile",2026-12-24,ORD-CL-202612-003233,225882,2026-12-27,Santiago
22.537.714-9,Cliente 22537714,"Calle Amunátegui 8339, Santiago, Chile",2026-12-24,ORD-CL-202612-003234,101827,2026-12-27,Puente Alto
6.613.230-2,Cliente Nuevo 6613230,"Avenida Departamental 2164, Santiago, Chile",2026-12-24,ORD-CL-202612-003235,224417,2026-12-27,Lo Prado
10.595.944-8,Cliente Nuevo 10595944,"Calle Arturo Prat 9278, Santiago, Chile",2026-12-24,ORD-CL-202612-003236,95364,2026-12-28,Santiago
19.012.047-9,Cliente 19012047,"Avenida Kennedy 1678, Santiago, Chile",2026-12-24,ORD-CL-202612-003237,133701,2026-12-27,Providencia
14.976.779-6,Cliente 14976779,"Avenida Irarrázaval 8302, Santiago, Chile",2026-12-24,ORD-CL-202612-003238,182180,2026-12-26,Santiago
19.414.022-1,Cliente Nuevo 19414022,"Calle Santo Domingo 8278, Santiago, Chile",2026-12-24,ORD-CL-202612-003239,97961,2026-12-26,Santiago
20.510.095-7,Cliente Nuevo 20510095,"Avenida Libertador Bernardo O'Higgins 5771, Santiago, Chile",2026-12-24,ORD-CL-202612-003240,136004,2026-12-28,Santiago
6.883.800-5,Cliente 6883800,"Calle San Antonio 3562, Santiago, Chile",2026-12-24,ORD-CL-202612-003241,204217,2026-12-27,Lo Prado
17.085.699-0,Cliente Nuevo 17085699,"Calle Huérfanos 4777, Santiago, Chile",2026-12-24,ORD-CL-202612-003242,91749,2026-12-27,Puente Alto
10.436.716-4,Cliente 10436716,"Avenida Manuel Montt 756, Santiago, Chile",2026-12-24,ORD-CL-202612-003243,96734,2026-12-26,Providencia
7.686.618-4,Cliente 7686618,"Calle Catedral 8449, Santiago, Chile",2026-12-24,ORD-CL-202612-003244,73019,2026-12-28,Santiago
7.641.766-6,Cliente Nuevo 7641766,"Calle Arturo Prat 7970, Santiago, Chile",2026-12-24,ORD-CL-202612-003245,234318,2026-12-27,Providencia
11.421.024-8,Cliente 11421024,"Gran Avenida José Miguel Carrera 2634, Santiago, Chile",2026-12-24,ORD-CL-202612-003246,117872,2026-12-25,Santiago
17.777.808-6,Cliente 17777808,"Avenida Libertador Bernardo O'Higgins 5746, Santiago, Chile",2026-12-24,ORD-CL-202612-003247,74745,2026-12-26,Santiago
15.916.683-3,Cliente 15916683,"Calle Santo Domingo 1407, Santiago, Chile",2026-12-24,ORD-CL-202612-003248,171957,2026-12-27,La Florida
12.668.481-4,Cliente Nuevo 12668481,"Calle Compañía De Jesús 326, Santiago, Chile",2026-12-24,ORD-CL-202612-003249,267646,2026-12-26,Estación Central
14.081.942-3,Cliente 14081942,"Avenida Vicuña Mackenna 139, Santiago, Chile",2026-12-24,ORD-CL-202612-003250,256736,2026-12-27,Puente Alto
11.405.291-4,Cliente Nuevo 11405291,"Calle Bandera 8936, Santiago, Chile",2026-12-24,ORD-CL-202612-003251,124848,2026-12-26,Santiago
14.146.453-0,Cliente Nuevo 14146453,"Calle Estado 6910, Santiago, Chile",2026-12-24,ORD-CL-202612-003252,58911,2026-12-26,Providencia
15.517.700-9,Cliente Nuevo 15517700,"Calle Huérfanos 2940, Santiago, Chile",2026-12-24,ORD-CL-202612-003253,157393,2026-12-27,Santiago
13.948.753-2,Cliente 13948753,"Avenida Irarrázaval 4826, Santiago, Chile",2026-12-24,ORD-CL-202612-003254,73454,2026-12-27,San Miguel
19.039.525-0,Cliente Nuevo 19039525,"Avenida Providencia 4139, Santiago, Chile",2026-12-24,ORD-CL-202612-003255,137903,2026-12-26,Las Condes
20.710.387-0,Cliente Nuevo 20710387,"Calle Teatinos 7938, Santiago, Chile",2026-12-24,ORD-CL-202612-003256,129578,2026-12-27,Santiago
21.545.073-4,Cliente Nuevo 21545073,"Calle Bandera 3158, Santiago, Chile",2026-12-24,ORD-CL-202612-003257,134955,2026-12-26,La Florida
16.029.558-0,Cliente Nuevo 16029558,"Avenida Matta 5475, Santiago, Chile",2026-12-24,ORD-CL-202612-003258,186252,2026-12-27,La Florida
13.904.998-0,Cliente 13904998,"Avenida Recoleta 3179, Santiago, Chile",2026-12-24,ORD-CL-202612-003259,131642,2026-12-26,La Reina
8.185.637-4,Cliente 8185637,"Calle Santo Domingo 1982, Santiago, Chile",2026-12-24,ORD-CL-202612-003260,85627,2026-12-26,Estación Central
15.246.269-4,Cliente Nuevo 15246269,"Avenida Mapocho 8992, Santiago, Chile",2026-12-24,ORD-CL-202612-003261,238806,2026-12-28,Las Condes
5.937.439-0,Cliente Nuevo 5937439,"Avenida Recoleta 9218, Santiago, Chile",2026-12-24,ORD-CL-202612-003262,246591,2026-12-29,Santiago
20.099.306-9,Cliente Nuevo 20099306,"Avenida Tobalaba 3141, Santiago, Chile",2026-12-24,ORD-CL-202612-003263,69821,2026-12-27,Vitacura
13.012.372-4,Cliente Nuevo 13012372,"Calle Catedral 6951, Santiago, Chile",2026-12-24,ORD-CL-202612-003264,173304,2026-12-28,Peñalolén
12.057.551-7,Cliente Nuevo 12057551,"Avenida Independencia 5913, Santiago, Chile",2026-12-24,ORD-CL-202612-003265,241695,2026-12-28,Las Condes
11.487.286-0,Cliente 11487286,"Avenida La Florida 3966, Santiago, Chile",2026-12-24,ORD-CL-202612-003266,84442,2026-12-27,La Florida
21.150.603-7,Cliente 21150603,"Avenida Recoleta 4446, Santiago, Chile",2026-12-24,ORD-CL-202612-003267,106155,2026-12-25,Independencia
6.735.029-2,Cliente 6735029,"Gran Avenida José Miguel Carrera 5414, Santiago, Chile",2026-12-24,ORD-CL-202612-003268,199375,2026-12-26,Quinta Normal
10.448.640-4,Cliente 10448640,"Avenida Departamental 7403, Santiago, Chile",2026-12-24,ORD-CL-202612-003269,112631,2026-12-26,Recoleta
5.903.103-7,Cliente Nuevo 5903103,"Avenida Manuel Montt 7191, Santiago, Chile",2026-12-24,ORD-CL-202612-003270,100934,2026-12-26,Santiago
6.435.456-8,Cliente 6435456,"Avenida Macul 6737, Santiago, Chile",2026-12-25,ORD-CL-202612-003271,121013,2026-12-26,Recoleta
13.388.530-8,Cliente Nuevo 13388530,"Avenida Américo Vespucio 136, Santiago, Chile",2026-12-25,ORD-CL-202612-003272,121728,2026-12-29,San Miguel
14.804.468-1,Cliente Nuevo 14804468,"Avenida Grecia 1804, Santiago, Chile",2026-12-25,ORD-CL-202612-003273,111415,2026-12-27,Puente Alto
17.918.205-5,Cliente Nuevo 17918205,"Avenida Manuel Montt 2121, Santiago, Chile",2026-12-25,ORD-CL-202612-003274,253035,2026-12-27,Peñalolén
21.338.685-2,Cliente 21338685,"Avenida Irarrázaval 9906, Santiago, Chile",2026-12-25,ORD-CL-202612-003275,80112,2026-12-27,Estación Central
6.256.899-1,Cliente 6256899,"Calle Teatinos 3427, Santiago, Chile",2026-12-25,ORD-CL-202612-003276,202260,2026-12-28,Lo Prado
5.882.244-8,Cliente Nuevo 5882244,"Calle Merced 8895, Santiago, Chile",2026-12-25,ORD-CL-202612-003277,108026,2026-12-29,Quinta Normal
6.391.721-0,Cliente 6391721,"Calle San Antonio 9379, Santiago, Chile",2026-12-25,ORD-CL-202612-003278,254868,2026-12-28,La Florida
12.247.678-3,Cliente 12247678,"Avenida Apoquindo 3809, Santiago, Chile",2026-12-25,ORD-CL-202612-003279,157629,2026-12-28,Santiago
18.117.500-8,Cliente Nuevo 18117500,"Avenida Kennedy 6923, Santiago, Chile",2026-12-25,ORD-CL-202612-003280,76460,2026-12-27,Quinta Normal
5.805.928-3,Cliente Nuevo 5805928,"Calle Teatinos 3426, Santiago, Chile",2026-12-25,ORD-CL-202612-003281,274939,2026-12-28,Puente Alto
16.513.297-6,Cliente Nuevo 16513297,"Avenida Matta 4483, Santiago, Chile",2026-12-25,ORD-CL-202612-003282,186242,2026-12-28,La Reina
20.307.103-7,Cliente Nuevo 20307103,"Calle San Antonio 1624, Santiago, Chile",2026-12-25,ORD-CL-202612-003283,96920,2026-12-28,Providencia
19.464.509-3,Cliente 19464509,"Avenida Libertador Bernardo O'Higgins 2778, Santiago, Chile",2026-12-25,ORD-CL-202612-003284,223965,2026-12-27,Recoleta
18.302.021-1,Cliente 18302021,"Calle Huérfanos 3119, Santiago, Chile",2026-12-25,ORD-CL-202612-003285,170236,2026-12-27,Santiago
17.984.108-4,Cliente 17984108,"Calle Arturo Prat 6826, Santiago, Chile",2026-12-25,ORD-CL-202612-003286,182650,2026-12-28,Santiago
9.543.617-7,Cliente 9543617,"Calle San Antonio 9038, Santiago, Chile",2026-12-25,ORD-CL-202612-003287,302944,2026-12-28,Las Condes
12.669.961-2,Cliente Nuevo 12669961,"Avenida Macul 283, Santiago, Chile",2026-12-25,ORD-CL-202612-003288,84268,2026-12-26,Estación Central
20.245.626-0,Cliente Nuevo 20245626,"Avenida Providencia 8825, Santiago, Chile",2026-12-25,ORD-CL-202612-003289,290006,2026-12-28,Santiago
6.510.437-1,Cliente 6510437,"Calle Bandera 1508, Santiago, Chile",2026-12-25,ORD-CL-202612-003290,203234,2026-12-28,Independencia
20.911.185-1,Cliente 20911185,"Avenida Recoleta 9615, Santiago, Chile",2026-12-25,ORD-CL-202612-003291,78301,2026-12-26,Vitacura
17.620.980-6,Cliente Nuevo 17620980,"Avenida Departamental 2987, Santiago, Chile",2026-12-25,ORD-CL-202612-003292,143400,2026-12-28,Vitacura
11.174.494-1,Cliente 11174494,"Calle Santo Domingo 5696, Santiago, Chile",2026-12-25,ORD-CL-202612-003293,90050,2026-12-28,Quinta Normal
22.906.999-7,Cliente 22906999,"Calle Bandera 6834, Santiago, Chile",2026-12-25,ORD-CL-202612-003294,208573,2026-12-27,La Florida
7.941.056-6,Cliente Nuevo 7941056,"Avenida Kennedy 5315, Santiago, Chile",2026-12-25,ORD-CL-202612-003295,108543,2026-12-27,Independencia
13.767.793-9,Cliente Nuevo 13767793,"Calle Amunátegui 9147, Santiago, Chile",2026-12-25,ORD-CL-202612-003296,69132,2026-12-26,Quinta Normal
7.486.777-6,Cliente 7486777,"Avenida Recoleta 4097, Santiago, Chile",2026-12-25,ORD-CL-202612-003297,120472,2026-12-28,Estación Central
21.662.568-4,Cliente 21662568,"Avenida Mapocho 5583, Santiago, Chile",2026-12-25,ORD-CL-202612-003298,218260,2026-12-28,Santiago
21.699.278-3,Cliente Nuevo 21699278,"Avenida Grecia 6249, Santiago, Chile",2026-12-25,ORD-CL-202612-003299,174452,2026-12-27,Peñalolén
6.941.496-0,Cliente Nuevo 6941496,"Calle Santo Domingo 7909, Santiago, Chile",2026-12-25,ORD-CL-202612-003300,293347,2026-12-27,Independencia
18.241.028-5,Cliente 18241028,"Avenida Mapocho 4637, Santiago, Chile",2026-12-25,ORD-CL-202612-003301,154958,2026-12-27,Lo Prado
20.396.809-1,Cliente Nuevo 20396809,"Avenida Grecia 8308, Santiago, Chile",2026-12-25,ORD-CL-202612-003302,40897,2026-12-27,Estación Central
22.275.515-0,Cliente 22275515,"Avenida Grecia 6734, Santiago, Chile",2026-12-25,ORD-CL-202612-003303,56534,2026-12-27,La Reina
15.355.823-9,Cliente Nuevo 15355823,"Avenida Independencia 2872, Santiago, Chile",2026-12-25,ORD-CL-202612-003304,127077,2026-12-27,Estación Central
19.109.601-9,Cliente Nuevo 19109601,"Avenida Libertador Bernardo O'Higgins 3892, Santiago, Chile",2026-12-25,ORD-CL-202612-003305,60787,2026-12-28,San Miguel
15.893.864-7,Cliente 15893864,"Gran Avenida José Miguel Carrera 572, Santiago, Chile",2026-12-25,ORD-CL-202612-003306,207076,2026-12-28,Recoleta
17.266.435-0,Cliente Nuevo 17266435,"Calle Monjitas 9934, Santiago, Chile",2026-12-25,ORD-CL-202612-003307,260096,2026-12-28,Santiago
5.482.053-2,Cliente Nuevo 5482053,"Calle Catedral 8079, Santiago, Chile",2026-12-25,ORD-CL-202612-003308,156161,2026-12-28,Las Condes
5.241.999-3,Cliente Nuevo 5241999,"Avenida Providencia 4048, Santiago, Chile",2026-12-25,ORD-CL-202612-003309,200512,2026-12-27,Santiago
19.618.300-6,Cliente Nuevo 19618300,"Calle Merced 2159, Santiago, Chile",2026-12-25,ORD-CL-202612-003310,300264,2026-12-27,Recoleta
15.316.332-9,Cliente Nuevo 15316332,"Avenida Macul 7567, Santiago, Chile",2026-12-25,ORD-CL-202612-003311,96447,2026-12-28,Quinta Normal
8.402.871-2,Cliente Nuevo 8402871,"Avenida Recoleta 1088, Santiago, Chile",2026-12-25,ORD-CL-202612-003312,150264,2026-12-26,Puente Alto
17.645.044-3,Cliente 17645044,"Gran Avenida José Miguel Carrera 1038, Santiago, Chile",2026-12-25,ORD-CL-202612-003313,96220,2026-12-27,Santiago
7.959.733-1,Cliente 7959733,"Avenida Kennedy 3031, Santiago, Chile",2026-12-25,ORD-CL-202612-003314,284776,2026-12-29,Vitacura
22.612.696-6,Cliente Nuevo 22612696,"Avenida Departamental 6951, Santiago, Chile",2026-12-25,ORD-CL-202612-003315,137767,2026-12-27,Lo Prado
14.089.104-8,Cliente Nuevo 14089104,"Avenida La Florida 9439, Santiago, Chile",2026-12-25,ORD-CL-202612-003316,153823,2026-12-28,Santiago
14.583.210-8,Cliente 14583210,"Avenida Pedro De Valdivia 3769, Santiago, Chile",2026-12-25,ORD-CL-202612-003317,113810,2026-12-27,San Miguel
8.110.567-4,Cliente Nuevo 8110567,"Calle San Diego 7308, Santiago, Chile",2026-12-25,ORD-CL-202612-003318,98784,2026-12-27,Recoleta
22.580.121-4,Cliente 22580121,"Calle Merced 2517, Santiago, Chile",2026-12-25,ORD-CL-202612-003319,140313,2026-12-28,Santiago
15.706.390-3,Cliente Nuevo 15706390,"Calle Compañía De Jesús 5396, Santiago, Chile",2026-12-25,ORD-CL-202612-003320,89527,2026-12-28,La Florida
9.554.867-4,Cliente 9554867,"Avenida Tobalaba 5752, Santiago, Chile",2026-12-25,ORD-CL-202612-003321,66867,2026-12-28,Santiago
14.862.014-2,Cliente Nuevo 14862014,"Calle Bandera 1777, Santiago, Chile",2026-12-25,ORD-CL-202612-003322,288728,2026-12-27,Vitacura
9.490.310-5,Cliente 9490310,"Avenida Vicuña Mackenna 9874, Santiago, Chile",2026-12-25,ORD-CL-202612-003323,170003,2026-12-28,La Florida
5.775.258-5,Cliente Nuevo 5775258,"Avenida Macul 922, Santiago, Chile",2026-12-25,ORD-CL-202612-003324,83153,2026-12-27,Santiago
12.712.976-6,Cliente 12712976,"Avenida Providencia 4190, Santiago, Chile",2026-12-25,ORD-CL-202612-003325,335311,2026-12-29,Santiago
20.550.215-3,Cliente Nuevo 20550215,"Calle Estado 1257, Santiago, Chile",2026-12-25,ORD-CL-202612-003326,202171,2026-12-26,Estación Central
10.469.153-4,Cliente 10469153,"Avenida La Florida 9689, Santiago, Chile",2026-12-25,ORD-CL-202612-003327,276727,2026-12-28,Quinta Normal
15.844.395-1,Cliente Nuevo 15844395,"Gran Avenida José Miguel Carrera 1569, Santiago, Chile",2026-12-25,ORD-CL-202612-003328,288191,2026-12-27,Santiago
17.835.620-8,Cliente 17835620,"Avenida Apoquindo 6999, Santiago, Chile",2026-12-25,ORD-CL-202612-003329,132798,2026-12-28,Puente Alto
12.439.392-2,Cliente 12439392,"Calle Catedral 7030, Santiago, Chile",2026-12-25,ORD-CL-202612-003330,223354,2026-12-27,Santiago
20.921.571-6,Cliente 20921571,"Calle Santo Domingo 9185, Santiago, Chile",2026-12-25,ORD-CL-202612-003331,173012,2026-12-29,La Florida
21.609.589-4,Cliente 21609589,"Avenida Tobalaba 4667, Santiago, Chile",2026-12-25,ORD-CL-202612-003332,151892,2026-12-27,Santiago
17.170.812-3,Cliente Nuevo 17170812,"Avenida Santa Rosa 5583, Santiago, Chile",2026-12-25,ORD-CL-202612-003333,146019,2026-12-28,Santiago
20.810.671-6,Cliente 20810671,"Avenida Las Condes 3513, Santiago, Chile",2026-12-25,ORD-CL-202612-003334,128607,2026-12-26,Estación Central
11.928.104-3,Cliente 11928104,"Calle Catedral 8025, Santiago, Chile",2026-12-25,ORD-CL-202612-003335,104969,2026-12-28,La Reina
14.552.741-6,Cliente 14552741,"Avenida Recoleta 3714, Santiago, Chile",2026-12-25,ORD-CL-202612-003336,107402,2026-12-28,Puente Alto
7.744.061-4,Cliente Nuevo 7744061,"Avenida Departamental 8493, Santiago, Chile",2026-12-25,ORD-CL-202612-003337,37371,2026-12-28,Estación Central
19.204.363-3,Cliente 19204363,"Calle Estado 9717, Santiago, Chile",2026-12-25,ORD-CL-202612-003338,183795,2026-12-27,La Florida
6.919.530-9,Cliente Nuevo 6919530,"Avenida Pajaritos 2670, Santiago, Chile",2026-12-25,ORD-CL-202612-003339,123867,2026-12-27,Peñalolén
20.549.709-1,Cliente Nuevo 20549709,"Calle Teatinos 7372, Santiago, Chile",2026-12-25,ORD-CL-202612-003340,68428,2026-12-29,Lo Prado
17.518.911-5,Cliente 17518911,"Avenida Recoleta 5351, Santiago, Chile",2026-12-25,ORD-CL-202612-003341,117018,2026-12-28,Estación Central
13.730.612-4,Cliente Nuevo 13730612,"Calle Teatinos 1095, Santiago, Chile",2026-12-25,ORD-CL-202612-003342,166948,2026-12-30,Puente Alto
9.024.420-1,Cliente Nuevo 9024420,"Avenida Providencia 270, Santiago, Chile",2026-12-25,ORD-CL-202612-003343,264647,2026-12-27,Recoleta
18.489.688-3,Cliente 18489688,"Avenida Kennedy 5660, Santiago, Chile",2026-12-25,ORD-CL-202612-003344,148797,2026-12-28,Estación Central
20.933.898-9,Cliente Nuevo 20933898,"Avenida Libertador Bernardo O'Higgins 3088, Santiago, Chile",2026-12-25,ORD-CL-202612-003345,232361,2026-12-27,Puente Alto
6.927.295-4,Cliente 6927295,"Calle Compañía De Jesús 2373, Santiago, Chile",2026-12-25,ORD-CL-202612-003346,252481,2026-12-27,Santiago
18.148.969-2,Cliente 18148969,"Calle San Antonio 448, Santiago, Chile",2026-12-25,ORD-CL-202612-003347,90477,2026-12-29,Vitacura
9.029.959-6,Cliente Nuevo 9029959,"Calle Estado 2864, Santiago, Chile",2026-12-25,ORD-CL-202612-003348,56881,2026-12-27,Santiago
16.399.358-6,Cliente 16399358,"Avenida Providencia 4275, Santiago, Chile",2026-12-25,ORD-CL-202612-003349,226754,2026-12-29,Las Condes
13.689.284-3,Cliente 13689284,"Calle San Diego 2653, Santiago, Chile",2026-12-25,ORD-CL-202612-003350,244217,2026-12-26,Vitacura
19.456.423-6,Cliente 19456423,"Calle Merced 3022, Santiago, Chile",2026-12-25,ORD-CL-202612-003351,288330,2026-12-28,Las Condes
22.511.212-7,Cliente 22511212,"Calle Huérfanos 1261, Santiago, Chile",2026-12-25,ORD-CL-202612-003352,231679,2026-12-29,Peñalolén
8.508.000-3,Cliente 8508000,"Avenida Las Condes 3917, Santiago, Chile",2026-12-25,ORD-CL-202612-003353,161637,2026-12-28,Puente Alto
8.717.382-2,Cliente Nuevo 8717382,"Calle Amunátegui 7896, Santiago, Chile",2026-12-25,ORD-CL-202612-003354,102746,2026-12-29,Santiago
19.806.040-6,Cliente 19806040,"Avenida La Florida 1424, Santiago, Chile",2026-12-25,ORD-CL-202612-003355,94578,2026-12-28,Puente Alto
21.024.807-2,Cliente Nuevo 21024807,"Gran Avenida José Miguel Carrera 9351, Santiago, Chile",2026-12-25,ORD-CL-202612-003356,99794,2026-12-27,Vitacura
9.866.164-9,Cliente 9866164,"Avenida La Florida 7352, Santiago, Chile",2026-12-25,ORD-CL-202612-003357,197253,2026-12-27,La Reina
20.617.357-1,Cliente 20617357,"Avenida Apoquindo 8523, Santiago, Chile",2026-12-25,ORD-CL-202612-003358,148151,2026-12-29,Las Condes
16.805.473-9,Cliente Nuevo 16805473,"Calle Santo Domingo 406, Santiago, Chile",2026-12-25,ORD-CL-202612-003359,132727,2026-12-29,Santiago
19.888.499-6,Cliente Nuevo 19888499,"Calle Arturo Prat 5007, Santiago, Chile",2026-12-25,ORD-CL-202612-003360,326175,2026-12-27,Las Condes
13.395.410-0,Cliente Nuevo 13395410,"Calle San Antonio 12, Santiago, Chile",2026-12-25,ORD-CL-202612-003361,167208,2026-12-29,Estación Central
16.946.426-7,Cliente 16946426,"Calle Catedral 4222, Santiago, Chile",2026-12-25,ORD-CL-202612-003362,95623,2026-12-27,La Reina
18.622.994-3,Cliente Nuevo 18622994,"Avenida Grecia 969, Santiago, Chile",2026-12-25,ORD-CL-202612-003363,237819,2026-12-27,Puente Alto
21.577.718-1,Cliente Nuevo 21577718,"Gran Avenida José Miguel Carrera 1092, Santiago, Chile",2026-12-25,ORD-CL-202612-003364,122928,2026-12-27,La Florida
8.627.340-2,Cliente Nuevo 8627340,"Calle Morandé 5822, Santiago, Chile",2026-12-25,ORD-CL-202612-003365,114982,2026-12-30,Las Condes
17.868.261-3,Cliente Nuevo 17868261,"Avenida Irarrázaval 4764, Santiago, Chile",2026-12-25,ORD-CL-202612-003366,54201,2026-12-27,Recoleta
6.277.553-9,Cliente Nuevo 6277553,"Avenida Las Condes 8020, Santiago, Chile",2026-12-25,ORD-CL-202612-003367,219920,2026-12-28,Peñalolén
5.098.173-6,Cliente 5098173,"Calle Arturo Prat 9979, Santiago, Chile",2026-12-25,ORD-CL-202612-003368,112399,2026-12-28,Providencia
6.031.151-7,Cliente 6031151,"Avenida Independencia 1274, Santiago, Chile",2026-12-25,ORD-CL-202612-003369,102494,2026-12-27,Puente Alto
21.961.137-7,Cliente 21961137,"Calle Estado 5051, Santiago, Chile",2026-12-25,ORD-CL-202612-003370,190612,2026-12-29,San Miguel
13.555.003-6,Cliente 13555003,"Avenida Grecia 4946, Santiago, Chile",2026-12-25,ORD-CL-202612-003371,287981,2026-12-28,Santiago
5.318.872-4,Cliente Nuevo 5318872,"Gran Avenida José Miguel Carrera 5847, Santiago, Chile",2026-12-25,ORD-CL-202612-003372,38511,2026-12-28,Peñalolén
10.772.894-6,Cliente 10772894,"Avenida Pajaritos 1016, Santiago, Chile",2026-12-25,ORD-CL-202612-003373,131396,2026-12-28,San Miguel
11.317.309-0,Cliente Nuevo 11317309,"Avenida Santa Rosa 5696, Santiago, Chile",2026-12-25,ORD-CL-202612-003374,240160,2026-12-27,Santiago
22.280.532-6,Cliente 22280532,"Calle Monjitas 469, Santiago, Chile",2026-12-25,ORD-CL-202612-003375,157980,2026-12-27,Las Condes
16.928.013-6,Cliente 16928013,"Calle Estado 4566, Santiago, Chile",2026-12-25,ORD-CL-202612-003376,172040,2026-12-29,Santiago
20.759.906-8,Cliente Nuevo 20759906,"Avenida Tobalaba 402, Santiago, Chile",2026-12-25,ORD-CL-202612-003377,261213,2026-12-27,Lo Prado
11.709.525-5,Cliente 11709525,"Calle Morandé 9705, Santiago, Chile",2026-12-25,ORD-CL-202612-003378,47537,2026-12-27,Quinta Normal
5.992.398-0,Cliente Nuevo 5992398,"Avenida Tobalaba 135, Santiago, Chile",2026-12-25,ORD-CL-202612-003379,39940,2026-12-29,Peñalolén
5.405.159-6,Cliente Nuevo 5405159,"Avenida Irarrázaval 1289, Santiago, Chile",2026-12-25,ORD-CL-202612-003380,47668,2026-12-26,Recoleta
6.985.075-1,Cliente 6985075,"Calle San Diego 6535, Santiago, Chile",2026-12-25,ORD-CL-202612-003381,151161,2026-12-28,Estación Central
13.166.401-8,Cliente Nuevo 13166401,"Calle Amunátegui 775, Santiago, Chile",2026-12-25,ORD-CL-202612-003382,84278,2026-12-26,Vitacura
13.694.545-4,Cliente 13694545,"Avenida Manuel Montt 6090, Santiago, Chile",2026-12-25,ORD-CL-202612-003383,119552,2026-12-29,San Miguel
12.492.700-8,Cliente 12492700,"Gran Avenida José Miguel Carrera 1240, Santiago, Chile",2026-12-25,ORD-CL-202612-003384,168412,2026-12-29,San Miguel
18.869.132-5,Cliente 18869132,"Calle Amunátegui 7671, Santiago, Chile",2026-12-25,ORD-CL-202612-003385,100328,2026-12-28,La Florida
6.127.937-4,Cliente 6127937,"Avenida Recoleta 3894, Santiago, Chile",2026-12-25,ORD-CL-202612-003386,107791,2026-12-26,Recoleta
22.933.193-9,Cliente Nuevo 22933193,"Avenida Vicuña Mackenna 1106, Santiago, Chile",2026-12-25,ORD-CL-202612-003387,147346,2026-12-29,Santiago
14.680.199-8,Cliente Nuevo 14680199,"Avenida Libertador Bernardo O'Higgins 6552, Santiago, Chile",2026-12-25,ORD-CL-202612-003388,305074,2026-12-28,Santiago
18.429.770-6,Cliente 18429770,"Calle Huérfanos 8536, Santiago, Chile",2026-12-25,ORD-CL-202612-003389,57995,2026-12-29,Puente Alto
20.827.561-3,Cliente 20827561,"Avenida Macul 2508, Santiago, Chile",2026-12-25,ORD-CL-202612-003390,221678,2026-12-28,La Reina
12.153.457-7,Cliente 12153457,"Avenida Kennedy 9416, Santiago, Chile",2026-12-25,ORD-CL-202612-003391,171209,2026-12-28,Las Condes
13.006.020-8,Cliente 13006020,"Calle Huérfanos 6157, Santiago, Chile",2026-12-25,ORD-CL-202612-003392,78170,2026-12-29,Las Condes
21.205.627-1,Cliente Nuevo 21205627,"Calle Compañía De Jesús 3268, Santiago, Chile",2026-12-25,ORD-CL-202612-003393,163437,2026-12-28,Santiago
18.737.764-9,Cliente 18737764,"Avenida Américo Vespucio 8747, Santiago, Chile",2026-12-25,ORD-CL-202612-003394,204628,2026-12-27,San Miguel
12.334.420-8,Cliente Nuevo 12334420,"Calle Teatinos 7022, Santiago, Chile",2026-12-25,ORD-CL-202612-003395,202249,2026-12-27,Providencia
16.482.005-7,Cliente 16482005,"Calle Morandé 7141, Santiago, Chile",2026-12-25,ORD-CL-202612-003396,230840,2026-12-27,La Florida
5.354.938-9,Cliente 5354938,"Calle Teatinos 2846, Santiago, Chile",2026-12-25,ORD-CL-202612-003397,267128,2026-12-28,Peñalolén
15.437.407-1,Cliente Nuevo 15437407,"Calle Santo Domingo 6677, Santiago, Chile",2026-12-25,ORD-CL-202612-003398,241170,2026-12-27,Quinta Normal
21.219.636-4,Cliente 21219636,"Avenida Pajaritos 3626, Santiago, Chile",2026-12-25,ORD-CL-202612-003399,165535,2026-12-28,Estación Central
17.996.317-9,Cliente Nuevo 17996317,"Avenida Macul 1380, Santiago, Chile",2026-12-25,ORD-CL-202612-003400,309605,2026-12-27,Puente Alto
5.928.181-2,Cliente 5928181,"Avenida Kennedy 5542, Santiago, Chile",2026-12-25,ORD-CL-202612-003401,143815,2026-12-27,Santiago
9.949.344-7,Cliente Nuevo 9949344,"Avenida Manuel Montt 6884, Santiago, Chile",2026-12-25,ORD-CL-202612-003402,95783,2026-12-28,Las Condes
16.554.800-3,Cliente 16554800,"Calle Estado 7420, Santiago, Chile",2026-12-25,ORD-CL-202612-003403,62617,2026-12-28,San Miguel
19.174.623-5,Cliente 19174623,"Avenida Recoleta 598, Santiago, Chile",2026-12-25,ORD-CL-202612-003404,208229,2026-12-29,Peñalolén
14.458.746-3,Cliente Nuevo 14458746,"Avenida Kennedy 9107, Santiago, Chile",2026-12-25,ORD-CL-202612-003405,76032,2026-12-27,Recoleta
22.882.722-8,Cliente Nuevo 22882722,"Avenida Independencia 492, Santiago, Chile",2026-12-25,ORD-CL-202612-003406,94128,2026-12-28,Las Condes
10.271.096-5,Cliente Nuevo 10271096,"Avenida Vicuña Mackenna 1694, Santiago, Chile",2026-12-25,ORD-CL-202612-003407,217139,2026-12-28,Lo Prado
9.969.180-0,Cliente Nuevo 9969180,"Calle San Diego 6271, Santiago, Chile",2026-12-25,ORD-CL-202612-003408,192910,2026-12-28,La Reina
21.805.407-4,Cliente Nuevo 21805407,"Calle Santo Domingo 8500, Santiago, Chile",2026-12-25,ORD-CL-202612-003409,93940,2026-12-29,Puente Alto
17.918.199-5,Cliente Nuevo 17918199,"Avenida Libertador Bernardo O'Higgins 3609, Santiago, Chile",2026-12-25,ORD-CL-202612-003410,333626,2026-12-28,Providencia
21.196.886-8,Cliente Nuevo 21196886,"Avenida Matta 3211, Santiago, Chile",2026-12-25,ORD-CL-202612-003411,209381,2026-12-28,Quinta Normal
18.957.760-4,Cliente 18957760,"Avenida Santa Rosa 8851, Santiago, Chile",2026-12-25,ORD-CL-202612-003412,285718,2026-12-27,Recoleta
14.462.552-5,Cliente Nuevo 14462552,"Calle Morandé 5878, Santiago, Chile",2026-12-25,ORD-CL-202612-003413,134105,2026-12-29,Las Condes
8.972.045-0,Cliente Nuevo 8972045,"Calle Amunátegui 571, Santiago, Chile",2026-12-25,ORD-CL-202612-003414,207289,2026-12-28,Vitacura
21.697.296-8,Cliente Nuevo 21697296,"Avenida Recoleta 2494, Santiago, Chile",2026-12-25,ORD-CL-202612-003415,98807,2026-12-28,La Florida
16.776.894-4,Cliente 16776894,"Calle Bandera 9307, Santiago, Chile",2026-12-25,ORD-CL-202612-003416,249603,2026-12-28,Estación Central
16.662.364-5,Cliente 16662364,"Avenida Departamental 4836, Santiago, Chile",2026-12-25,ORD-CL-202612-003417,71708,2026-12-27,Vitacura
14.867.251-1,Cliente 14867251,"Calle Catedral 3440, Santiago, Chile",2026-12-25,ORD-CL-202612-003418,113177,2026-12-27,Independencia
12.235.504-7,Cliente 12235504,"Avenida Kennedy 7107, Santiago, Chile",2026-12-25,ORD-CL-202612-003419,140601,2026-12-27,Santiago
22.728.569-9,Cliente Nuevo 22728569,"Avenida Kennedy 3662, Santiago, Chile",2026-12-25,ORD-CL-202612-003420,94903,2026-12-27,Santiago
18.125.753-3,Cliente 18125753,"Calle Catedral 808, Santiago, Chile",2026-12-25,ORD-CL-202612-003421,129092,2026-12-28,Vitacura
7.396.585-3,Cliente 7396585,"Avenida Departamental 2586, Santiago, Chile",2026-12-25,ORD-CL-202612-003422,233355,2026-12-27,Santiago
19.045.327-5,Cliente Nuevo 19045327,"Avenida Recoleta 9547, Santiago, Chile",2026-12-25,ORD-CL-202612-003423,99898,2026-12-27,Las Condes
13.892.478-4,Cliente 13892478,"Avenida Irarrázaval 8356, Santiago, Chile",2026-12-25,ORD-CL-202612-003424,268682,2026-12-28,Vitacura
15.112.652-8,Cliente Nuevo 15112652,"Avenida Santa Rosa 4704, Santiago, Chile",2026-12-25,ORD-CL-202612-003425,88049,2026-12-27,Lo Prado
7.053.292-4,Cliente 7053292,"Calle Merced 3468, Santiago, Chile",2026-12-25,ORD-CL-202612-003426,253409,2026-12-27,Las Condes
13.924.812-6,Cliente Nuevo 13924812,"Calle Catedral 4984, Santiago, Chile",2026-12-25,ORD-CL-202612-003427,87059,2026-12-28,Puente Alto
14.248.081-3,Cliente 14248081,"Avenida Apoquindo 6693, Santiago, Chile",2026-12-25,ORD-CL-202612-003428,118701,2026-12-28,La Florida
6.742.327-9,Cliente 6742327,"Calle San Antonio 2335, Santiago, Chile",2026-12-25,ORD-CL-202612-003429,289888,2026-12-27,San Miguel
17.650.281-9,Cliente Nuevo 17650281,"Avenida Irarrázaval 9016, Santiago, Chile",2026-12-25,ORD-CL-202612-003430,321693,2026-12-27,San Miguel
9.141.930-4,Cliente 9141930,"Calle Merced 790, Santiago, Chile",2026-12-25,ORD-CL-202612-003431,202654,2026-12-27,La Florida
7.828.785-0,Cliente Nuevo 7828785,"Avenida Irarrázaval 9489, Santiago, Chile",2026-12-26,ORD-CL-202612-003432,95758,2026-12-30,Santiago
9.374.030-0,Cliente 9374030,"Avenida Macul 3991, Santiago, Chile",2026-12-26,ORD-CL-202612-003433,301624,2026-12-27,Santiago
19.949.560-0,Cliente Nuevo 19949560,"Calle Merced 969, Santiago, Chile",2026-12-26,ORD-CL-202612-003434,159826,2026-12-29,Puente Alto
17.149.758-9,Cliente Nuevo 17149758,"Calle San Diego 3959, Santiago, Chile",2026-12-26,ORD-CL-202612-003435,64590,2026-12-30,Vitacura
11.266.059-7,Cliente Nuevo 11266059,"Avenida Las Condes 3397, Santiago, Chile",2026-12-26,ORD-CL-202612-003436,95762,2026-12-29,San Miguel
17.155.797-7,Cliente 17155797,"Calle Santo Domingo 1864, Santiago, Chile",2026-12-26,ORD-CL-202612-003437,191511,2026-12-28,Las Condes
22.679.223-0,Cliente Nuevo 22679223,"Calle Teatinos 3214, Santiago, Chile",2026-12-26,ORD-CL-202612-003438,137106,2026-12-27,Lo Prado
16.111.501-1,Cliente Nuevo 16111501,"Avenida Mapocho 2352, Santiago, Chile",2026-12-26,ORD-CL-202612-003439,246751,2026-12-28,Recoleta
15.518.813-9,Cliente Nuevo 15518813,"Avenida Vitacura 843, Santiago, Chile",2026-12-26,ORD-CL-202612-003440,85582,2026-12-28,Las Condes
12.648.503-0,Cliente 12648503,"Calle Compañía De Jesús 8935, Santiago, Chile",2026-12-26,ORD-CL-202612-003441,213087,2026-12-29,Independencia
14.515.904-7,Cliente Nuevo 14515904,"Avenida Independencia 275, Santiago, Chile",2026-12-26,ORD-CL-202612-003442,145682,2026-12-29,Lo Prado
18.190.145-8,Cliente Nuevo 18190145,"Avenida Matta 7432, Santiago, Chile",2026-12-26,ORD-CL-202612-003443,243736,2026-12-30,Peñalolén
19.805.203-9,Cliente 19805203,"Calle Santo Domingo 7873, Santiago, Chile",2026-12-26,ORD-CL-202612-003444,248057,2026-12-28,Santiago
22.904.284-0,Cliente 22904284,"Avenida La Florida 934, Santiago, Chile",2026-12-26,ORD-CL-202612-003445,170299,2026-12-29,Peñalolén
5.368.866-0,Cliente Nuevo 5368866,"Avenida Pedro De Valdivia 9478, Santiago, Chile",2026-12-26,ORD-CL-202612-003446,84769,2026-12-29,Puente Alto
16.274.233-1,Cliente Nuevo 16274233,"Avenida Grecia 1105, Santiago, Chile",2026-12-26,ORD-CL-202612-003447,62190,2026-12-28,Santiago
11.850.979-9,Cliente 11850979,"Avenida Tobalaba 7248, Santiago, Chile",2026-12-26,ORD-CL-202612-003448,152548,2026-12-27,Providencia
5.510.620-3,Cliente Nuevo 5510620,"Avenida Santa Rosa 8266, Santiago, Chile",2026-12-26,ORD-CL-202612-003449,192299,2026-12-29,Lo Prado
9.680.586-0,Cliente 9680586,"Calle Huérfanos 8101, Santiago, Chile",2026-12-26,ORD-CL-202612-003450,206806,2026-12-29,San Miguel
14.772.588-5,Cliente Nuevo 14772588,"Avenida Departamental 5011, Santiago, Chile",2026-12-26,ORD-CL-202612-003451,80821,2026-12-28,Independencia
7.595.359-6,Cliente Nuevo 7595359,"Avenida Matta 5065, Santiago, Chile",2026-12-26,ORD-CL-202612-003452,77518,2026-12-30,Independencia
19.331.820-7,Cliente Nuevo 19331820,"Avenida Independencia 2414, Santiago, Chile",2026-12-26,ORD-CL-202612-003453,166726,2026-12-30,San Miguel
22.933.193-9,Cliente Nuevo 22933193,"Avenida Vicuña Mackenna 1106, Santiago, Chile",2026-12-26,ORD-CL-202612-003454,191152,2026-12-30,Santiago
17.928.987-3,Cliente Nuevo 17928987,"Calle Merced 1866, Santiago, Chile",2026-12-26,ORD-CL-202612-003455,180426,2026-12-28,Lo Prado
17.875.000-0,Cliente 17875000,"Avenida Providencia 5716, Santiago, Chile",2026-12-26,ORD-CL-202612-003456,296232,2026-12-28,Las Condes
9.689.641-2,Cliente Nuevo 9689641,"Avenida Tobalaba 2551, Santiago, Chile",2026-12-26,ORD-CL-202612-003457,211391,2026-12-29,Independencia
17.313.403-1,Cliente 17313403,"Avenida La Florida 7678, Santiago, Chile",2026-12-26,ORD-CL-202612-003458,60553,2026-12-30,Santiago
13.227.312-6,Cliente Nuevo 13227312,"Avenida Vitacura 1784, Santiago, Chile",2026-12-26,ORD-CL-202612-003459,174542,2026-12-28,Lo Prado
11.781.750-3,Cliente 11781750,"Gran Avenida José Miguel Carrera 9176, Santiago, Chile",2026-12-26,ORD-CL-202612-003460,193909,2026-12-27,Santiago
14.958.222-0,Cliente Nuevo 14958222,"Avenida Irarrázaval 9790, Santiago, Chile",2026-12-26,ORD-CL-202612-003461,132514,2026-12-28,Lo Prado
12.725.879-1,Cliente Nuevo 12725879,"Avenida Mapocho 6728, Santiago, Chile",2026-12-26,ORD-CL-202612-003462,143244,2026-12-29,Lo Prado
5.433.342-8,Cliente 5433342,"Calle Arturo Prat 4641, Santiago, Chile",2026-12-26,ORD-CL-202612-003463,222568,2026-12-27,La Reina
14.595.198-5,Cliente Nuevo 14595198,"Avenida Irarrázaval 2601, Santiago, Chile",2026-12-26,ORD-CL-202612-003464,266344,2026-12-28,La Florida
5.928.181-2,Cliente 5928181,"Avenida Kennedy 5542, Santiago, Chile",2026-12-26,ORD-CL-202612-003465,104590,2026-12-28,Santiago
9.177.486-1,Cliente 9177486,"Calle Merced 896, Santiago, Chile",2026-12-26,ORD-CL-202612-003466,216753,2026-12-28,Lo Prado
9.707.522-3,Cliente 9707522,"Avenida Matta 504, Santiago, Chile",2026-12-26,ORD-CL-202612-003467,193233,2026-12-28,Quinta Normal
22.576.576-6,Cliente 22576576,"Avenida Grecia 1144, Santiago, Chile",2026-12-26,ORD-CL-202612-003468,215545,2026-12-29,Quinta Normal
8.659.756-4,Cliente Nuevo 8659756,"Calle Teatinos 5921, Santiago, Chile",2026-12-26,ORD-CL-202612-003469,109578,2026-12-27,Santiago
8.395.310-4,Cliente Nuevo 8395310,"Gran Avenida José Miguel Carrera 1084, Santiago, Chile",2026-12-26,ORD-CL-202612-003470,90659,2026-12-28,La Florida
14.741.684-1,Cliente Nuevo 14741684,"Avenida Santa Rosa 1070, Santiago, Chile",2026-12-26,ORD-CL-202612-003471,270246,2026-12-28,La Reina
21.023.875-5,Cliente Nuevo 21023875,"Avenida Macul 5944, Santiago, Chile",2026-12-26,ORD-CL-202612-003472,82318,2026-12-28,San Miguel
8.823.280-5,Cliente Nuevo 8823280,"Calle Monjitas 2575, Santiago, Chile",2026-12-26,ORD-CL-202612-003473,268647,2026-12-29,Santiago
10.059.413-2,Cliente 10059413,"Calle Amunátegui 7156, Santiago, Chile",2026-12-26,ORD-CL-202612-003474,318572,2026-12-29,Peñalolén
15.306.485-5,Cliente Nuevo 15306485,"Calle Monjitas 3087, Santiago, Chile",2026-12-26,ORD-CL-202612-003475,178829,2026-12-29,Recoleta
14.921.076-6,Cliente Nuevo 14921076,"Calle San Antonio 4837, Santiago, Chile",2026-12-26,ORD-CL-202612-003476,128624,2026-12-29,Independencia
16.530.563-1,Cliente Nuevo 16530563,"Calle Huérfanos 4870, Santiago, Chile",2026-12-26,ORD-CL-202612-003477,128780,2026-12-28,Providencia
21.269.458-3,Cliente 21269458,"Calle Amunátegui 1984, Santiago, Chile",2026-12-26,ORD-CL-202612-003478,232944,2026-12-29,Peñalolén
11.462.126-0,Cliente 11462126,"Avenida Irarrázaval 5965, Santiago, Chile",2026-12-26,ORD-CL-202612-003479,192580,2026-12-28,Peñalolén
16.229.670-1,Cliente 16229670,"Avenida Pajaritos 9174, Santiago, Chile",2026-12-26,ORD-CL-202612-003480,116384,2026-12-28,La Florida
20.617.357-1,Cliente 20617357,"Avenida Apoquindo 8523, Santiago, Chile",2026-12-26,ORD-CL-202612-003481,324790,2026-12-27,Las Condes
8.266.929-2,Cliente Nuevo 8266929,"Avenida Macul 9355, Santiago, Chile",2026-12-26,ORD-CL-202612-003482,127446,2026-12-27,Estación Central
6.987.511-1,Cliente Nuevo 6987511,"Calle Merced 4984, Santiago, Chile",2026-12-26,ORD-CL-202612-003483,206962,2026-12-28,Santiago
18.563.792-4,Cliente Nuevo 18563792,"Calle Arturo Prat 1108, Santiago, Chile",2026-12-26,ORD-CL-202612-003484,143307,2026-12-28,Independencia
22.770.546-0,Cliente Nuevo 22770546,"Avenida Kennedy 2728, Santiago, Chile",2026-12-26,ORD-CL-202612-003485,227313,2026-12-29,Providencia
12.668.481-4,Cliente Nuevo 12668481,"Calle Compañía De Jesús 326, Santiago, Chile",2026-12-26,ORD-CL-202612-003486,53805,2026-12-31,Estación Central
9.773.767-8,Cliente 9773767,"Avenida La Florida 7492, Santiago, Chile",2026-12-26,ORD-CL-202612-003487,232739,2026-12-28,Santiago
21.455.475-7,Cliente Nuevo 21455475,"Calle Teatinos 7534, Santiago, Chile",2026-12-26,ORD-CL-202612-003488,293149,2026-12-29,Recoleta
13.950.380-9,Cliente Nuevo 13950380,"Calle Amunátegui 1682, Santiago, Chile",2026-12-26,ORD-CL-202612-003489,199759,2026-12-30,Vitacura
20.453.110-8,Cliente 20453110,"Avenida Américo Vespucio 4961, Santiago, Chile",2026-12-26,ORD-CL-202612-003490,104057,2026-12-28,La Florida
16.406.246-6,Cliente 16406246,"Calle Amunátegui 7187, Santiago, Chile",2026-12-26,ORD-CL-202612-003491,54532,2026-12-29,Las Condes
18.886.428-9,Cliente 18886428,"Avenida Apoquindo 2126, Santiago, Chile",2026-12-26,ORD-CL-202612-003492,47441,2026-12-28,Lo Prado
8.700.812-9,Cliente 8700812,"Avenida Vitacura 8959, Santiago, Chile",2026-12-26,ORD-CL-202612-003493,56099,2026-12-27,La Reina
14.741.684-1,Cliente Nuevo 14741684,"Avenida Santa Rosa 1070, Santiago, Chile",2026-12-26,ORD-CL-202612-003494,311904,2026-12-30,La Reina
5.433.342-8,Cliente 5433342,"Calle Arturo Prat 4641, Santiago, Chile",2026-12-26,ORD-CL-202612-003495,169235,2026-12-29,La Reina
9.556.000-8,Cliente Nuevo 9556000,"Avenida Grecia 8481, Santiago, Chile",2026-12-26,ORD-CL-202612-003496,81029,2026-12-28,Estación Central
11.283.715-2,Cliente Nuevo 11283715,"Avenida Grecia 6574, Santiago, Chile",2026-12-26,ORD-CL-202612-003497,101902,2026-12-28,Lo Prado
14.741.684-1,Cliente Nuevo 14741684,"Avenida Santa Rosa 1070, Santiago, Chile",2026-12-26,ORD-CL-202612-003498,244752,2026-12-29,La Reina
14.921.076-6,Cliente Nuevo 14921076,"Calle San Antonio 4837, Santiago, Chile",2026-12-26,ORD-CL-202612-003499,316103,2026-12-29,Independencia
17.681.406-4,Cliente Nuevo 17681406,"Avenida Independencia 8062, Santiago, Chile",2026-12-26,ORD-CL-202612-003500,330130,2026-12-30,Santiago
20.013.765-7,Cliente 20013765,"Avenida Tobalaba 49, Santiago, Chile",2026-12-26,ORD-CL-202612-003501,196164,2026-12-29,Santiago
10.884.364-8,Cliente Nuevo 10884364,"Avenida Santa Rosa 5380, Santiago, Chile",2026-12-26,ORD-CL-202612-003502,119604,2026-12-28,La Florida
14.976.779-6,Cliente 14976779,"Avenida Irarrázaval 8302, Santiago, Chile",2026-12-26,ORD-CL-202612-003503,292806,2026-12-28,Santiago
13.799.287-5,Cliente Nuevo 13799287,"Calle San Diego 4372, Santiago, Chile",2026-12-26,ORD-CL-202612-003504,115367,2026-12-29,Vitacura
20.552.104-2,Cliente 20552104,"Avenida La Florida 1383, Santiago, Chile",2026-12-26,ORD-CL-202612-003505,248716,2026-12-28,Las Condes
15.905.203-0,Cliente 15905203,"Calle Arturo Prat 8089, Santiago, Chile",2026-12-26,ORD-CL-202612-003506,89102,2026-12-28,Las Condes
19.773.132-3,Cliente Nuevo 19773132,"Avenida Apoquindo 3229, Santiago, Chile",2026-12-26,ORD-CL-202612-003507,96020,2026-12-31,La Florida
13.755.709-8,Cliente 13755709,"Avenida Kennedy 9990, Santiago, Chile",2026-12-26,ORD-CL-202612-003508,96913,2026-12-30,Santiago
7.453.887-1,Cliente Nuevo 7453887,"Avenida Macul 6581, Santiago, Chile",2026-12-26,ORD-CL-202612-003509,230442,2026-12-28,Providencia
10.070.774-1,Cliente Nuevo 10070774,"Avenida Independencia 822, Santiago, Chile",2026-12-26,ORD-CL-202612-003510,77617,2026-12-29,Estación Central
9.888.125-8,Cliente Nuevo 9888125,"Avenida Apoquindo 7900, Santiago, Chile",2026-12-26,ORD-CL-202612-003511,173164,2026-12-28,Santiago
7.521.383-3,Cliente Nuevo 7521383,"Avenida Vicuña Mackenna 8172, Santiago, Chile",2026-12-26,ORD-CL-202612-003512,193062,2026-12-30,Puente Alto
13.513.232-1,Cliente Nuevo 13513232,"Avenida Apoquindo 7403, Santiago, Chile",2026-12-26,ORD-CL-202612-003513,91583,2026-12-29,Independencia
11.782.805-1,Cliente 11782805,"Calle Teatinos 51, Santiago, Chile",2026-12-26,ORD-CL-202612-003514,115151,2026-12-29,Providencia
14.319.883-1,Cliente 14319883,"Avenida Matta 5936, Santiago, Chile",2026-12-26,ORD-CL-202612-003515,114562,2026-12-30,Puente Alto
19.708.724-3,Cliente Nuevo 19708724,"Avenida Mapocho 696, Santiago, Chile",2026-12-26,ORD-CL-202612-003516,250487,2026-12-29,Puente Alto
12.008.527-5,Cliente 12008527,"Calle Arturo Prat 746, Santiago, Chile",2026-12-26,ORD-CL-202612-003517,169539,2026-12-28,Santiago
9.965.545-2,Cliente Nuevo 9965545,"Avenida Kennedy 7678, Santiago, Chile",2026-12-26,ORD-CL-202612-003518,213719,2026-12-31,Recoleta
21.968.317-0,Cliente Nuevo 21968317,"Avenida Matta 7845, Santiago, Chile",2026-12-26,ORD-CL-202612-003519,75171,2026-12-28,Vitacura
7.071.036-3,Cliente Nuevo 7071036,"Avenida Kennedy 5098, Santiago, Chile",2026-12-26,ORD-CL-202612-003520,261113,2026-12-28,Recoleta
15.768.838-4,Cliente 15768838,"Calle Catedral 2422, Santiago, Chile",2026-12-26,ORD-CL-202612-003521,57631,2026-12-29,Vitacura
6.852.110-4,Cliente 6852110,"Avenida Macul 3599, Santiago, Chile",2026-12-26,ORD-CL-202612-003522,247732,2026-12-28,Recoleta
21.841.892-1,Cliente 21841892,"Avenida Kennedy 9846, Santiago, Chile",2026-12-26,ORD-CL-202612-003523,145227,2026-12-29,La Reina
14.206.042-6,Cliente Nuevo 14206042,"Avenida Providencia 4638, Santiago, Chile",2026-12-26,ORD-CL-202612-003524,316830,2026-12-28,Santiago
7.665.044-8,Cliente Nuevo 7665044,"Calle Catedral 9757, Santiago, Chile",2026-12-26,ORD-CL-202612-003525,257923,2026-12-29,Santiago
20.028.545-4,Cliente Nuevo 20028545,"Calle Estado 2507, Santiago, Chile",2026-12-26,ORD-CL-202612-003526,73682,2026-12-28,Santiago
16.554.800-3,Cliente 16554800,"Calle Estado 7420, Santiago, Chile",2026-12-26,ORD-CL-202612-003527,99020,2026-12-28,San Miguel
5.216.582-9,Cliente Nuevo 5216582,"Avenida Américo Vespucio 2071, Santiago, Chile",2026-12-26,ORD-CL-202612-003528,129798,2026-12-28,Independencia
9.610.014-7,Cliente Nuevo 9610014,"Avenida Pedro De Valdivia 353, Santiago, Chile",2026-12-26,ORD-CL-202612-003529,262046,2026-12-30,Vitacura
19.888.499-6,Cliente Nuevo 19888499,"Calle Arturo Prat 5007, Santiago, Chile",2026-12-26,ORD-CL-202612-003530,148804,2026-12-28,Las Condes
5.621.030-0,Cliente Nuevo 5621030,"Calle Estado 7124, Santiago, Chile",2026-12-26,ORD-CL-202612-003531,129103,2026-12-30,Estación Central
12.172.627-6,Cliente Nuevo 12172627,"Calle San Diego 9161, Santiago, Chile",2026-12-26,ORD-CL-202612-003532,140754,2026-12-28,Recoleta
6.467.242-5,Cliente 6467242,"Avenida Independencia 24, Santiago, Chile",2026-12-26,ORD-CL-202612-003533,194249,2026-12-29,San Miguel
14.918.958-0,Cliente Nuevo 14918958,"Avenida Apoquindo 3829, Santiago, Chile",2026-12-26,ORD-CL-202612-003534,91657,2026-12-30,La Florida
13.453.886-9,Cliente 13453886,"Calle Catedral 2615, Santiago, Chile",2026-12-26,ORD-CL-202612-003535,112579,2026-12-30,Providencia
12.823.162-6,Cliente Nuevo 12823162,"Avenida Tobalaba 8738, Santiago, Chile",2026-12-26,ORD-CL-202612-003536,172789,2026-12-28,Vitacura
6.665.758-2,Cliente Nuevo 6665758,"Calle Huérfanos 4808, Santiago, Chile",2026-12-26,ORD-CL-202612-003537,185607,2026-12-31,Lo Prado
6.919.530-9,Cliente Nuevo 6919530,"Avenida Pajaritos 2670, Santiago, Chile",2026-12-26,ORD-CL-202612-003538,226886,2026-12-28,Peñalolén
12.367.774-3,Cliente Nuevo 12367774,"Calle Merced 9195, Santiago, Chile",2026-12-26,ORD-CL-202612-003539,177660,2026-12-29,Providencia
11.735.042-7,Cliente 11735042,"Avenida Vicuña Mackenna 2305, Santiago, Chile",2026-12-26,ORD-CL-202612-003540,159599,2026-12-28,Recoleta
10.813.137-3,Cliente Nuevo 10813137,"Avenida Santa Rosa 6309, Santiago, Chile",2026-12-26,ORD-CL-202612-003541,185011,2026-12-28,Santiago
7.099.944-3,Cliente 7099944,"Avenida Pedro De Valdivia 2536, Santiago, Chile",2026-12-26,ORD-CL-202612-003542,258398,2026-12-29,Providencia
17.266.435-0,Cliente Nuevo 17266435,"Calle Monjitas 9934, Santiago, Chile",2026-12-26,ORD-CL-202612-003543,112060,2026-12-28,Santiago
18.622.994-3,Cliente Nuevo 18622994,"Avenida Grecia 969, Santiago, Chile",2026-12-26,ORD-CL-202612-003544,196975,2026-12-30,Puente Alto
17.107.764-6,Cliente 17107764,"Avenida Pajaritos 5796, Santiago, Chile",2026-12-26,ORD-CL-202612-003545,192222,2026-12-28,Independencia
18.291.082-9,Cliente Nuevo 18291082,"Avenida Vicuña Mackenna 4382, Santiago, Chile",2026-12-26,ORD-CL-202612-003546,258609,2026-12-28,Peñalolén
11.792.673-0,Cliente Nuevo 11792673,"Avenida Mapocho 4034, Santiago, Chile",2026-12-26,ORD-CL-202612-003547,318816,2026-12-29,Quinta Normal
11.732.669-6,Cliente Nuevo 11732669,"Calle Teatinos 5872, Santiago, Chile",2026-12-26,ORD-CL-202612-003548,157604,2026-12-28,Santiago
14.638.216-6,Cliente Nuevo 14638216,"Avenida La Florida 1200, Santiago, Chile",2026-12-26,ORD-CL-202612-003549,233562,2026-12-29,Quinta Normal
20.071.065-7,Cliente Nuevo 20071065,"Calle Compañía De Jesús 2750, Santiago, Chile",2026-12-26,ORD-CL-202612-003550,184946,2026-12-30,La Florida
10.902.419-0,Cliente 10902419,"Avenida Santa Rosa 3238, Santiago, Chile",2026-12-26,ORD-CL-202612-003551,122575,2026-12-29,La Florida
14.894.939-5,Cliente 14894939,"Avenida Mapocho 5324, Santiago, Chile",2026-12-26,ORD-CL-202612-003552,167814,2026-12-28,Recoleta
7.280.464-0,Cliente 7280464,"Calle San Antonio 7123, Santiago, Chile",2026-12-26,ORD-CL-202612-003553,217664,2026-12-30,La Florida
9.746.693-1,Cliente Nuevo 9746693,"Calle San Diego 5268, Santiago, Chile",2026-12-26,ORD-CL-202612-003554,75328,2026-12-28,Puente Alto
10.648.727-7,Cliente 10648727,"Avenida Santa Rosa 9134, Santiago, Chile",2026-12-26,ORD-CL-202612-003555,104269,2026-12-29,Recoleta
5.250.649-1,Cliente 5250649,"Avenida Las Condes 3997, Santiago, Chile",2026-12-26,ORD-CL-202612-003556,130582,2026-12-29,Santiago
14.763.688-3,Cliente Nuevo 14763688,"Gran Avenida José Miguel Carrera 5636, Santiago, Chile",2026-12-26,ORD-CL-202612-003557,156371,2026-12-28,La Reina
10.174.496-0,Cliente Nuevo 10174496,"Avenida Pajaritos 619, Santiago, Chile",2026-12-26,ORD-CL-202612-003558,79191,2026-12-29,Lo Prado
10.841.030-7,Cliente 10841030,"Calle Catedral 5661, Santiago, Chile",2026-12-26,ORD-CL-202612-003559,74091,2026-12-28,Santiago
16.433.287-4,Cliente Nuevo 16433287,"Avenida La Florida 6743, Santiago, Chile",2026-12-26,ORD-CL-202612-003560,70489,2026-12-28,Puente Alto
21.692.042-6,Cliente 21692042,"Avenida Las Condes 1523, Santiago, Chile",2026-12-26,ORD-CL-202612-003561,130348,2026-12-31,Estación Central
15.902.183-1,Cliente Nuevo 15902183,"Calle Arturo Prat 3692, Santiago, Chile",2026-12-26,ORD-CL-202612-003562,129352,2026-12-29,Estación Central
10.412.066-2,Cliente 10412066,"Gran Avenida José Miguel Carrera 3362, Santiago, Chile",2026-12-26,ORD-CL-202612-003563,156586,2026-12-29,Santiago
19.994.164-4,Cliente 19994164,"Avenida Macul 7795, Santiago, Chile",2026-12-26,ORD-CL-202612-003564,72058,2026-12-29,Santiago
6.850.011-0,Cliente Nuevo 6850011,"Calle Teatinos 5432, Santiago, Chile",2026-12-26,ORD-CL-202612-003565,264427,2026-12-28,Santiago
16.467.561-8,Cliente 16467561,"Calle Teatinos 4467, Santiago, Chile",2026-12-26,ORD-CL-202612-003566,122268,2026-12-28,Providencia
21.187.834-7,Cliente Nuevo 21187834,"Avenida Kennedy 767, Santiago, Chile",2026-12-26,ORD-CL-202612-003567,259281,2026-12-29,Santiago
12.735.720-5,Cliente Nuevo 12735720,"Avenida Manuel Montt 7945, Santiago, Chile",2026-12-27,ORD-CL-202612-003568,214383,2026-12-29,Providencia
12.172.627-6,Cliente Nuevo 12172627,"Calle San Diego 9161, Santiago, Chile",2026-12-27,ORD-CL-202612-003569,131444,2026-12-31,Recoleta
17.096.618-7,Cliente Nuevo 17096618,"Avenida Mapocho 9761, Santiago, Chile",2026-12-27,ORD-CL-202612-003570,159085,2026-12-29,Puente Alto
19.955.744-1,Cliente Nuevo 19955744,"Avenida Manuel Montt 4776, Santiago, Chile",2026-12-27,ORD-CL-202612-003571,114672,2026-12-30,Santiago
15.807.505-5,Cliente Nuevo 15807505,"Calle Catedral 4145, Santiago, Chile",2026-12-27,ORD-CL-202612-003572,75772,2026-12-31,Lo Prado
13.924.812-6,Cliente Nuevo 13924812,"Calle Catedral 4984, Santiago, Chile",2026-12-27,ORD-CL-202612-003573,186925,2026-12-30,Puente Alto
17.620.980-6,Cliente Nuevo 17620980,"Avenida Departamental 2987, Santiago, Chile",2026-12-27,ORD-CL-202612-003574,58038,2026-12-30,Vitacura
6.401.776-8,Cliente 6401776,"Avenida Manuel Montt 2849, Santiago, Chile",2026-12-27,ORD-CL-202612-003575,57473,2026-12-29,Lo Prado
5.306.445-1,Cliente Nuevo 5306445,"Avenida Tobalaba 4027, Santiago, Chile",2026-12-27,ORD-CL-202612-003576,253722,2026-12-29,Recoleta
7.648.841-2,Cliente Nuevo 7648841,"Avenida Manuel Montt 4025, Santiago, Chile",2026-12-27,ORD-CL-202612-003577,139973,2026-12-30,Santiago
8.578.947-2,Cliente 8578947,"Avenida Independencia 606, Santiago, Chile",2026-12-27,ORD-CL-202612-003578,102836,2026-12-30,La Florida
14.736.651-2,Cliente Nuevo 14736651,"Calle San Diego 2371, Santiago, Chile",2026-12-27,ORD-CL-202612-003579,101997,2026-12-28,Puente Alto
20.324.755-0,Cliente Nuevo 20324755,"Avenida Mapocho 8056, Santiago, Chile",2026-12-27,ORD-CL-202612-003580,227815,2026-12-30,San Miguel
10.838.437-5,Cliente Nuevo 10838437,"Calle Teatinos 2173, Santiago, Chile",2026-12-27,ORD-CL-202612-003581,70810,2026-12-30,Santiago
18.737.764-9,Cliente 18737764,"Avenida Américo Vespucio 8747, Santiago, Chile",2026-12-27,ORD-CL-202612-003582,142497,2026-12-29,San Miguel
8.823.811-3,Cliente 8823811,"Avenida Kennedy 7331, Santiago, Chile",2026-12-27,ORD-CL-202612-003583,154012,2026-12-29,Independencia
20.636.095-7,Cliente Nuevo 20636095,"Avenida Santa Rosa 1408, Santiago, Chile",2026-12-27,ORD-CL-202612-003584,73763,2026-12-29,Santiago
21.015.076-2,Cliente 21015076,"Avenida Departamental 1600, Santiago, Chile",2026-12-27,ORD-CL-202612-003585,172107,2026-12-29,Las Condes
14.141.338-0,Cliente 14141338,"Avenida Matta 8464, Santiago, Chile",2026-12-27,ORD-CL-202612-003586,138775,2026-12-30,Independencia
10.412.066-2,Cliente 10412066,"Gran Avenida José Miguel Carrera 3362, Santiago, Chile",2026-12-27,ORD-CL-202612-003587,95793,2026-12-29,Santiago
8.370.123-6,Cliente Nuevo 8370123,"Calle Santo Domingo 2882, Santiago, Chile",2026-12-27,ORD-CL-202612-003588,270660,2026-12-29,Lo Prado
14.428.328-6,Cliente Nuevo 14428328,"Calle Bandera 8583, Santiago, Chile",2026-12-27,ORD-CL-202612-003589,92584,2026-12-31,La Reina
22.759.622-2,Cliente 22759622,"Avenida Matta 5603, Santiago, Chile",2026-12-27,ORD-CL-202612-003590,82658,2026-12-30,La Reina
18.475.542-9,Cliente Nuevo 18475542,"Calle Amunátegui 8936, Santiago, Chile",2026-12-27,ORD-CL-202612-003591,131131,2026-12-29,Las Condes
21.628.171-6,Cliente 21628171,"Calle Estado 5679, Santiago, Chile",2026-12-27,ORD-CL-202612-003592,202092,2026-12-29,Las Condes
6.281.296-9,Cliente 6281296,"Avenida La Florida 4209, Santiago, Chile",2026-12-27,ORD-CL-202612-003593,126670,2026-12-29,Lo Prado
22.600.153-8,Cliente 22600153,"Avenida Departamental 6836, Santiago, Chile",2026-12-27,ORD-CL-202612-003594,76227,2026-12-29,Puente Alto
9.838.273-9,Cliente Nuevo 9838273,"Calle Amunátegui 1717, Santiago, Chile",2026-12-27,ORD-CL-202612-003595,85782,2026-12-30,Santiago
19.442.394-3,Cliente 19442394,"Avenida Américo Vespucio 3407, Santiago, Chile",2026-12-27,ORD-CL-202612-003596,85842,2026-12-29,Recoleta
20.399.412-6,Cliente Nuevo 20399412,"Calle San Antonio 4351, Santiago, Chile",2026-12-27,ORD-CL-202612-003597,206246,2026-12-28,Independencia
10.109.395-5,Cliente Nuevo 10109395,"Avenida Apoquindo 4985, Santiago, Chile",2026-12-27,ORD-CL-202612-003598,289737,2026-12-30,Santiago
18.957.760-4,Cliente 18957760,"Avenida Santa Rosa 8851, Santiago, Chile",2026-12-27,ORD-CL-202612-003599,67216,2026-12-31,Recoleta
22.538.782-2,Cliente Nuevo 22538782,"Avenida Departamental 5058, Santiago, Chile",2026-12-27,ORD-CL-202612-003600,36386,2026-12-29,Providencia
10.085.073-4,Cliente Nuevo 10085073,"Calle Estado 5703, Santiago, Chile",2026-12-27,ORD-CL-202612-003601,167428,2026-12-28,Santiago
16.610.047-5,Cliente Nuevo 16610047,"Calle Morandé 6676, Santiago, Chile",2026-12-27,ORD-CL-202612-003602,164191,2026-12-31,Recoleta
5.463.582-6,Cliente 5463582,"Gran Avenida José Miguel Carrera 9450, Santiago, Chile",2026-12-27,ORD-CL-202612-003603,126861,2026-12-29,La Reina
12.668.481-4,Cliente Nuevo 12668481,"Calle Compañía De Jesús 326, Santiago, Chile",2026-12-27,ORD-CL-202612-003604,154369,2026-12-30,Estación Central
22.934.341-6,Cliente Nuevo 22934341,"Avenida Las Condes 2034, Santiago, Chile",2026-12-27,ORD-CL-202612-003605,223740,2026-12-29,Estación Central
9.007.503-6,Cliente 9007503,"Calle Morandé 508, Santiago, Chile",2026-12-27,ORD-CL-202612-003606,221501,2026-12-30,Peñalolén
13.963.434-1,Cliente Nuevo 13963434,"Calle San Diego 3902, Santiago, Chile",2026-12-27,ORD-CL-202612-003607,71394,2026-12-30,La Reina
17.289.204-6,Cliente Nuevo 17289204,"Avenida Libertador Bernardo O'Higgins 5990, Santiago, Chile",2026-12-27,ORD-CL-202612-003608,165727,2026-12-29,Lo Prado
15.916.683-3,Cliente 15916683,"Calle Santo Domingo 1407, Santiago, Chile",2026-12-27,ORD-CL-202612-003609,49248,2026-12-29,La Florida
22.290.680-4,Cliente Nuevo 22290680,"Calle Estado 6774, Santiago, Chile",2026-12-27,ORD-CL-202612-003610,130772,2026-12-29,Santiago
9.680.586-0,Cliente 9680586,"Calle Huérfanos 8101, Santiago, Chile",2026-12-27,ORD-CL-202612-003611,219624,2026-12-30,San Miguel
22.545.252-1,Cliente 22545252,"Avenida Irarrázaval 4556, Santiago, Chile",2026-12-27,ORD-CL-202612-003612,140618,2026-12-30,Peñalolén
15.894.431-2,Cliente Nuevo 15894431,"Avenida Santa Rosa 9656, Santiago, Chile",2026-12-27,ORD-CL-202612-003613,96195,2026-12-29,Providencia
21.259.045-6,Cliente 21259045,"Avenida Pajaritos 7853, Santiago, Chile",2026-12-27,ORD-CL-202612-003614,128804,2026-12-29,Peñalolén
12.737.660-8,Cliente Nuevo 12737660,"Calle Amunátegui 5053, Santiago, Chile",2026-12-27,ORD-CL-202612-003615,231808,2026-12-29,Puente Alto
7.995.605-2,Cliente Nuevo 7995605,"Avenida La Florida 4780, Santiago, Chile",2026-12-27,ORD-CL-202612-003616,164104,2026-12-30,Santiago
20.325.827-9,Cliente 20325827,"Avenida Santa Rosa 7174, Santiago, Chile",2026-12-27,ORD-CL-202612-003617,264213,2026-12-30,Providencia
22.683.270-6,Cliente Nuevo 22683270,"Calle San Antonio 1640, Santiago, Chile",2026-12-27,ORD-CL-202612-003618,242562,2026-12-31,San Miguel
15.510.181-5,Cliente Nuevo 15510181,"Avenida Las Condes 1193, Santiago, Chile",2026-12-27,ORD-CL-202612-003619,168243,2026-12-31,San Miguel
17.580.302-1,Cliente Nuevo 17580302,"Avenida Grecia 7837, Santiago, Chile",2026-12-27,ORD-CL-202612-003620,85049,2026-12-29,Santiago
21.053.644-9,Cliente Nuevo 21053644,"Avenida Manuel Montt 9891, Santiago, Chile",2026-12-27,ORD-CL-202612-003621,203704,2026-12-29,Las Condes
22.718.662-4,Cliente 22718662,"Calle Estado 7755, Santiago, Chile",2026-12-27,ORD-CL-202612-003622,85440,2026-12-30,Estación Central
5.376.142-9,Cliente 5376142,"Avenida Departamental 5645, Santiago, Chile",2026-12-27,ORD-CL-202612-003623,244075,2026-12-29,Providencia
15.956.607-5,Cliente 15956607,"Avenida Apoquindo 8025, Santiago, Chile",2026-12-27,ORD-CL-202612-003624,91990,2026-12-30,Peñalolén
13.892.478-4,Cliente 13892478,"Avenida Irarrázaval 8356, Santiago, Chile",2026-12-27,ORD-CL-202612-003625,98512,2026-12-29,Vitacura
13.810.979-2,Cliente Nuevo 13810979,"Avenida Kennedy 7247, Santiago, Chile",2026-12-27,ORD-CL-202612-003626,169901,2026-12-28,Santiago
8.491.877-8,Cliente Nuevo 8491877,"Avenida Tobalaba 1063, Santiago, Chile",2026-12-27,ORD-CL-202612-003627,121717,2026-12-30,Vitacura
12.627.284-5,Cliente 12627284,"Avenida Recoleta 8980, Santiago, Chile",2026-12-27,ORD-CL-202612-003628,80663,2026-12-30,Recoleta
13.044.024-6,Cliente 13044024,"Calle Estado 8180, Santiago, Chile",2026-12-27,ORD-CL-202612-003629,226177,2026-12-31,Las Condes
12.910.728-3,Cliente Nuevo 12910728,"Gran Avenida José Miguel Carrera 6169, Santiago, Chile",2026-12-27,ORD-CL-202612-003630,120796,2026-12-29,Lo Prado
10.436.716-4,Cliente 10436716,"Avenida Manuel Montt 756, Santiago, Chile",2026-12-27,ORD-CL-202612-003631,205220,2026-12-30,Providencia
19.779.462-2,Cliente 19779462,"Calle Huérfanos 3861, Santiago, Chile",2026-12-27,ORD-CL-202612-003632,125589,2026-12-28,San Miguel
16.541.622-3,Cliente 16541622,"Calle Estado 2481, Santiago, Chile",2026-12-27,ORD-CL-202612-003633,300097,2026-12-29,San Miguel
13.075.598-8,Cliente 13075598,"Calle Catedral 416, Santiago, Chile",2026-12-27,ORD-CL-202612-003634,97631,2026-12-29,Estación Central
18.617.683-9,Cliente Nuevo 18617683,"Calle Estado 8845, Santiago, Chile",2026-12-27,ORD-CL-202612-003635,91662,2026-12-30,Estación Central
20.374.563-3,Cliente 20374563,"Avenida Kennedy 1795, Santiago, Chile",2026-12-27,ORD-CL-202612-003636,190137,2026-12-30,Providencia
6.438.229-6,Cliente 6438229,"Calle Merced 6576, Santiago, Chile",2026-12-27,ORD-CL-202612-003637,253368,2026-12-29,Puente Alto
5.830.906-5,Cliente Nuevo 5830906,"Avenida Irarrázaval 6181, Santiago, Chile",2026-12-27,ORD-CL-202612-003638,123274,2026-12-31,Santiago
5.518.697-7,Cliente Nuevo 5518697,"Avenida Vitacura 9543, Santiago, Chile",2026-12-27,ORD-CL-202612-003639,117525,2026-12-31,Peñalolén
5.545.277-4,Cliente 5545277,"Avenida Santa Rosa 8250, Santiago, Chile",2026-12-27,ORD-CL-202612-003640,312742,2026-12-30,Santiago
15.604.724-1,Cliente 15604724,"Avenida Independencia 9638, Santiago, Chile",2026-12-27,ORD-CL-202612-003641,276523,2026-12-29,Santiago
6.221.285-6,Cliente 6221285,"Avenida Libertador Bernardo O'Higgins 8974, Santiago, Chile",2026-12-27,ORD-CL-202612-003642,268343,2026-12-30,Estación Central
20.562.021-8,Cliente Nuevo 20562021,"Gran Avenida José Miguel Carrera 5359, Santiago, Chile",2026-12-27,ORD-CL-202612-003643,188970,2026-12-29,La Reina
22.570.252-0,Cliente 22570252,"Calle Compañía De Jesús 7475, Santiago, Chile",2026-12-27,ORD-CL-202612-003644,100986,2026-12-30,Lo Prado
19.979.903-0,Cliente 19979903,"Avenida Las Condes 6919, Santiago, Chile",2026-12-27,ORD-CL-202612-003645,145673,2026-12-30,Las Condes
11.509.383-8,Cliente 11509383,"Avenida Providencia 1951, Santiago, Chile",2026-12-27,ORD-CL-202612-003646,103211,2026-12-29,Vitacura
6.503.837-5,Cliente Nuevo 6503837,"Gran Avenida José Miguel Carrera 7083, Santiago, Chile",2026-12-27,ORD-CL-202612-003647,188607,2026-12-30,Puente Alto
12.601.567-6,Cliente 12601567,"Avenida Manuel Montt 8763, Santiago, Chile",2026-12-27,ORD-CL-202612-003648,148359,2026-12-28,Peñalolén
20.461.373-8,Cliente Nuevo 20461373,"Calle San Diego 5685, Santiago, Chile",2026-12-27,ORD-CL-202612-003649,78501,2026-12-28,Providencia
6.466.103-7,Cliente 6466103,"Calle San Antonio 7911, Santiago, Chile",2026-12-27,ORD-CL-202612-003650,117111,2026-12-29,Santiago
5.149.563-9,Cliente Nuevo 5149563,"Calle San Diego 1583, Santiago, Chile",2026-12-27,ORD-CL-202612-003651,169847,2026-12-29,Independencia
12.172.627-6,Cliente Nuevo 12172627,"Calle San Diego 9161, Santiago, Chile",2026-12-27,ORD-CL-202612-003652,168024,2026-12-30,Recoleta
22.920.011-9,Cliente Nuevo 22920011,"Avenida Departamental 4187, Santiago, Chile",2026-12-27,ORD-CL-202612-003653,54853,2026-12-30,Lo Prado
17.760.400-9,Cliente 17760400,"Calle Monjitas 7634, Santiago, Chile",2026-12-27,ORD-CL-202612-003654,88592,2026-12-30,Santiago
12.417.413-1,Cliente Nuevo 12417413,"Avenida Tobalaba 1937, Santiago, Chile",2026-12-27,ORD-CL-202612-003655,223437,2026-12-28,Recoleta
13.329.712-0,Cliente Nuevo 13329712,"Avenida Macul 969, Santiago, Chile",2026-12-27,ORD-CL-202612-003656,143439,2026-12-30,Santiago
19.949.560-0,Cliente Nuevo 19949560,"Calle Merced 969, Santiago, Chile",2026-12-27,ORD-CL-202612-003657,262447,2026-12-30,Puente Alto
5.964.051-6,Cliente 5964051,"Avenida Independencia 2310, Santiago, Chile",2026-12-27,ORD-CL-202612-003658,120291,2026-12-30,Santiago
8.812.313-1,Cliente 8812313,"Calle Bandera 6289, Santiago, Chile",2026-12-27,ORD-CL-202612-003659,317338,2026-12-29,Las Condes
5.884.281-4,Cliente 5884281,"Avenida Grecia 8422, Santiago, Chile",2026-12-27,ORD-CL-202612-003660,93166,2026-12-30,Peñalolén
5.953.200-5,Cliente 5953200,"Calle San Antonio 5688, Santiago, Chile",2026-12-27,ORD-CL-202612-003661,100664,2026-12-30,Vitacura
6.639.541-7,Cliente 6639541,"Calle Amunátegui 7313, Santiago, Chile",2026-12-27,ORD-CL-202612-003662,127509,2026-12-29,Puente Alto
8.003.030-7,Cliente 8003030,"Avenida La Florida 9258, Santiago, Chile",2026-12-27,ORD-CL-202612-003663,204134,2026-12-31,Quinta Normal
7.960.942-0,Cliente 7960942,"Calle Santo Domingo 8939, Santiago, Chile",2026-12-27,ORD-CL-202612-003664,129847,2026-12-30,Vitacura
11.566.587-1,Cliente Nuevo 11566587,"Avenida Manuel Montt 9695, Santiago, Chile",2026-12-27,ORD-CL-202612-003665,299404,2026-12-28,La Reina
6.736.303-5,Cliente 6736303,"Avenida Manuel Montt 7039, Santiago, Chile",2026-12-27,ORD-CL-202612-003666,96315,2026-12-30,Santiago
20.940.087-2,Cliente Nuevo 20940087,"Avenida Pajaritos 5193, Santiago, Chile",2026-12-27,ORD-CL-202612-003667,262088,2026-12-30,Santiago
15.696.032-3,Cliente Nuevo 15696032,"Calle Estado 5288, Santiago, Chile",2026-12-27,ORD-CL-202612-003668,153474,2026-12-31,Santiago
21.891.734-5,Cliente Nuevo 21891734,"Avenida Pajaritos 933, Santiago, Chile",2026-12-27,ORD-CL-202612-003669,244722,2026-12-30,Vitacura
18.358.564-5,Cliente Nuevo 18358564,"Avenida Vitacura 3943, Santiago, Chile",2026-12-27,ORD-CL-202612-003670,238485,2026-12-29,Santiago
16.426.911-9,Cliente Nuevo 16426911,"Avenida Independencia 2471, Santiago, Chile",2026-12-27,ORD-CL-202612-003671,53498,2026-12-29,Santiago
7.702.641-0,Cliente Nuevo 7702641,"Calle Monjitas 6796, Santiago, Chile",2026-12-27,ORD-CL-202612-003672,174834,2026-12-31,San Miguel
11.565.193-6,Cliente Nuevo 11565193,"Avenida Américo Vespucio 7510, Santiago, Chile",2026-12-27,ORD-CL-202612-003673,142410,2026-12-30,Las Condes
22.361.716-4,Cliente Nuevo 22361716,"Avenida Pajaritos 1316, Santiago, Chile",2026-12-28,ORD-CL-202612-003674,97833,2026-12-31,Independencia
5.378.590-0,Cliente 5378590,"Avenida Grecia 3165, Santiago, Chile",2026-12-28,ORD-CL-202612-003675,230896,2026-12-30,San Miguel
12.367.774-3,Cliente Nuevo 12367774,"Calle Merced 9195, Santiago, Chile",2026-12-28,ORD-CL-202612-003676,122627,2027-01-01,Providencia
20.080.354-5,Cliente Nuevo 20080354,"Avenida Matta 2150, Santiago, Chile",2026-12-28,ORD-CL-202612-003677,168898,2026-12-30,La Florida
6.987.782-8,Cliente Nuevo 6987782,"Calle Merced 2702, Santiago, Chile",2026-12-28,ORD-CL-202612-003678,231499,2026-12-30,Santiago
20.791.707-4,Cliente Nuevo 20791707,"Avenida Irarrázaval 8053, Santiago, Chile",2026-12-28,ORD-CL-202612-003679,93035,2026-12-30,La Reina
13.767.793-9,Cliente Nuevo 13767793,"Calle Amunátegui 9147, Santiago, Chile",2026-12-28,ORD-CL-202612-003680,147253,2027-01-01,Quinta Normal
20.940.087-2,Cliente Nuevo 20940087,"Avenida Pajaritos 5193, Santiago, Chile",2026-12-28,ORD-CL-202612-003681,178184,2026-12-30,Santiago
14.464.405-0,Cliente Nuevo 14464405,"Avenida Apoquindo 4174, Santiago, Chile",2026-12-28,ORD-CL-202612-003682,143886,2026-12-30,Independencia
16.850.768-5,Cliente 16850768,"Calle Huérfanos 1214, Santiago, Chile",2026-12-28,ORD-CL-202612-003683,71014,2026-12-31,Las Condes
5.048.012-3,Cliente Nuevo 5048012,"Avenida Pajaritos 2168, Santiago, Chile",2026-12-28,ORD-CL-202612-003684,49683,2026-12-29,Santiago
18.117.500-8,Cliente Nuevo 18117500,"Avenida Kennedy 6923, Santiago, Chile",2026-12-28,ORD-CL-202612-003685,108750,2026-12-30,Quinta Normal
18.473.344-9,Cliente Nuevo 18473344,"Avenida Las Condes 2178, Santiago, Chile",2026-12-28,ORD-CL-202612-003686,305821,2026-12-30,Santiago
9.652.512-9,Cliente Nuevo 9652512,"Avenida Pajaritos 2777, Santiago, Chile",2026-12-28,ORD-CL-202612-003687,287133,2026-12-30,Independencia
22.644.999-4,Cliente Nuevo 22644999,"Calle Catedral 9906, Santiago, Chile",2026-12-28,ORD-CL-202612-003688,184616,2026-12-31,Recoleta
5.242.922-7,Cliente Nuevo 5242922,"Avenida Matta 2130, Santiago, Chile",2026-12-28,ORD-CL-202612-003689,81005,2026-12-31,San Miguel
12.508.817-7,Cliente 12508817,"Avenida Grecia 5637, Santiago, Chile",2026-12-28,ORD-CL-202612-003690,178127,2026-12-31,Recoleta
22.046.885-5,Cliente 22046885,"Avenida La Florida 3507, Santiago, Chile",2026-12-28,ORD-CL-202612-003691,107199,2026-12-31,Santiago
8.613.975-1,Cliente Nuevo 8613975,"Avenida Tobalaba 8129, Santiago, Chile",2026-12-28,ORD-CL-202612-003692,127665,2026-12-30,La Florida
13.006.020-8,Cliente 13006020,"Calle Huérfanos 6157, Santiago, Chile",2026-12-28,ORD-CL-202612-003693,84230,2027-01-01,Las Condes
13.854.802-3,Cliente 13854802,"Avenida Vicuña Mackenna 5428, Santiago, Chile",2026-12-28,ORD-CL-202612-003694,103598,2026-12-30,Peñalolén
20.360.998-8,Cliente Nuevo 20360998,"Calle Teatinos 7159, Santiago, Chile",2026-12-28,ORD-CL-202612-003695,196904,2026-12-30,Peñalolén
11.162.255-0,Cliente 11162255,"Calle Amunátegui 8155, Santiago, Chile",2026-12-28,ORD-CL-202612-003696,181655,2026-12-31,Recoleta
10.056.138-1,Cliente 10056138,"Calle Morandé 1981, Santiago, Chile",2026-12-28,ORD-CL-202612-003697,277996,2026-12-30,San Miguel
14.282.559-9,Cliente Nuevo 14282559,"Calle Catedral 2615, Santiago, Chile",2026-12-28,ORD-CL-202612-003698,317043,2027-01-01,Lo Prado
18.375.695-7,Cliente Nuevo 18375695,"Avenida Providencia 3018, Santiago, Chile",2026-12-28,ORD-CL-202612-003699,115649,2026-12-29,Santiago
16.513.123-9,Cliente Nuevo 16513123,"Calle Arturo Prat 4053, Santiago, Chile",2026-12-28,ORD-CL-202612-003700,134835,2026-12-31,Independencia
8.894.934-3,Cliente Nuevo 8894934,"Calle Catedral 339, Santiago, Chile",2026-12-28,ORD-CL-202612-003701,141978,2027-01-01,Providencia
10.615.528-9,Cliente 10615528,"Calle Huérfanos 4441, Santiago, Chile",2026-12-28,ORD-CL-202612-003702,123446,2026-12-30,Santiago
13.251.660-0,Cliente 13251660,"Calle Teatinos 9197, Santiago, Chile",2026-12-28,ORD-CL-202612-003703,46596,2026-12-30,Peñalolén
13.197.815-4,Cliente Nuevo 13197815,"Calle San Antonio 302, Santiago, Chile",2026-12-28,ORD-CL-202612-003704,220034,2026-12-31,Independencia
13.676.688-5,Cliente Nuevo 13676688,"Calle Arturo Prat 1559, Santiago, Chile",2026-12-28,ORD-CL-202612-003705,165856,2026-12-30,Recoleta
11.853.776-8,Cliente 11853776,"Calle Catedral 3304, Santiago, Chile",2026-12-28,ORD-CL-202612-003706,323817,2027-01-01,Quinta Normal
11.467.484-1,Cliente Nuevo 11467484,"Calle Compañía De Jesús 1192, Santiago, Chile",2026-12-28,ORD-CL-202612-003707,256302,2026-12-30,La Reina
18.986.593-2,Cliente 18986593,"Calle Arturo Prat 6969, Santiago, Chile",2026-12-28,ORD-CL-202612-003708,226883,2026-12-31,Recoleta
6.190.976-9,Cliente 6190976,"Calle Estado 9741, Santiago, Chile",2026-12-28,ORD-CL-202612-003709,211714,2026-12-30,La Reina
15.236.104-9,Cliente 15236104,"Calle Teatinos 975, Santiago, Chile",2026-12-28,ORD-CL-202612-003710,238077,2026-12-31,San Miguel
17.268.688-0,Cliente Nuevo 17268688,"Calle San Diego 310, Santiago, Chile",2026-12-28,ORD-CL-202612-003711,197345,2026-12-31,Santiago
17.854.674-8,Cliente Nuevo 17854674,"Avenida Santa Rosa 5071, Santiago, Chile",2026-12-28,ORD-CL-202612-003712,173928,2027-01-02,La Florida
6.684.177-5,Cliente Nuevo 6684177,"Avenida La Florida 293, Santiago, Chile",2026-12-28,ORD-CL-202612-003713,117495,2026-12-30,Quinta Normal
15.861.894-2,Cliente 15861894,"Avenida Vitacura 4145, Santiago, Chile",2026-12-28,ORD-CL-202612-003714,121609,2026-12-31,Puente Alto
20.611.804-1,Cliente 20611804,"Avenida Vitacura 1955, Santiago, Chile",2026-12-28,ORD-CL-202612-003715,88580,2026-12-31,Lo Prado
19.805.203-9,Cliente 19805203,"Calle Santo Domingo 7873, Santiago, Chile",2026-12-28,ORD-CL-202612-003716,171368,2026-12-31,Santiago
9.084.968-3,Cliente Nuevo 9084968,"Calle Merced 3073, Santiago, Chile",2026-12-28,ORD-CL-202612-003717,113178,2026-12-31,Santiago
16.394.992-7,Cliente Nuevo 16394992,"Avenida Américo Vespucio 9118, Santiago, Chile",2026-12-28,ORD-CL-202612-003718,230538,2026-12-31,Santiago
17.650.281-9,Cliente Nuevo 17650281,"Avenida Irarrázaval 9016, Santiago, Chile",2026-12-28,ORD-CL-202612-003719,206848,2026-12-30,San Miguel
21.891.734-5,Cliente Nuevo 21891734,"Avenida Pajaritos 933, Santiago, Chile",2026-12-28,ORD-CL-202612-003720,315038,2026-12-30,Vitacura
19.950.985-0,Cliente Nuevo 19950985,"Avenida Tobalaba 8544, Santiago, Chile",2026-12-28,ORD-CL-202612-003721,33824,2026-12-31,Quinta Normal
10.563.003-7,Cliente 10563003,"Avenida La Florida 4625, Santiago, Chile",2026-12-28,ORD-CL-202612-003722,70052,2026-12-30,Santiago
20.801.867-4,Cliente 20801867,"Avenida Apoquindo 1498, Santiago, Chile",2026-12-28,ORD-CL-202612-003723,141434,2026-12-30,Quinta Normal
10.758.460-8,Cliente 10758460,"Calle Estado 1128, Santiago, Chile",2026-12-28,ORD-CL-202612-003724,251866,2026-12-29,Puente Alto
6.808.972-3,Cliente Nuevo 6808972,"Avenida Independencia 7555, Santiago, Chile",2026-12-28,ORD-CL-202612-003725,271655,2026-12-30,Puente Alto
20.538.144-4,Cliente Nuevo 20538144,"Calle Teatinos 3114, Santiago, Chile",2026-12-28,ORD-CL-202612-003726,141106,2026-12-30,Santiago
15.574.438-5,Cliente Nuevo 15574438,"Avenida Irarrázaval 5103, Santiago, Chile",2026-12-28,ORD-CL-202612-003727,96426,2026-12-30,Puente Alto
10.046.343-7,Cliente 10046343,"Avenida Las Condes 6181, Santiago, Chile",2026-12-28,ORD-CL-202612-003728,279176,2026-12-31,Santiago
6.366.892-2,Cliente 6366892,"Avenida Vicuña Mackenna 9416, Santiago, Chile",2026-12-28,ORD-CL-202612-003729,65611,2026-12-30,La Reina
21.279.894-2,Cliente 21279894,"Calle Catedral 5091, Santiago, Chile",2026-12-28,ORD-CL-202612-003730,190138,2026-12-31,Santiago
22.961.473-0,Cliente Nuevo 22961473,"Calle Bandera 8937, Santiago, Chile",2026-12-28,ORD-CL-202612-003731,94850,2027-01-01,Providencia
22.372.099-5,Cliente Nuevo 22372099,"Avenida Libertador Bernardo O'Higgins 4166, Santiago, Chile",2026-12-28,ORD-CL-202612-003732,119949,2026-12-31,Providencia
19.045.111-0,Cliente 19045111,"Avenida Macul 5144, Santiago, Chile",2026-12-28,ORD-CL-202612-003733,216998,2026-12-31,Providencia
20.312.720-8,Cliente Nuevo 20312720,"Calle Huérfanos 3553, Santiago, Chile",2026-12-28,ORD-CL-202612-003734,299927,2027-01-01,Vitacura
18.274.857-0,Cliente Nuevo 18274857,"Avenida Manuel Montt 5054, Santiago, Chile",2026-12-28,ORD-CL-202612-003735,141913,2027-01-01,Las Condes
14.381.827-7,Cliente Nuevo 14381827,"Avenida Santa Rosa 3541, Santiago, Chile",2026-12-28,ORD-CL-202612-003736,147876,2027-01-02,La Reina
16.205.995-6,Cliente 16205995,"Avenida Providencia 4727, Santiago, Chile",2026-12-28,ORD-CL-202612-003737,253427,2026-12-30,La Florida
11.421.223-3,Cliente 11421223,"Avenida Tobalaba 205, Santiago, Chile",2026-12-28,ORD-CL-202612-003738,200461,2026-12-30,La Reina
19.429.781-7,Cliente 19429781,"Calle Arturo Prat 6209, Santiago, Chile",2026-12-28,ORD-CL-202612-003739,240300,2026-12-30,Independencia
6.899.986-8,Cliente Nuevo 6899986,"Avenida Mapocho 1251, Santiago, Chile",2026-12-28,ORD-CL-202612-003740,242367,2026-12-31,La Reina
10.907.998-7,Cliente 10907998,"Avenida Manuel Montt 2218, Santiago, Chile",2026-12-28,ORD-CL-202612-003741,200430,2027-01-01,San Miguel
20.952.182-6,Cliente Nuevo 20952182,"Calle Morandé 5183, Santiago, Chile",2026-12-28,ORD-CL-202612-003742,262328,2026-12-31,Las Condes
17.539.021-0,Cliente 17539021,"Calle Huérfanos 438, Santiago, Chile",2026-12-28,ORD-CL-202612-003743,129842,2026-12-30,Santiago
15.077.993-8,Cliente 15077993,"Avenida Kennedy 4559, Santiago, Chile",2026-12-28,ORD-CL-202612-003744,114516,2026-12-30,Las Condes
12.712.976-6,Cliente 12712976,"Avenida Providencia 4190, Santiago, Chile",2026-12-28,ORD-CL-202612-003745,91796,2026-12-31,Santiago
22.182.910-7,Cliente 22182910,"Avenida Pedro De Valdivia 8011, Santiago, Chile",2026-12-28,ORD-CL-202612-003746,114947,2026-12-30,Las Condes
7.924.963-1,Cliente Nuevo 7924963,"Calle Monjitas 7974, Santiago, Chile",2026-12-28,ORD-CL-202612-003747,97852,2026-12-31,Recoleta
15.893.864-7,Cliente 15893864,"Gran Avenida José Miguel Carrera 572, Santiago, Chile",2026-12-28,ORD-CL-202612-003748,245366,2026-12-31,Recoleta
5.992.398-0,Cliente Nuevo 5992398,"Avenida Tobalaba 135, Santiago, Chile",2026-12-28,ORD-CL-202612-003749,108121,2026-12-31,Peñalolén
21.150.603-7,Cliente 21150603,"Avenida Recoleta 4446, Santiago, Chile",2026-12-28,ORD-CL-202612-003750,154580,2026-12-30,Independencia
8.613.975-1,Cliente Nuevo 8613975,"Avenida Tobalaba 8129, Santiago, Chile",2026-12-28,ORD-CL-202612-003751,124689,2026-12-31,La Florida
11.565.215-0,Cliente Nuevo 11565215,"Avenida Grecia 5499, Santiago, Chile",2026-12-28,ORD-CL-202612-003752,141846,2026-12-31,Providencia
20.329.309-9,Cliente Nuevo 20329309,"Calle Catedral 6899, Santiago, Chile",2026-12-28,ORD-CL-202612-003753,116193,2026-12-30,Independencia
15.056.286-5,Cliente 15056286,"Avenida Independencia 6313, Santiago, Chile",2026-12-28,ORD-CL-202612-003754,90872,2026-12-29,Santiago
16.268.709-6,Cliente 16268709,"Calle Morandé 8912, Santiago, Chile",2026-12-28,ORD-CL-202612-003755,169532,2027-01-01,Santiago
15.471.008-1,Cliente Nuevo 15471008,"Avenida Kennedy 4272, Santiago, Chile",2026-12-28,ORD-CL-202612-003756,150062,2026-12-30,Puente Alto
19.169.090-1,Cliente Nuevo 19169090,"Calle Estado 4786, Santiago, Chile",2026-12-28,ORD-CL-202612-003757,168425,2027-01-01,Santiago
9.747.941-6,Cliente Nuevo 9747941,"Avenida Providencia 4079, Santiago, Chile",2026-12-28,ORD-CL-202612-003758,111918,2027-01-01,Las Condes
16.523.988-3,Cliente Nuevo 16523988,"Avenida Vitacura 1454, Santiago, Chile",2026-12-28,ORD-CL-202612-003759,162216,2027-01-01,San Miguel
8.431.260-9,Cliente 8431260,"Calle Compañía De Jesús 871, Santiago, Chile",2026-12-28,ORD-CL-202612-003760,112880,2026-12-30,Santiago
10.331.001-2,Cliente Nuevo 10331001,"Calle Teatinos 269, Santiago, Chile",2026-12-28,ORD-CL-202612-003761,264661,2026-12-31,Peñalolén
10.236.670-0,Cliente Nuevo 10236670,"Avenida Matta 1259, Santiago, Chile",2026-12-28,ORD-CL-202612-003762,109952,2026-12-31,Estación Central
5.910.073-3,Cliente Nuevo 5910073,"Avenida Las Condes 5618, Santiago, Chile",2026-12-28,ORD-CL-202612-003763,43889,2026-12-29,Vitacura
5.930.869-0,Cliente Nuevo 5930869,"Avenida Américo Vespucio 1323, Santiago, Chile",2026-12-28,ORD-CL-202612-003764,140024,2026-12-29,Vitacura
13.247.133-5,Cliente Nuevo 13247133,"Avenida La Florida 2787, Santiago, Chile",2026-12-28,ORD-CL-202612-003765,195391,2026-12-30,Vitacura
13.826.430-9,Cliente Nuevo 13826430,"Avenida Mapocho 1366, Santiago, Chile",2026-12-28,ORD-CL-202612-003766,204067,2026-12-30,Recoleta
20.779.131-3,Cliente Nuevo 20779131,"Avenida Matta 4095, Santiago, Chile",2026-12-28,ORD-CL-202612-003767,118401,2026-12-30,Providencia
11.867.941-0,Cliente Nuevo 11867941,"Avenida Matta 6279, Santiago, Chile",2026-12-28,ORD-CL-202612-003768,308537,2026-12-31,Independencia
7.442.264-1,Cliente Nuevo 7442264,"Gran Avenida José Miguel Carrera 2598, Santiago, Chile",2026-12-28,ORD-CL-202612-003769,140962,2026-12-31,Providencia
19.246.133-9,Cliente Nuevo 19246133,"Avenida Mapocho 4083, Santiago, Chile",2026-12-28,ORD-CL-202612-003770,68724,2026-12-31,La Florida
10.809.328-8,Cliente Nuevo 10809328,"Avenida Pajaritos 3684, Santiago, Chile",2026-12-28,ORD-CL-202612-003771,94368,2027-01-01,Estación Central
21.871.729-5,Cliente 21871729,"Calle Santo Domingo 3005, Santiago, Chile",2026-12-28,ORD-CL-202612-003772,107649,2026-12-30,Santiago
18.350.852-6,Cliente Nuevo 18350852,"Avenida Irarrázaval 9904, Santiago, Chile",2026-12-28,ORD-CL-202612-003773,240755,2027-01-02,Providencia
15.290.073-0,Cliente 15290073,"Avenida La Florida 4055, Santiago, Chile",2026-12-28,ORD-CL-202612-003774,93624,2027-01-01,Puente Alto
11.242.159-4,Cliente Nuevo 11242159,"Avenida Libertador Bernardo O'Higgins 3427, Santiago, Chile",2026-12-28,ORD-CL-202612-003775,127958,2026-12-30,Puente Alto
20.320.279-3,Cliente Nuevo 20320279,"Calle San Antonio 2616, Santiago, Chile",2026-12-28,ORD-CL-202612-003776,203281,2026-12-31,La Florida
8.194.807-7,Cliente Nuevo 8194807,"Avenida Las Condes 3925, Santiago, Chile",2026-12-28,ORD-CL-202612-003777,135251,2026-12-30,Santiago
8.578.947-2,Cliente 8578947,"Avenida Independencia 606, Santiago, Chile",2026-12-28,ORD-CL-202612-003778,132816,2026-12-31,La Florida
8.346.407-5,Cliente Nuevo 8346407,"Avenida Mapocho 5003, Santiago, Chile",2026-12-28,ORD-CL-202612-003779,203625,2026-12-30,Santiago
22.679.223-0,Cliente Nuevo 22679223,"Calle Teatinos 3214, Santiago, Chile",2026-12-28,ORD-CL-202612-003780,276382,2026-12-31,Lo Prado
21.954.365-4,Cliente Nuevo 21954365,"Avenida Irarrázaval 9955, Santiago, Chile",2026-12-28,ORD-CL-202612-003781,205413,2026-12-31,San Miguel
14.999.487-9,Cliente Nuevo 14999487,"Calle Huérfanos 3022, Santiago, Chile",2026-12-28,ORD-CL-202612-003782,155077,2026-12-30,San Miguel
7.134.566-0,Cliente 7134566,"Calle San Antonio 3448, Santiago, Chile",2026-12-28,ORD-CL-202612-003783,119264,2027-01-01,Las Condes
21.015.076-2,Cliente 21015076,"Avenida Departamental 1600, Santiago, Chile",2026-12-28,ORD-CL-202612-003784,73068,2027-01-01,Las Condes
20.827.561-3,Cliente 20827561,"Avenida Macul 2508, Santiago, Chile",2026-12-28,ORD-CL-202612-003785,250631,2026-12-31,La Reina
21.420.574-4,Cliente Nuevo 21420574,"Calle Arturo Prat 7625, Santiago, Chile",2026-12-28,ORD-CL-202612-003786,69018,2026-12-31,Peñalolén
13.651.938-0,Cliente 13651938,"Calle Morandé 1676, Santiago, Chile",2026-12-28,ORD-CL-202612-003787,142161,2027-01-01,Quinta Normal
14.146.001-6,Cliente 14146001,"Calle San Diego 5960, Santiago, Chile",2026-12-28,ORD-CL-202612-003788,256414,2027-01-01,Providencia
5.376.142-9,Cliente 5376142,"Avenida Departamental 5645, Santiago, Chile",2026-12-28,ORD-CL-202612-003789,132538,2026-12-30,Providencia
11.318.051-6,Cliente Nuevo 11318051,"Calle Morandé 1493, Santiago, Chile",2026-12-28,ORD-CL-202612-003790,149954,2026-12-30,Puente Alto
20.056.956-6,Cliente Nuevo 20056956,"Avenida Las Condes 7569, Santiago, Chile",2026-12-28,ORD-CL-202612-003791,251660,2026-12-31,Quinta Normal
5.207.863-4,Cliente Nuevo 5207863,"Calle San Diego 7691, Santiago, Chile",2026-12-28,ORD-CL-202612-003792,283800,2026-12-31,San Miguel
8.812.313-1,Cliente 8812313,"Calle Bandera 6289, Santiago, Chile",2026-12-28,ORD-CL-202612-003793,145554,2026-12-30,Las Condes
11.079.834-9,Cliente 11079834,"Avenida Pajaritos 9628, Santiago, Chile",2026-12-28,ORD-CL-202612-003794,138323,2026-12-30,Estación Central
12.699.080-4,Cliente Nuevo 12699080,"Avenida Irarrázaval 1789, Santiago, Chile",2026-12-28,ORD-CL-202612-003795,211008,2027-01-01,La Reina
11.714.785-7,Cliente Nuevo 11714785,"Avenida Matta 2703, Santiago, Chile",2026-12-28,ORD-CL-202612-003796,94267,2026-12-31,Puente Alto
13.012.372-4,Cliente Nuevo 13012372,"Calle Catedral 6951, Santiago, Chile",2026-12-28,ORD-CL-202612-003797,158611,2026-12-31,Peñalolén
11.212.451-0,Cliente 11212451,"Avenida Américo Vespucio 2037, Santiago, Chile",2026-12-28,ORD-CL-202612-003798,111218,2026-12-29,Las Condes
13.522.601-8,Cliente 13522601,"Calle Huérfanos 9159, Santiago, Chile",2026-12-28,ORD-CL-202612-003799,66123,2026-12-29,Providencia
22.363.837-4,Cliente Nuevo 22363837,"Avenida Providencia 2918, Santiago, Chile",2026-12-28,ORD-CL-202612-003800,130602,2026-12-30,Peñalolén
19.502.629-7,Cliente 19502629,"Calle Amunátegui 3822, Santiago, Chile",2026-12-28,ORD-CL-202612-003801,272758,2026-12-30,Santiago
6.742.327-9,Cliente 6742327,"Calle San Antonio 2335, Santiago, Chile",2026-12-28,ORD-CL-202612-003802,50282,2026-12-31,San Miguel
16.265.227-8,Cliente 16265227,"Avenida Recoleta 8905, Santiago, Chile",2026-12-28,ORD-CL-202612-003803,143379,2026-12-31,Providencia
7.416.994-3,Cliente Nuevo 7416994,"Avenida Pajaritos 6452, Santiago, Chile",2026-12-28,ORD-CL-202612-003804,199754,2026-12-30,Estación Central
6.643.744-0,Cliente Nuevo 6643744,"Calle Teatinos 1106, Santiago, Chile",2026-12-28,ORD-CL-202612-003805,133651,2026-12-30,Santiago
10.807.050-1,Cliente 10807050,"Calle San Diego 9203, Santiago, Chile",2026-12-28,ORD-CL-202612-003806,118101,2026-12-29,Santiago
20.099.306-9,Cliente Nuevo 20099306,"Avenida Tobalaba 3141, Santiago, Chile",2026-12-28,ORD-CL-202612-003807,98910,2026-12-30,Vitacura
9.711.475-0,Cliente Nuevo 9711475,"Avenida Providencia 4440, Santiago, Chile",2026-12-29,ORD-CL-202612-003808,168414,2026-12-31,Lo Prado
14.331.931-2,Cliente Nuevo 14331931,"Avenida Pedro De Valdivia 8517, Santiago, Chile",2026-12-29,ORD-CL-202612-003809,122072,2026-12-31,Lo Prado
14.976.779-6,Cliente 14976779,"Avenida Irarrázaval 8302, Santiago, Chile",2026-12-29,ORD-CL-202612-003810,198389,2027-01-01,Santiago
15.706.390-3,Cliente Nuevo 15706390,"Calle Compañía De Jesús 5396, Santiago, Chile",2026-12-29,ORD-CL-202612-003811,207747,2026-12-31,La Florida
7.396.585-3,Cliente 7396585,"Avenida Departamental 2586, Santiago, Chile",2026-12-29,ORD-CL-202612-003812,96278,2026-12-31,Santiago
12.964.617-8,Cliente Nuevo 12964617,"Calle Monjitas 2005, Santiago, Chile",2026-12-29,ORD-CL-202612-003813,208380,2026-12-31,Quinta Normal
20.486.869-7,Cliente Nuevo 20486869,"Avenida Matta 1017, Santiago, Chile",2026-12-29,ORD-CL-202612-003814,234145,2026-12-31,Santiago
22.972.209-3,Cliente 22972209,"Avenida Vitacura 8663, Santiago, Chile",2026-12-29,ORD-CL-202612-003815,122182,2027-01-01,La Reina
21.079.522-3,Cliente 21079522,"Avenida Irarrázaval 2958, Santiago, Chile",2026-12-29,ORD-CL-202612-003816,203010,2026-12-31,Independencia
8.206.285-3,Cliente Nuevo 8206285,"Calle San Diego 1311, Santiago, Chile",2026-12-29,ORD-CL-202612-003817,56731,2026-12-31,La Reina
18.948.815-7,Cliente 18948815,"Avenida Las Condes 2186, Santiago, Chile",2026-12-29,ORD-CL-202612-003818,115220,2027-01-01,Estación Central
16.589.779-7,Cliente Nuevo 16589779,"Avenida Apoquindo 1918, Santiago, Chile",2026-12-29,ORD-CL-202612-003819,296323,2027-01-01,Independencia
7.134.566-0,Cliente 7134566,"Calle San Antonio 3448, Santiago, Chile",2026-12-29,ORD-CL-202612-003820,113866,2027-01-01,Las Condes
22.718.662-4,Cliente 22718662,"Calle Estado 7755, Santiago, Chile",2026-12-29,ORD-CL-202612-003821,58953,2026-12-31,Estación Central
7.135.296-7,Cliente Nuevo 7135296,"Avenida Américo Vespucio 4295, Santiago, Chile",2026-12-29,ORD-CL-202612-003822,156193,2026-12-31,La Reina
6.236.428-5,Cliente Nuevo 6236428,"Calle Amunátegui 6720, Santiago, Chile",2026-12-29,ORD-CL-202612-003823,253372,2026-12-31,Vitacura
14.058.676-8,Cliente Nuevo 14058676,"Avenida Pedro De Valdivia 4632, Santiago, Chile",2026-12-29,ORD-CL-202612-003824,215169,2027-01-01,Vitacura
6.606.107-5,Cliente Nuevo 6606107,"Avenida Providencia 3544, Santiago, Chile",2026-12-29,ORD-CL-202612-003825,97934,2026-12-31,Puente Alto
20.729.316-2,Cliente Nuevo 20729316,"Avenida Tobalaba 8803, Santiago, Chile",2026-12-29,ORD-CL-202612-003826,118537,2027-01-02,Santiago
7.506.373-2,Cliente 7506373,"Avenida Vicuña Mackenna 2974, Santiago, Chile",2026-12-29,ORD-CL-202612-003827,111371,2026-12-31,Las Condes
8.402.871-2,Cliente Nuevo 8402871,"Avenida Recoleta 1088, Santiago, Chile",2026-12-29,ORD-CL-202612-003828,182775,2027-01-01,Puente Alto
11.555.733-9,Cliente 11555733,"Calle Monjitas 6333, Santiago, Chile",2026-12-29,ORD-CL-202612-003829,154026,2026-12-31,Estación Central
13.064.676-1,Cliente 13064676,"Calle Monjitas 4616, Santiago, Chile",2026-12-29,ORD-CL-202612-003830,223234,2027-01-02,Vitacura
12.998.113-8,Cliente 12998113,"Avenida Pajaritos 2544, Santiago, Chile",2026-12-29,ORD-CL-202612-003831,145917,2027-01-02,Las Condes
21.196.886-8,Cliente Nuevo 21196886,"Avenida Matta 3211, Santiago, Chile",2026-12-29,ORD-CL-202612-003832,216693,2026-12-31,Quinta Normal
20.441.515-9,Cliente Nuevo 20441515,"Calle Arturo Prat 1187, Santiago, Chile",2026-12-29,ORD-CL-202612-003833,312971,2027-01-02,Santiago
10.676.304-9,Cliente Nuevo 10676304,"Calle Teatinos 9422, Santiago, Chile",2026-12-29,ORD-CL-202612-003834,234140,2026-12-31,Las Condes
6.697.870-5,Cliente 6697870,"Calle Santo Domingo 1727, Santiago, Chile",2026-12-29,ORD-CL-202612-003835,164686,2027-01-01,Las Condes
5.802.113-4,Cliente Nuevo 5802113,"Avenida Las Condes 599, Santiago, Chile",2026-12-29,ORD-CL-202612-003836,134936,2026-12-30,San Miguel
17.446.258-8,Cliente 17446258,"Avenida Departamental 6863, Santiago, Chile",2026-12-29,ORD-CL-202612-003837,106903,2026-12-31,Providencia
21.547.895-8,Cliente 21547895,"Calle San Diego 5264, Santiago, Chile",2026-12-29,ORD-CL-202612-003838,301734,2027-01-02,Santiago
5.775.258-5,Cliente Nuevo 5775258,"Avenida Macul 922, Santiago, Chile",2026-12-29,ORD-CL-202612-003839,220814,2026-12-31,Santiago
5.207.863-4,Cliente Nuevo 5207863,"Calle San Diego 7691, Santiago, Chile",2026-12-29,ORD-CL-202612-003840,107059,2026-12-31,San Miguel
17.604.610-9,Cliente Nuevo 17604610,"Gran Avenida José Miguel Carrera 9698, Santiago, Chile",2026-12-29,ORD-CL-202612-003841,104142,2026-12-31,Lo Prado
11.110.125-3,Cliente Nuevo 11110125,"Avenida Grecia 7712, Santiago, Chile",2026-12-29,ORD-CL-202612-003842,59555,2026-12-31,Recoleta
8.933.088-4,Cliente 8933088,"Avenida Santa Rosa 9972, Santiago, Chile",2026-12-29,ORD-CL-202612-003843,109964,2027-01-01,Providencia
13.856.747-2,Cliente 13856747,"Avenida Pajaritos 3656, Santiago, Chile",2026-12-29,ORD-CL-202612-003844,147609,2026-12-31,San Miguel
5.923.393-9,Cliente 5923393,"Calle Arturo Prat 2957, Santiago, Chile",2026-12-29,ORD-CL-202612-003845,177740,2026-12-30,Santiago
14.485.901-2,Cliente Nuevo 14485901,"Avenida Pedro De Valdivia 3626, Santiago, Chile",2026-12-29,ORD-CL-202612-003846,127497,2027-01-03,Peñalolén
21.797.860-5,Cliente Nuevo 21797860,"Calle Arturo Prat 2118, Santiago, Chile",2026-12-29,ORD-CL-202612-003847,279896,2027-01-01,Vitacura
15.290.073-0,Cliente 15290073,"Avenida La Florida 4055, Santiago, Chile",2026-12-29,ORD-CL-202612-003848,165089,2027-01-01,Puente Alto
15.849.901-9,Cliente Nuevo 15849901,"Calle Santo Domingo 9221, Santiago, Chile",2026-12-29,ORD-CL-202612-003849,145440,2026-12-31,Santiago
17.096.618-7,Cliente Nuevo 17096618,"Avenida Mapocho 9761, Santiago, Chile",2026-12-29,ORD-CL-202612-003850,93733,2027-01-01,Puente Alto
15.275.177-6,Cliente Nuevo 15275177,"Calle Teatinos 7543, Santiago, Chile",2026-12-29,ORD-CL-202612-003851,299554,2027-01-02,La Florida
20.826.044-2,Cliente 20826044,"Calle Estado 1659, Santiago, Chile",2026-12-29,ORD-CL-202612-003852,175144,2027-01-01,Las Condes
5.930.869-0,Cliente Nuevo 5930869,"Avenida Américo Vespucio 1323, Santiago, Chile",2026-12-29,ORD-CL-202612-003853,106413,2027-01-02,Vitacura
22.285.617-9,Cliente Nuevo 22285617,"Calle Amunátegui 6557, Santiago, Chile",2026-12-29,ORD-CL-202612-003854,82487,2027-01-01,Independencia
20.360.998-8,Cliente Nuevo 20360998,"Calle Teatinos 7159, Santiago, Chile",2026-12-29,ORD-CL-202612-003855,98415,2027-01-02,Peñalolén
15.460.916-7,Cliente 15460916,"Calle Bandera 7800, Santiago, Chile",2026-12-29,ORD-CL-202612-003856,87944,2027-01-02,Puente Alto
11.383.641-2,Cliente Nuevo 11383641,"Avenida Macul 9030, Santiago, Chile",2026-12-29,ORD-CL-202612-003857,87044,2027-01-01,Independencia
22.947.450-5,Cliente Nuevo 22947450,"Calle Catedral 64, Santiago, Chile",2026-12-29,ORD-CL-202612-003858,211391,2026-12-31,Las Condes
16.489.088-4,Cliente 16489088,"Avenida Macul 8544, Santiago, Chile",2026-12-29,ORD-CL-202612-003859,155777,2026-12-31,Peñalolén
20.908.311-4,Cliente Nuevo 20908311,"Calle Compañía De Jesús 1826, Santiago, Chile",2026-12-29,ORD-CL-202612-003860,138083,2027-01-01,Recoleta
19.427.280-3,Cliente 19427280,"Calle Merced 8269, Santiago, Chile",2026-12-29,ORD-CL-202612-003861,209150,2027-01-01,Estación Central
8.465.175-9,Cliente 8465175,"Calle Huérfanos 5159, Santiago, Chile",2026-12-29,ORD-CL-202612-003862,105835,2027-01-01,Santiago
9.146.692-9,Cliente Nuevo 9146692,"Avenida Pajaritos 2476, Santiago, Chile",2026-12-29,ORD-CL-202612-003863,152106,2027-01-02,Santiago
14.040.778-3,Cliente Nuevo 14040778,"Calle Santo Domingo 211, Santiago, Chile",2026-12-29,ORD-CL-202612-003864,149745,2026-12-31,La Florida
11.666.188-2,Cliente 11666188,"Avenida Vicuña Mackenna 1385, Santiago, Chile",2026-12-29,ORD-CL-202612-003865,199540,2026-12-31,Vitacura
5.538.773-7,Cliente Nuevo 5538773,"Calle Teatinos 4659, Santiago, Chile",2026-12-29,ORD-CL-202612-003866,86122,2027-01-02,La Florida
11.509.383-8,Cliente 11509383,"Avenida Providencia 1951, Santiago, Chile",2026-12-29,ORD-CL-202612-003867,148449,2026-12-31,Vitacura
14.065.283-2,Cliente 14065283,"Avenida Macul 9885, Santiago, Chile",2026-12-29,ORD-CL-202612-003868,179991,2026-12-31,Quinta Normal
20.872.116-3,Cliente 20872116,"Avenida Apoquindo 1250, Santiago, Chile",2026-12-29,ORD-CL-202612-003869,290244,2027-01-01,Recoleta
17.899.172-0,Cliente 17899172,"Avenida Macul 1638, Santiago, Chile",2026-12-29,ORD-CL-202612-003870,49931,2027-01-01,La Florida
20.478.401-9,Cliente Nuevo 20478401,"Calle San Antonio 1910, Santiago, Chile",2026-12-29,ORD-CL-202612-003871,152643,2026-12-31,Estación Central
12.579.819-8,Cliente 12579819,"Calle Amunátegui 1550, Santiago, Chile",2026-12-29,ORD-CL-202612-003872,86429,2027-01-02,Peñalolén
8.140.990-3,Cliente Nuevo 8140990,"Gran Avenida José Miguel Carrera 9042, Santiago, Chile",2026-12-29,ORD-CL-202612-003873,79613,2026-12-31,San Miguel
18.125.753-3,Cliente 18125753,"Calle Catedral 808, Santiago, Chile",2026-12-29,ORD-CL-202612-003874,62223,2027-01-01,Vitacura
12.601.622-7,Cliente Nuevo 12601622,"Calle Arturo Prat 1061, Santiago, Chile",2026-12-29,ORD-CL-202612-003875,285417,2026-12-31,Quinta Normal
22.182.910-7,Cliente 22182910,"Avenida Pedro De Valdivia 8011, Santiago, Chile",2026-12-29,ORD-CL-202612-003876,102568,2026-12-31,Las Condes
9.894.037-2,Cliente Nuevo 9894037,"Avenida Macul 3744, Santiago, Chile",2026-12-29,ORD-CL-202612-003877,269236,2027-01-01,Quinta Normal
20.056.956-6,Cliente Nuevo 20056956,"Avenida Las Condes 7569, Santiago, Chile",2026-12-29,ORD-CL-202612-003878,198188,2026-12-31,Quinta Normal
22.570.252-0,Cliente 22570252,"Calle Compañía De Jesús 7475, Santiago, Chile",2026-12-29,ORD-CL-202612-003879,159282,2027-01-01,Lo Prado
9.657.778-2,Cliente Nuevo 9657778,"Avenida Independencia 6663, Santiago, Chile",2026-12-29,ORD-CL-202612-003880,90544,2027-01-02,Peñalolén
19.169.090-1,Cliente Nuevo 19169090,"Calle Estado 4786, Santiago, Chile",2026-12-29,ORD-CL-202612-003881,209714,2027-01-01,Santiago
12.324.815-4,Cliente Nuevo 12324815,"Avenida Tobalaba 1657, Santiago, Chile",2026-12-29,ORD-CL-202612-003882,50845,2027-01-02,Santiago
8.370.123-6,Cliente Nuevo 8370123,"Calle Santo Domingo 2882, Santiago, Chile",2026-12-29,ORD-CL-202612-003883,193410,2027-01-01,Lo Prado
5.805.928-3,Cliente Nuevo 5805928,"Calle Teatinos 3426, Santiago, Chile",2026-12-30,ORD-CL-202612-003884,182646,2027-01-01,Puente Alto
10.442.370-7,Cliente Nuevo 10442370,"Calle Huérfanos 2125, Santiago, Chile",2026-12-30,ORD-CL-202612-003885,195820,2027-01-02,San Miguel
7.211.057-1,Cliente 7211057,"Avenida Matta 1936, Santiago, Chile",2026-12-30,ORD-CL-202612-003886,247992,2027-01-02,Lo Prado
16.936.113-2,Cliente 16936113,"Avenida Las Condes 6073, Santiago, Chile",2026-12-30,ORD-CL-202612-003887,94432,2027-01-03,Estación Central
14.683.119-6,Cliente Nuevo 14683119,"Avenida Departamental 820, Santiago, Chile",2026-12-30,ORD-CL-202612-003888,121934,2027-01-01,Puente Alto
21.728.745-7,Cliente Nuevo 21728745,"Calle San Antonio 7706, Santiago, Chile",2026-12-30,ORD-CL-202612-003889,134325,2027-01-02,La Florida
12.172.627-6,Cliente Nuevo 12172627,"Calle San Diego 9161, Santiago, Chile",2026-12-30,ORD-CL-202612-003890,202948,2026-12-31,Recoleta
20.908.311-4,Cliente Nuevo 20908311,"Calle Compañía De Jesús 1826, Santiago, Chile",2026-12-30,ORD-CL-202612-003891,51291,2027-01-01,Recoleta
8.336.079-1,Cliente 8336079,"Avenida Américo Vespucio 2795, Santiago, Chile",2026-12-30,ORD-CL-202612-003892,285642,2027-01-01,Santiago
12.334.420-8,Cliente Nuevo 12334420,"Calle Teatinos 7022, Santiago, Chile",2026-12-30,ORD-CL-202612-003893,107717,2027-01-01,Providencia
21.633.376-8,Cliente Nuevo 21633376,"Calle Catedral 102, Santiago, Chile",2026-12-30,ORD-CL-202612-003894,318988,2027-01-01,Providencia
20.510.095-7,Cliente Nuevo 20510095,"Avenida Libertador Bernardo O'Higgins 5771, Santiago, Chile",2026-12-30,ORD-CL-202612-003895,146526,2027-01-03,Santiago
5.053.024-2,Cliente 5053024,"Avenida Departamental 1018, Santiago, Chile",2026-12-30,ORD-CL-202612-003896,130776,2027-01-02,Quinta Normal
5.923.393-9,Cliente 5923393,"Calle Arturo Prat 2957, Santiago, Chile",2026-12-30,ORD-CL-202612-003897,149541,2027-01-01,Santiago
15.077.993-8,Cliente 15077993,"Avenida Kennedy 4559, Santiago, Chile",2026-12-30,ORD-CL-202612-003898,143619,2027-01-02,Las Condes
6.343.287-3,Cliente Nuevo 6343287,"Avenida Grecia 943, Santiago, Chile",2026-12-30,ORD-CL-202612-003899,164980,2027-01-01,Peñalolén
12.115.833-9,Cliente Nuevo 12115833,"Calle San Antonio 1641, Santiago, Chile",2026-12-30,ORD-CL-202612-003900,123873,2027-01-01,San Miguel
18.208.456-5,Cliente 18208456,"Avenida Irarrázaval 2396, Santiago, Chile",2026-12-30,ORD-CL-202612-003901,249332,2027-01-01,Santiago
15.087.591-8,Cliente 15087591,"Avenida Recoleta 9981, Santiago, Chile",2026-12-30,ORD-CL-202612-003902,130423,2027-01-01,Santiago
8.880.850-4,Cliente Nuevo 8880850,"Avenida Apoquindo 6717, Santiago, Chile",2026-12-30,ORD-CL-202612-003903,114939,2027-01-01,Santiago
9.173.497-6,Cliente 9173497,"Avenida Vitacura 4256, Santiago, Chile",2026-12-30,ORD-CL-202612-003904,183714,2027-01-01,Santiago
10.411.606-1,Cliente Nuevo 10411606,"Calle Santo Domingo 6777, Santiago, Chile",2026-12-30,ORD-CL-202612-003905,92484,2027-01-01,Vitacura
13.452.771-8,Cliente Nuevo 13452771,"Avenida Las Condes 8964, Santiago, Chile",2026-12-30,ORD-CL-202612-003906,149139,2027-01-02,Las Condes
11.215.414-8,Cliente 11215414,"Avenida Providencia 5667, Santiago, Chile",2026-12-30,ORD-CL-202612-003907,231035,2026-12-31,Santiago
7.146.339-0,Cliente 7146339,"Calle Santo Domingo 3318, Santiago, Chile",2026-12-30,ORD-CL-202612-003908,68019,2027-01-02,Quinta Normal
19.524.568-0,Cliente 19524568,"Calle Catedral 8542, Santiago, Chile",2026-12-30,ORD-CL-202612-003909,187430,2026-12-31,Santiago
14.200.357-4,Cliente Nuevo 14200357,"Avenida Libertador Bernardo O'Higgins 5819, Santiago, Chile",2026-12-30,ORD-CL-202612-003910,121860,2027-01-01,La Reina
15.304.873-5,Cliente Nuevo 15304873,"Calle Arturo Prat 9820, Santiago, Chile",2026-12-30,ORD-CL-202612-003911,100633,2027-01-02,Lo Prado
6.743.091-3,Cliente 6743091,"Calle Bandera 7940, Santiago, Chile",2026-12-30,ORD-CL-202612-003912,186425,2027-01-03,Peñalolén
20.367.303-5,Cliente 20367303,"Avenida Grecia 1728, Santiago, Chile",2026-12-30,ORD-CL-202612-003913,109536,2027-01-03,Peñalolén
8.741.826-9,Cliente Nuevo 8741826,"Avenida Providencia 2524, Santiago, Chile",2026-12-30,ORD-CL-202612-003914,129995,2027-01-02,Santiago
19.078.012-7,Cliente 19078012,"Calle Amunátegui 5542, Santiago, Chile",2026-12-30,ORD-CL-202612-003915,73921,2027-01-03,Estación Central
19.502.629-7,Cliente 19502629,"Calle Amunátegui 3822, Santiago, Chile",2026-12-30,ORD-CL-202612-003916,79905,2027-01-04,Santiago
9.422.030-9,Cliente Nuevo 9422030,"Avenida Pedro De Valdivia 4492, Santiago, Chile",2026-12-30,ORD-CL-202612-003917,91325,2027-01-01,Santiago
8.933.088-4,Cliente 8933088,"Avenida Santa Rosa 9972, Santiago, Chile",2026-12-30,ORD-CL-202612-003918,82384,2027-01-01,Providencia
20.311.411-5,Cliente 20311411,"Avenida Américo Vespucio 7437, Santiago, Chile",2026-12-30,ORD-CL-202612-003919,180171,2027-01-02,Santiago
17.518.911-5,Cliente 17518911,"Avenida Recoleta 5351, Santiago, Chile",2026-12-30,ORD-CL-202612-003920,94039,2027-01-02,Estación Central
20.320.443-5,Cliente 20320443,"Avenida Pedro De Valdivia 5965, Santiago, Chile",2026-12-30,ORD-CL-202612-003921,264022,2027-01-03,Quinta Normal
21.285.344-4,Cliente Nuevo 21285344,"Avenida Vitacura 426, Santiago, Chile",2026-12-30,ORD-CL-202612-003922,78790,2027-01-01,La Florida
18.914.115-9,Cliente 18914115,"Avenida Matta 7753, Santiago, Chile",2026-12-30,ORD-CL-202612-003923,222694,2027-01-02,La Florida
21.202.668-2,Cliente Nuevo 21202668,"Calle Teatinos 3992, Santiago, Chile",2026-12-30,ORD-CL-202612-003924,200674,2026-12-31,Puente Alto
7.134.566-0,Cliente 7134566,"Calle San Antonio 3448, Santiago, Chile",2026-12-30,ORD-CL-202612-003925,189318,2027-01-01,Las Condes
20.270.464-3,Cliente Nuevo 20270464,"Calle Amunátegui 4564, Santiago, Chile",2026-12-30,ORD-CL-202612-003926,293193,2027-01-02,Estación Central
16.600.649-5,Cliente 16600649,"Calle Arturo Prat 1385, Santiago, Chile",2026-12-30,ORD-CL-202612-003927,100429,2027-01-01,Peñalolén
15.658.830-6,Cliente Nuevo 15658830,"Calle Teatinos 8353, Santiago, Chile",2026-12-30,ORD-CL-202612-003928,200491,2027-01-02,Peñalolén
15.365.515-9,Cliente 15365515,"Calle Monjitas 7032, Santiago, Chile",2026-12-30,ORD-CL-202612-003929,102028,2027-01-02,Vitacura
22.796.237-0,Cliente Nuevo 22796237,"Calle Morandé 3192, Santiago, Chile",2026-12-30,ORD-CL-202612-003930,202139,2026-12-31,La Florida
7.960.942-0,Cliente 7960942,"Calle Santo Domingo 8939, Santiago, Chile",2026-12-30,ORD-CL-202612-003931,145878,2027-01-02,Vitacura
22.576.576-6,Cliente 22576576,"Avenida Grecia 1144, Santiago, Chile",2026-12-30,ORD-CL-202612-003932,193598,2027-01-02,Quinta Normal
16.293.529-4,Cliente Nuevo 16293529,"Calle Compañía De Jesús 6603, Santiago, Chile",2026-12-30,ORD-CL-202612-003933,88257,2027-01-03,Santiago
9.347.581-0,Cliente Nuevo 9347581,"Calle Morandé 6751, Santiago, Chile",2026-12-30,ORD-CL-202612-003934,71677,2026-12-31,Estación Central
8.402.871-2,Cliente Nuevo 8402871,"Avenida Recoleta 1088, Santiago, Chile",2026-12-30,ORD-CL-202612-003935,166093,2027-01-01,Puente Alto
8.127.508-3,Cliente Nuevo 8127508,"Avenida Apoquindo 5983, Santiago, Chile",2026-12-30,ORD-CL-202612-003936,73604,2027-01-01,Vitacura
17.271.579-6,Cliente 17271579,"Calle Amunátegui 3570, Santiago, Chile",2026-12-30,ORD-CL-202612-003937,74474,2027-01-02,Lo Prado
7.696.193-6,Cliente Nuevo 7696193,"Avenida Providencia 9988, Santiago, Chile",2026-12-30,ORD-CL-202612-003938,173080,2027-01-03,Santiago
5.207.312-2,Cliente Nuevo 5207312,"Calle San Diego 2452, Santiago, Chile",2026-12-30,ORD-CL-202612-003939,160815,2027-01-01,Estación Central
10.838.437-5,Cliente Nuevo 10838437,"Calle Teatinos 2173, Santiago, Chile",2026-12-30,ORD-CL-202612-003940,85168,2027-01-03,Santiago
8.995.743-8,Cliente 8995743,"Avenida Santa Rosa 3654, Santiago, Chile",2026-12-30,ORD-CL-202612-003941,131300,2027-01-02,Santiago
14.921.076-6,Cliente Nuevo 14921076,"Calle San Antonio 4837, Santiago, Chile",2026-12-30,ORD-CL-202612-003942,95837,2027-01-01,Independencia
17.094.471-5,Cliente 17094471,"Avenida Mapocho 4726, Santiago, Chile",2026-12-30,ORD-CL-202612-003943,223700,2027-01-01,Quinta Normal
18.485.626-3,Cliente Nuevo 18485626,"Calle Monjitas 5985, Santiago, Chile",2026-12-30,ORD-CL-202612-003944,117380,2027-01-01,Vitacura
10.406.315-3,Cliente Nuevo 10406315,"Avenida Pedro De Valdivia 1687, Santiago, Chile",2026-12-30,ORD-CL-202612-003945,128065,2027-01-02,Independencia
16.837.009-2,Cliente Nuevo 16837009,"Calle Arturo Prat 2624, Santiago, Chile",2026-12-30,ORD-CL-202612-003946,68349,2027-01-02,La Reina
22.063.182-8,Cliente 22063182,"Avenida Recoleta 6272, Santiago, Chile",2026-12-30,ORD-CL-202612-003947,81951,2027-01-03,Independencia
21.269.458-3,Cliente 21269458,"Calle Amunátegui 1984, Santiago, Chile",2026-12-30,ORD-CL-202612-003948,129273,2027-01-02,Peñalolén
6.277.553-9,Cliente Nuevo 6277553,"Avenida Las Condes 8020, Santiago, Chile",2026-12-30,ORD-CL-202612-003949,168175,2027-01-01,Peñalolén
19.851.650-7,Cliente Nuevo 19851650,"Calle Arturo Prat 5072, Santiago, Chile",2026-12-30,ORD-CL-202612-003950,60005,2026-12-31,Santiago
22.021.731-7,Cliente Nuevo 22021731,"Avenida Grecia 7439, Santiago, Chile",2026-12-30,ORD-CL-202612-003951,114429,2027-01-02,Independencia
18.647.027-7,Cliente Nuevo 18647027,"Avenida La Florida 593, Santiago, Chile",2026-12-30,ORD-CL-202612-003952,170547,2026-12-31,Vitacura
10.767.619-3,Cliente 10767619,"Avenida Américo Vespucio 506, Santiago, Chile",2026-12-30,ORD-CL-202612-003953,116873,2027-01-02,San Miguel
17.255.238-2,Cliente Nuevo 17255238,"Gran Avenida José Miguel Carrera 2391, Santiago, Chile",2026-12-30,ORD-CL-202612-003954,268874,2027-01-01,La Reina
8.370.123-6,Cliente Nuevo 8370123,"Calle Santo Domingo 2882, Santiago, Chile",2026-12-30,ORD-CL-202612-003955,183617,2026-12-31,Lo Prado
7.486.777-6,Cliente 7486777,"Avenida Recoleta 4097, Santiago, Chile",2026-12-30,ORD-CL-202612-003956,118429,2026-12-31,Estación Central
20.736.036-0,Cliente Nuevo 20736036,"Calle Santo Domingo 650, Santiago, Chile",2026-12-30,ORD-CL-202612-003957,189321,2027-01-02,Estación Central
16.887.774-4,Cliente 16887774,"Calle Estado 4661, Santiago, Chile",2026-12-30,ORD-CL-202612-003958,88463,2027-01-02,Puente Alto
6.885.336-2,Cliente Nuevo 6885336,"Avenida Independencia 8803, Santiago, Chile",2026-12-30,ORD-CL-202612-003959,176493,2027-01-02,La Florida
19.243.880-6,Cliente Nuevo 19243880,"Avenida Vicuña Mackenna 3016, Santiago, Chile",2026-12-30,ORD-CL-202612-003960,224300,2027-01-01,Vitacura
10.377.217-3,Cliente Nuevo 10377217,"Avenida Pajaritos 7162, Santiago, Chile",2026-12-30,ORD-CL-202612-003961,114910,2027-01-02,Santiago
13.197.815-4,Cliente Nuevo 13197815,"Calle San Antonio 302, Santiago, Chile",2026-12-30,ORD-CL-202612-003962,110412,2027-01-01,Independencia
7.211.057-1,Cliente 7211057,"Avenida Matta 1936, Santiago, Chile",2026-12-30,ORD-CL-202612-003963,227330,2027-01-02,Lo Prado
10.569.358-9,Cliente Nuevo 10569358,"Avenida Apoquindo 595, Santiago, Chile",2026-12-30,ORD-CL-202612-003964,110566,2027-01-03,Santiago
6.735.029-2,Cliente 6735029,"Gran Avenida José Miguel Carrera 5414, Santiago, Chile",2026-12-30,ORD-CL-202612-003965,261472,2027-01-01,Quinta Normal
21.568.398-5,Cliente Nuevo 21568398,"Avenida Américo Vespucio 4227, Santiago, Chile",2026-12-30,ORD-CL-202612-003966,117252,2027-01-02,Estación Central
13.077.640-9,Cliente Nuevo 13077640,"Avenida Providencia 772, Santiago, Chile",2026-12-30,ORD-CL-202612-003967,51098,2027-01-01,Las Condes
13.775.682-8,Cliente Nuevo 13775682,"Calle Monjitas 6910, Santiago, Chile",2026-12-30,ORD-CL-202612-003968,36466,2027-01-02,Puente Alto
6.736.303-5,Cliente 6736303,"Avenida Manuel Montt 7039, Santiago, Chile",2026-12-30,ORD-CL-202612-003969,161691,2027-01-03,Santiago
16.353.195-1,Cliente Nuevo 16353195,"Avenida Pajaritos 2107, Santiago, Chile",2026-12-30,ORD-CL-202612-003970,85937,2027-01-02,Providencia
19.806.040-6,Cliente 19806040,"Avenida La Florida 1424, Santiago, Chile",2026-12-30,ORD-CL-202612-003971,102201,2027-01-02,Puente Alto
9.212.565-7,Cliente Nuevo 9212565,"Avenida Santa Rosa 7074, Santiago, Chile",2026-12-30,ORD-CL-202612-003972,238544,2027-01-01,Lo Prado
5.354.938-9,Cliente 5354938,"Calle Teatinos 2846, Santiago, Chile",2026-12-30,ORD-CL-202612-003973,44369,2027-01-02,Peñalolén
18.170.653-9,Cliente Nuevo 18170653,"Calle Catedral 2524, Santiago, Chile",2026-12-30,ORD-CL-202612-003974,89514,2027-01-02,Recoleta
16.018.272-9,Cliente 16018272,"Calle Monjitas 7075, Santiago, Chile",2026-12-30,ORD-CL-202612-003975,156689,2027-01-03,Vitacura
12.167.207-7,Cliente Nuevo 12167207,"Calle Monjitas 4146, Santiago, Chile",2026-12-30,ORD-CL-202612-003976,160115,2027-01-02,Estación Central
12.669.961-2,Cliente Nuevo 12669961,"Avenida Macul 283, Santiago, Chile",2026-12-30,ORD-CL-202612-003977,129836,2027-01-01,Estación Central
7.374.439-8,Cliente Nuevo 7374439,"Calle Estado 5020, Santiago, Chile",2026-12-30,ORD-CL-202612-003978,185327,2027-01-01,Vitacura
9.989.246-6,Cliente Nuevo 9989246,"Avenida Kennedy 4890, Santiago, Chile",2026-12-30,ORD-CL-202612-003979,97732,2027-01-03,La Reina
19.955.744-1,Cliente Nuevo 19955744,"Avenida Manuel Montt 4776, Santiago, Chile",2026-12-30,ORD-CL-202612-003980,235463,2027-01-01,Santiago
12.627.284-5,Cliente 12627284,"Avenida Recoleta 8980, Santiago, Chile",2026-12-30,ORD-CL-202612-003981,86989,2026-12-31,Recoleta
17.094.471-5,Cliente 17094471,"Avenida Mapocho 4726, Santiago, Chile",2026-12-30,ORD-CL-202612-003982,255377,2027-01-01,Quinta Normal
17.307.899-4,Cliente Nuevo 17307899,"Avenida Vitacura 7328, Santiago, Chile",2026-12-30,ORD-CL-202612-003983,107666,2027-01-01,La Reina
11.526.390-0,Cliente Nuevo 11526390,"Avenida La Florida 1468, Santiago, Chile",2026-12-30,ORD-CL-202612-003984,72927,2027-01-02,La Florida
18.148.969-2,Cliente 18148969,"Calle San Antonio 448, Santiago, Chile",2026-12-30,ORD-CL-202612-003985,199217,2027-01-01,Vitacura
6.003.063-0,Cliente 6003063,"Calle Santo Domingo 7729, Santiago, Chile",2026-12-30,ORD-CL-202612-003986,68002,2027-01-03,Peñalolén
9.227.638-2,Cliente Nuevo 9227638,"Calle Morandé 6785, Santiago, Chile",2026-12-30,ORD-CL-202612-003987,190285,2027-01-01,Quinta Normal
19.337.908-6,Cliente 19337908,"Avenida La Florida 2133, Santiago, Chile",2026-12-30,ORD-CL-202612-003988,177614,2027-01-01,Santiago
21.208.203-8,Cliente Nuevo 21208203,"Avenida La Florida 476, Santiago, Chile",2026-12-30,ORD-CL-202612-003989,76698,2027-01-01,Lo Prado
19.726.782-0,Cliente Nuevo 19726782,"Calle Morandé 5988, Santiago, Chile",2026-12-30,ORD-CL-202612-003990,120316,2027-01-01,Vitacura
15.155.879-0,Cliente 15155879,"Calle Estado 4510, Santiago, Chile",2026-12-30,ORD-CL-202612-003991,167889,2027-01-03,Quinta Normal
17.625.173-4,Cliente Nuevo 17625173,"Calle Catedral 9893, Santiago, Chile",2026-12-30,ORD-CL-202612-003992,34070,2027-01-03,Lo Prado
7.815.509-7,Cliente Nuevo 7815509,"Avenida Tobalaba 803, Santiago, Chile",2026-12-30,ORD-CL-202612-003993,142123,2027-01-01,La Reina
10.976.769-3,Cliente Nuevo 10976769,"Avenida Libertador Bernardo O'Higgins 8781, Santiago, Chile",2026-12-30,ORD-CL-202612-003994,163481,2027-01-04,Puente Alto
22.748.915-7,Cliente Nuevo 22748915,"Calle Estado 1275, Santiago, Chile",2026-12-30,ORD-CL-202612-003995,173347,2027-01-01,La Florida
9.185.090-5,Cliente Nuevo 9185090,"Avenida Manuel Montt 4351, Santiago, Chile",2026-12-30,ORD-CL-202612-003996,262818,2027-01-03,Vitacura
13.033.877-0,Cliente Nuevo 13033877,"Avenida Pedro De Valdivia 9814, Santiago, Chile",2026-12-30,ORD-CL-202612-003997,169089,2027-01-01,Lo Prado
8.164.057-6,Cliente Nuevo 8164057,"Avenida Libertador Bernardo O'Higgins 4908, Santiago, Chile",2026-12-30,ORD-CL-202612-003998,144001,2027-01-01,San Miguel
21.668.211-6,Cliente 21668211,"Calle Catedral 9848, Santiago, Chile",2026-12-30,ORD-CL-202612-003999,82831,2027-01-01,La Reina
8.798.160-9,Cliente 8798160,"Calle Arturo Prat 7627, Santiago, Chile",2026-12-30,ORD-CL-202612-004000,265688,2027-01-02,Las Condes
19.059.699-3,Cliente Nuevo 19059699,"Gran Avenida José Miguel Carrera 3758, Santiago, Chile",2026-12-30,ORD-CL-202612-004001,151854,2027-01-01,Recoleta
17.537.130-3,Cliente 17537130,"Calle San Antonio 3561, Santiago, Chile",2026-12-30,ORD-CL-202612-004002,79093,2027-01-02,Peñalolén
13.518.732-9,Cliente 13518732,"Avenida Independencia 6485, Santiago, Chile",2026-12-30,ORD-CL-202612-004003,141133,2027-01-01,La Florida
14.319.883-1,Cliente 14319883,"Avenida Matta 5936, Santiago, Chile",2026-12-30,ORD-CL-202612-004004,122730,2027-01-03,Puente Alto
6.843.079-6,Cliente Nuevo 6843079,"Calle Arturo Prat 1596, Santiago, Chile",2026-12-30,ORD-CL-202612-004005,97237,2027-01-01,Independencia
10.996.031-8,Cliente 10996031,"Calle Merced 635, Santiago, Chile",2026-12-30,ORD-CL-202612-004006,88332,2027-01-02,Puente Alto
19.886.703-0,Cliente 19886703,"Avenida Departamental 2215, Santiago, Chile",2026-12-30,ORD-CL-202612-004007,302388,2027-01-01,Providencia
7.686.773-4,Cliente Nuevo 7686773,"Avenida Manuel Montt 4785, Santiago, Chile",2026-12-31,ORD-CL-202612-004008,293500,2027-01-03,Providencia
22.261.538-1,Cliente Nuevo 22261538,"Avenida Departamental 7599, Santiago, Chile",2026-12-31,ORD-CL-202612-004009,112208,2027-01-02,Recoleta
20.054.714-3,Cliente 20054714,"Gran Avenida José Miguel Carrera 3652, Santiago, Chile",2026-12-31,ORD-CL-202612-004010,133387,2027-01-03,Puente Alto
18.031.371-2,Cliente 18031371,"Avenida Mapocho 1103, Santiago, Chile",2026-12-31,ORD-CL-202612-004011,178380,2027-01-03,Santiago
16.887.774-4,Cliente 16887774,"Calle Estado 4661, Santiago, Chile",2026-12-31,ORD-CL-202612-004012,225055,2027-01-03,Puente Alto
5.053.024-2,Cliente 5053024,"Avenida Departamental 1018, Santiago, Chile",2026-12-31,ORD-CL-202612-004013,105860,2027-01-02,Quinta Normal
7.937.753-5,Cliente Nuevo 7937753,"Calle Bandera 6021, Santiago, Chile",2026-12-31,ORD-CL-202612-004014,267009,2027-01-03,Quinta Normal
14.106.311-8,Cliente Nuevo 14106311,"Calle Huérfanos 6206, Santiago, Chile",2026-12-31,ORD-CL-202612-004015,149344,2027-01-02,Santiago
22.580.121-4,Cliente 22580121,"Calle Merced 2517, Santiago, Chile",2026-12-31,ORD-CL-202612-004016,204663,2027-01-04,Santiago
5.874.120-7,Cliente Nuevo 5874120,"Calle Estado 5148, Santiago, Chile",2026-12-31,ORD-CL-202612-004017,169317,2027-01-05,Las Condes
20.495.444-6,Cliente 20495444,"Calle Huérfanos 5705, Santiago, Chile",2026-12-31,ORD-CL-202612-004018,245012,2027-01-03,Santiago
10.068.291-7,Cliente 10068291,"Avenida Independencia 6527, Santiago, Chile",2026-12-31,ORD-CL-202612-004019,154471,2027-01-04,Independencia
19.737.878-6,Cliente 19737878,"Avenida Vitacura 7559, Santiago, Chile",2026-12-31,ORD-CL-202612-004020,183778,2027-01-02,Estación Central
7.705.769-1,Cliente Nuevo 7705769,"Avenida Mapocho 6909, Santiago, Chile",2026-12-31,ORD-CL-202612-004021,188782,2027-01-03,Recoleta
10.299.661-5,Cliente 10299661,"Avenida Las Condes 3948, Santiago, Chile",2026-12-31,ORD-CL-202612-004022,222700,2027-01-04,San Miguel
8.191.784-1,Cliente Nuevo 8191784,"Avenida Pajaritos 97, Santiago, Chile",2026-12-31,ORD-CL-202612-004023,106908,2027-01-04,Las Condes
6.852.110-4,Cliente 6852110,"Avenida Macul 3599, Santiago, Chile",2026-12-31,ORD-CL-202612-004024,239627,2027-01-02,Recoleta
11.174.494-1,Cliente 11174494,"Calle Santo Domingo 5696, Santiago, Chile",2026-12-31,ORD-CL-202612-004025,136825,2027-01-02,Quinta Normal
10.126.360-4,Cliente Nuevo 10126360,"Calle Compañía De Jesús 6953, Santiago, Chile",2026-12-31,ORD-CL-202612-004026,188626,2027-01-02,La Florida
19.992.824-7,Cliente Nuevo 19992824,"Calle Estado 4553, Santiago, Chile",2026-12-31,ORD-CL-202612-004027,232412,2027-01-04,Vitacura
17.657.459-0,Cliente 17657459,"Avenida Macul 5525, Santiago, Chile",2026-12-31,ORD-CL-202612-004028,173108,2027-01-04,La Florida
14.236.848-3,Cliente Nuevo 14236848,"Avenida Las Condes 7844, Santiago, Chile",2026-12-31,ORD-CL-202612-004029,261520,2027-01-02,La Reina
19.429.781-7,Cliente 19429781,"Calle Arturo Prat 6209, Santiago, Chile",2026-12-31,ORD-CL-202612-004030,71435,2027-01-02,Independencia
15.020.480-2,Cliente 15020480,"Avenida Santa Rosa 5687, Santiago, Chile",2026-12-31,ORD-CL-202612-004031,161611,2027-01-02,Independencia
22.702.021-8,Cliente 22702021,"Avenida Matta 2957, Santiago, Chile",2026-12-31,ORD-CL-202612-004032,142772,2027-01-02,Santiago
5.035.931-6,Cliente Nuevo 5035931,"Avenida Mapocho 1329, Santiago, Chile",2026-12-31,ORD-CL-202612-004033,206113,2027-01-02,Santiago
17.308.796-5,Cliente 17308796,"Avenida Grecia 7261, Santiago, Chile",2026-12-31,ORD-CL-202612-004034,180732,2027-01-02,Santiago
21.301.006-1,Cliente 21301006,"Calle Huérfanos 8615, Santiago, Chile",2026-12-31,ORD-CL-202612-004035,77179,2027-01-02,Providencia
15.916.683-3,Cliente 15916683,"Calle Santo Domingo 1407, Santiago, Chile",2026-12-31,ORD-CL-202612-004036,235986,2027-01-03,La Florida
9.415.369-1,Cliente 9415369,"Calle San Antonio 8998, Santiago, Chile",2026-12-31,ORD-CL-202612-004037,192384,2027-01-03,Recoleta
20.741.726-2,Cliente Nuevo 20741726,"Calle Catedral 9181, Santiago, Chile",2026-12-31,ORD-CL-202612-004038,141344,2027-01-04,Puente Alto
14.599.583-8,Cliente Nuevo 14599583,"Avenida Pajaritos 4468, Santiago, Chile",2026-12-31,ORD-CL-202612-004039,174768,2027-01-02,Vitacura
11.972.250-9,Cliente 11972250,"Avenida Mapocho 159, Santiago, Chile",2026-12-31,ORD-CL-202612-004040,185091,2027-01-04,Peñalolén
18.208.118-9,Cliente 18208118,"Avenida Irarrázaval 2790, Santiago, Chile",2026-12-31,ORD-CL-202612-004041,242699,2027-01-02,Las Condes
10.796.031-2,Cliente 10796031,"Avenida Pajaritos 9591, Santiago, Chile",2026-12-31,ORD-CL-202612-004042,289016,2027-01-02,Santiago
15.305.122-8,Cliente 15305122,"Calle Morandé 7758, Santiago, Chile",2026-12-31,ORD-CL-202612-004043,168022,2027-01-02,Estación Central
10.499.637-6,Cliente Nuevo 10499637,"Avenida Independencia 7595, Santiago, Chile",2026-12-31,ORD-CL-202612-004044,62083,2027-01-03,Santiago
7.970.249-2,Cliente Nuevo 7970249,"Avenida Kennedy 1101, Santiago, Chile",2026-12-31,ORD-CL-202612-004045,114496,2027-01-03,San Miguel
11.824.078-2,Cliente 11824078,"Avenida Matta 9009, Santiago, Chile",2026-12-31,ORD-CL-202612-004046,189220,2027-01-02,Vitacura
11.312.538-3,Cliente Nuevo 11312538,"Gran Avenida José Miguel Carrera 4470, Santiago, Chile",2026-12-31,ORD-CL-202612-004047,239055,2027-01-04,Puente Alto
8.438.148-8,Cliente Nuevo 8438148,"Avenida Kennedy 6569, Santiago, Chile",2026-12-31,ORD-CL-202612-004048,200928,2027-01-02,La Reina
10.370.382-5,Cliente 10370382,"Avenida Vitacura 7462, Santiago, Chile",2026-12-31,ORD-CL-202612-004049,136263,2027-01-01,Vitacura
18.869.132-5,Cliente 18869132,"Calle Amunátegui 7671, Santiago, Chile",2026-12-31,ORD-CL-202612-004050,146394,2027-01-04,La Florida
13.862.636-1,Cliente 13862636,"Avenida Kennedy 5716, Santiago, Chile",2026-12-31,ORD-CL-202612-004051,66219,2027-01-03,Vitacura
17.118.163-5,Cliente Nuevo 17118163,"Calle Teatinos 8205, Santiago, Chile",2026-12-31,ORD-CL-202612-004052,169200,2027-01-04,San Miguel
7.197.560-5,Cliente 7197560,"Calle Amunátegui 4767, Santiago, Chile",2026-12-31,ORD-CL-202612-004053,265878,2027-01-03,Santiago
9.212.917-4,Cliente 9212917,"Gran Avenida José Miguel Carrera 9844, Santiago, Chile",2026-12-31,ORD-CL-202612-004054,115238,2027-01-04,Quinta Normal
22.028.114-7,Cliente Nuevo 22028114,"Avenida Vitacura 6926, Santiago, Chile",2026-12-31,ORD-CL-202612-004055,182151,2027-01-02,Vitacura
14.319.883-1,Cliente 14319883,"Avenida Matta 5936, Santiago, Chile",2026-12-31,ORD-CL-202612-004056,50090,2027-01-04,Puente Alto
17.263.025-1,Cliente 17263025,"Avenida Macul 2073, Santiago, Chile",2026-12-31,ORD-CL-202612-004057,97875,2027-01-04,Lo Prado
18.007.218-7,Cliente Nuevo 18007218,"Avenida La Florida 5134, Santiago, Chile",2026-12-31,ORD-CL-202612-004058,67624,2027-01-04,La Reina
5.880.401-0,Cliente Nuevo 5880401,"Avenida Departamental 8230, Santiago, Chile",2026-12-31,ORD-CL-202612-004059,158516,2027-01-04,Santiago
17.308.796-5,Cliente 17308796,"Avenida Grecia 7261, Santiago, Chile",2026-12-31,ORD-CL-202612-004060,194893,2027-01-04,Santiago
20.917.666-0,Cliente Nuevo 20917666,"Calle Teatinos 9903, Santiago, Chile",2026-12-31,ORD-CL-202612-004061,93722,2027-01-02,Estación Central
7.135.296-7,Cliente Nuevo 7135296,"Avenida Américo Vespucio 4295, Santiago, Chile",2026-12-31,ORD-CL-202612-004062,182139,2027-01-02,La Reina
17.374.943-0,Cliente 17374943,"Avenida Las Condes 5061, Santiago, Chile",2026-12-31,ORD-CL-202612-004063,215525,2027-01-02,Lo Prado
14.819.473-1,Cliente 14819473,"Avenida Grecia 6127, Santiago, Chile",2026-12-31,ORD-CL-202612-004064,171698,2027-01-02,Puente Alto
6.852.110-4,Cliente 6852110,"Avenida Macul 3599, Santiago, Chile",2026-12-31,ORD-CL-202612-004065,213897,2027-01-02,Recoleta
14.920.120-1,Cliente Nuevo 14920120,"Avenida Matta 9752, Santiago, Chile",2026-12-31,ORD-CL-202612-004066,94974,2027-01-05,San Miguel
14.738.270-9,Cliente Nuevo 14738270,"Calle Arturo Prat 3533, Santiago, Chile",2026-12-31,ORD-CL-202612-004067,132058,2027-01-03,Providencia
15.768.838-4,Cliente 15768838,"Calle Catedral 2422, Santiago, Chile",2026-12-31,ORD-CL-202612-004068,104600,2027-01-02,Vitacura
22.578.698-3,Cliente 22578698,"Calle Arturo Prat 66, Santiago, Chile",2026-12-31,ORD-CL-202612-004069,230060,2027-01-02,Santiago
10.462.949-0,Cliente Nuevo 10462949,"Calle Compañía De Jesús 8863, Santiago, Chile",2026-12-31,ORD-CL-202612-004070,200211,2027-01-02,Santiago
16.696.846-0,Cliente 16696846,"Calle Huérfanos 264, Santiago, Chile",2026-12-31,ORD-CL-202612-004071,187719,2027-01-04,Lo Prado
21.123.205-6,Cliente Nuevo 21123205,"Avenida Independencia 4789, Santiago, Chile",2026-12-31,ORD-CL-202612-004072,63345,2027-01-01,La Reina
20.611.804-1,Cliente 20611804,"Avenida Vitacura 1955, Santiago, Chile",2026-12-31,ORD-CL-202612-004073,215533,2027-01-02,Lo Prado
22.094.291-1,Cliente 22094291,"Calle Santo Domingo 7533, Santiago, Chile",2026-12-31,ORD-CL-202612-004074,264250,2027-01-04,Lo Prado
13.471.722-9,Cliente Nuevo 13471722,"Avenida Independencia 9382, Santiago, Chile",2026-12-31,ORD-CL-202612-004075,99648,2027-01-02,Santiago
18.111.233-0,Cliente 18111233,"Gran Avenida José Miguel Carrera 9617, Santiago, Chile",2026-12-31,ORD-CL-202612-004076,116964,2027-01-01,Peñalolén
12.627.284-5,Cliente 12627284,"Avenida Recoleta 8980, Santiago, Chile",2026-12-31,ORD-CL-202612-004077,304297,2027-01-02,Recoleta
13.012.372-4,Cliente Nuevo 13012372,"Calle Catedral 6951, Santiago, Chile",2026-12-31,ORD-CL-202612-004078,169250,2027-01-02,Peñalolén
16.774.922-8,Cliente Nuevo 16774922,"Avenida Independencia 9113, Santiago, Chile",2026-12-31,ORD-CL-202612-004079,101594,2027-01-01,Quinta Normal
21.749.736-4,Cliente 21749736,"Avenida Tobalaba 472, Santiago, Chile",2026-12-31,ORD-CL-202612-004080,95231,2027-01-03,Santiago
19.141.286-4,Cliente Nuevo 19141286,"Avenida Tobalaba 454, Santiago, Chile",2026-12-31,ORD-CL-202612-004081,253401,2027-01-01,Santiago
6.745.477-7,Cliente Nuevo 6745477,"Calle Estado 8755, Santiago, Chile",2026-12-31,ORD-CL-202612-004082,113612,2027-01-03,Peñalolén
19.524.568-0,Cliente 19524568,"Calle Catedral 8542, Santiago, Chile",2026-12-31,ORD-CL-202612-004083,121903,2027-01-03,Santiago
22.094.291-1,Cliente 22094291,"Calle Santo Domingo 7533, Santiago, Chile",2026-12-31,ORD-CL-202612-004084,219843,2027-01-02,Lo Prado
6.613.230-2,Cliente Nuevo 6613230,"Avenida Departamental 2164, Santiago, Chile",2026-12-31,ORD-CL-202612-004085,229213,2027-01-03,Lo Prado
22.949.052-6,Cliente 22949052,"Avenida Kennedy 9275, Santiago, Chile",2026-12-31,ORD-CL-202612-004086,175136,2027-01-01,Estación Central
8.417.738-8,Cliente Nuevo 8417738,"Avenida La Florida 5146, Santiago, Chile",2026-12-31,ORD-CL-202612-004087,151656,2027-01-04,Santiago
14.429.807-9,Cliente 14429807,"Avenida Apoquindo 6788, Santiago, Chile",2026-12-31,ORD-CL-202612-004088,193134,2027-01-02,Independencia
16.975.133-0,Cliente Nuevo 16975133,"Calle Bandera 7039, Santiago, Chile",2026-12-31,ORD-CL-202612-004089,69028,2027-01-03,Santiago
11.079.834-9,Cliente 11079834,"Avenida Pajaritos 9628, Santiago, Chile",2026-12-31,ORD-CL-202612-004090,134837,2027-01-04,Estación Central
17.337.192-6,Cliente Nuevo 17337192,"Avenida Vitacura 1491, Santiago, Chile",2026-12-31,ORD-CL-202612-004091,77068,2027-01-02,San Miguel
7.734.479-1,Cliente Nuevo 7734479,"Avenida Manuel Montt 7498, Santiago, Chile",2026-12-31,ORD-CL-202612-004092,267263,2027-01-03,Puente Alto
13.725.651-2,Cliente 13725651,"Calle San Antonio 2929, Santiago, Chile",2026-12-31,ORD-CL-202612-004093,48672,2027-01-04,Santiago
5.801.784-9,Cliente Nuevo 5801784,"Avenida Libertador Bernardo O'Higgins 3471, Santiago, Chile",2026-12-31,ORD-CL-202612-004094,158459,2027-01-04,Santiago
13.269.727-3,Cliente 13269727,"Calle Bandera 8232, Santiago, Chile",2026-12-31,ORD-CL-202612-004095,282429,2027-01-03,Santiago
6.782.303-1,Cliente Nuevo 6782303,"Avenida Tobalaba 7894, Santiago, Chile",2026-12-31,ORD-CL-202612-004096,270089,2027-01-03,Estación Central
5.207.312-2,Cliente Nuevo 5207312,"Calle San Diego 2452, Santiago, Chile",2026-12-31,ORD-CL-202612-004097,246589,2027-01-03,Estación Central
21.785.699-3,Cliente 21785699,"Avenida Apoquindo 4280, Santiago, Chile",2026-12-31,ORD-CL-202612-004098,131914,2027-01-03,Independencia
18.052.817-2,Cliente Nuevo 18052817,"Avenida La Florida 7075, Santiago, Chile",2026-12-31,ORD-CL-202612-004099,118115,2027-01-02,La Florida
14.546.736-0,Cliente Nuevo 14546736,"Calle San Antonio 7748, Santiago, Chile",2026-12-31,ORD-CL-202612-004100,210875,2027-01-04,Peñalolén
14.729.367-0,Cliente 14729367,"Avenida Recoleta 1848, Santiago, Chile",2026-12-31,ORD-CL-202612-004101,137966,2027-01-02,Santiago
17.575.935-7,Cliente 17575935,"Calle Bandera 7828, Santiago, Chile",2026-12-31,ORD-CL-202612-004102,280548,2027-01-02,Santiago
14.447.082-7,Cliente 14447082,"Calle Compañía De Jesús 6812, Santiago, Chile",2026-12-31,ORD-CL-202612-004103,292834,2027-01-02,Santiago
12.698.104-2,Cliente Nuevo 12698104,"Calle Estado 6949, Santiago, Chile",2026-12-31,ORD-CL-202612-004104,226728,2027-01-03,La Florida
11.312.538-3,Cliente Nuevo 11312538,"Gran Avenida José Miguel Carrera 4470, Santiago, Chile",2026-12-31,ORD-CL-202612-004105,152674,2027-01-02,Puente Alto
22.537.714-9,Cliente 22537714,"Calle Amunátegui 8339, Santiago, Chile",2026-12-31,ORD-CL-202612-004106,148414,2027-01-04,Puente Alto
6.659.736-1,Cliente Nuevo 6659736,"Avenida Santa Rosa 1724, Santiago, Chile",2026-12-31,ORD-CL-202612-004107,191840,2027-01-03,Santiago
21.566.255-6,Cliente 21566255,"Avenida Recoleta 7733, Santiago, Chile",2026-12-31,ORD-CL-202612-004108,220429,2027-01-03,Santiago
22.281.230-0,Cliente 22281230,"Avenida Libertador Bernardo O'Higgins 5480, Santiago, Chile",2026-12-31,ORD-CL-202612-004109,95999,2027-01-04,Recoleta
8.099.283-2,Cliente 8099283,"Calle Huérfanos 6394, Santiago, Chile",2026-12-31,ORD-CL-202612-004110,158882,2027-01-03,Peñalolén
15.839.440-2,Cliente Nuevo 15839440,"Calle Compañía De Jesús 2799, Santiago, Chile",2026-12-31,ORD-CL-202612-004111,104724,2027-01-02,Quinta Normal
9.415.369-1,Cliente 9415369,"Calle San Antonio 8998, Santiago, Chile",2026-12-31,ORD-CL-202612-004112,75972,2027-01-04,Recoleta
8.418.763-1,Cliente Nuevo 8418763,"Avenida Santa Rosa 9809, Santiago, Chile",2026-12-31,ORD-CL-202612-004113,245522,2027-01-01,Santiago
11.162.255-0,Cliente 11162255,"Calle Amunátegui 8155, Santiago, Chile",2026-12-31,ORD-CL-202612-004114,136887,2027-01-02,Recoleta
7.883.540-8,Cliente 7883540,"Avenida Pedro De Valdivia 7181, Santiago, Chile",2026-12-31,ORD-CL-202612-004115,138230,2027-01-02,Vitacura
17.106.870-6,Cliente 17106870,"Avenida Recoleta 5324, Santiago, Chile",2026-12-31,ORD-CL-202612-004116,197497,2027-01-04,Providencia
9.727.696-0,Cliente Nuevo 9727696,"Avenida Pajaritos 2452, Santiago, Chile",2026-12-31,ORD-CL-202612-004117,72764,2027-01-04,La Florida
14.089.104-8,Cliente Nuevo 14089104,"Avenida La Florida 9439, Santiago, Chile",2026-12-31,ORD-CL-202612-004118,153004,2027-01-02,Santiago
8.441.293-4,Cliente Nuevo 8441293,"Avenida Libertador Bernardo O'Higgins 484, Santiago, Chile",2026-12-31,ORD-CL-202612-004119,171950,2027-01-02,Providencia
17.614.083-4,Cliente 17614083,"Calle Huérfanos 2399, Santiago, Chile",2026-12-31,ORD-CL-202612-004120,259033,2027-01-02,Vitacura
15.954.383-7,Cliente Nuevo 15954383,"Calle San Diego 1219, Santiago, Chile",2026-12-31,ORD-CL-202612-004121,73899,2027-01-03,Independencia
21.079.522-3,Cliente 21079522,"Avenida Irarrázaval 2958, Santiago, Chile",2026-12-31,ORD-CL-202612-004122,79764,2027-01-02,Independencia
15.056.286-5,Cliente 15056286,"Avenida Independencia 6313, Santiago, Chile",2026-12-31,ORD-CL-202612-004123,126510,2027-01-02,Santiago
6.764.143-8,Cliente Nuevo 6764143,"Avenida Matta 4868, Santiago, Chile",2026-12-31,ORD-CL-202612-004124,191565,2027-01-03,Lo Prado
22.600.153-8,Cliente 22600153,"Avenida Departamental 6836, Santiago, Chile",2026-12-31,ORD-CL-202612-004125,82731,2027-01-02,Puente Alto
12.998.113-8,Cliente 12998113,"Avenida Pajaritos 2544, Santiago, Chile",2026-12-31,ORD-CL-202612-004126,264723,2027-01-03,Las Condes
18.136.533-6,Cliente 18136533,"Avenida Libertador Bernardo O'Higgins 1045, Santiago, Chile",2026-12-31,ORD-CL-202612-004127,202161,2027-01-02,Santiago
16.589.779-7,Cliente Nuevo 16589779,"Avenida Apoquindo 1918, Santiago, Chile",2026-12-31,ORD-CL-202612-004128,117283,2027-01-03,Independencia
19.566.156-0,Cliente Nuevo 19566156,"Calle Compañía De Jesús 2790, Santiago, Chile",2026-12-31,ORD-CL-202612-004129,194309,2027-01-03,La Reina
16.607.128-7,Cliente 16607128,"Avenida Grecia 9683, Santiago, Chile",2026-12-31,ORD-CL-202612-004130,108056,2027-01-03,Santiago
15.236.104-9,Cliente 15236104,"Calle Teatinos 975, Santiago, Chile",2026-12-31,ORD-CL-202612-004131,169868,2027-01-02,San Miguel
17.126.096-0,Cliente Nuevo 17126096,"Calle Santo Domingo 1055, Santiago, Chile",2026-12-31,ORD-CL-202612-004132,177432,2027-01-02,Providencia
17.881.840-5,Cliente 17881840,"Avenida Las Condes 1767, Santiago, Chile",2026-12-31,ORD-CL-202612-004133,114429,2027-01-03,La Florida
12.150.582-5,Cliente 12150582,"Avenida La Florida 7240, Santiago, Chile",2026-12-31,ORD-CL-202612-004134,286466,2027-01-02,Quinta Normal
19.081.688-6,Cliente Nuevo 19081688,"Avenida Kennedy 5146, Santiago, Chile",2026-12-31,ORD-CL-202612-004135,164469,2027-01-02,Quinta Normal
10.930.514-7,Cliente 10930514,"Calle Bandera 8012, Santiago, Chile",2026-12-31,ORD-CL-202612-004136,84033,2027-01-04,Santiago
9.258.545-0,Cliente Nuevo 9258545,"Avenida Providencia 5058, Santiago, Chile",2026-12-31,ORD-CL-202612-004137,257191,2027-01-02,Quinta Normal
6.606.107-5,Cliente Nuevo 6606107,"Avenida Providencia 3544, Santiago, Chile",2026-12-31,ORD-CL-202612-004138,262261,2027-01-03,Puente Alto
16.845.963-0,Cliente 16845963,"Avenida Américo Vespucio 1428, Santiago, Chile",2026-12-31,ORD-CL-202612-004139,141001,2027-01-04,Providencia
13.139.013-9,Cliente Nuevo 13139013,"Avenida Vicuña Mackenna 9865, Santiago, Chile",2026-12-31,ORD-CL-202612-004140,166543,2027-01-04,La Reina
10.676.304-9,Cliente Nuevo 10676304,"Calle Teatinos 9422, Santiago, Chile",2026-12-31,ORD-CL-202612-004141,193201,2027-01-03,Las Condes
8.672.977-1,Cliente 8672977,"Calle Amunátegui 9635, Santiago, Chile",2026-12-31,ORD-CL-202612-004142,55092,2027-01-03,Santiago
20.486.869-7,Cliente Nuevo 20486869,"Avenida Matta 1017, Santiago, Chile",2026-12-31,ORD-CL-202612-004143,117710,2027-01-04,Santiago
11.843.976-3,Cliente 11843976,"Calle Estado 1767, Santiago, Chile",2026-12-31,ORD-CL-202612-004144,189685,2027-01-03,La Florida
11.560.240-5,Cliente Nuevo 11560240,"Avenida Independencia 7786, Santiago, Chile",2026-12-31,ORD-CL-202612-004145,130916,2027-01-02,San Miguel
19.599.888-5,Cliente 19599888,"Avenida Américo Vespucio 4422, Santiago, Chile",2026-12-31,ORD-CL-202612-004146,210388,2027-01-02,Providencia
14.225.992-2,Cliente 14225992,"Avenida Mapocho 2999, Santiago, Chile",2026-12-31,ORD-CL-202612-004147,90520,2027-01-03,Santiago
14.233.701-5,Cliente 14233701,"Avenida Libertador Bernardo O'Higgins 2588, Santiago, Chile",2026-12-31,ORD-CL-202612-004148,129015,2027-01-02,Lo Prado
22.692.685-2,Cliente 22692685,"Calle Arturo Prat 5100, Santiago, Chile",2026-12-31,ORD-CL-202612-004149,154111,2027-01-04,Santiago
12.645.973-0,Cliente Nuevo 12645973,"Avenida Matta 8227, Santiago, Chile",2026-12-31,ORD-CL-202612-004150,192090,2027-01-04,Santiago
18.009.133-6,Cliente 18009133,"Avenida Macul 8042, Santiago, Chile",2026-12-31,ORD-CL-202612-004151,178653,2027-01-04,Recoleta
22.543.918-4,Cliente Nuevo 22543918,"Calle Catedral 3236, Santiago, Chile",2026-12-31,ORD-CL-202612-004152,137897,2027-01-03,Recoleta
14.464.405-0,Cliente Nuevo 14464405,"Avenida Apoquindo 4174, Santiago, Chile",2026-12-31,ORD-CL-202612-004153,78377,2027-01-03,Independencia
19.694.095-4,Cliente 19694095,"Avenida Independencia 2139, Santiago, Chile",2026-12-31,ORD-CL-202612-004154,56108,2027-01-03,Independencia
7.337.266-2,Cliente Nuevo 7337266,"Avenida Recoleta 5073, Santiago, Chile",2026-12-31,ORD-CL-202612-004155,307488,2027-01-02,Santiago
15.595.095-2,Cliente 15595095,"Avenida Manuel Montt 6241, Santiago, Chile",2026-12-31,ORD-CL-202612-004156,165166,2027-01-02,Quinta Normal
5.689.412-3,Cliente Nuevo 5689412,"Avenida Pedro De Valdivia 2288, Santiago, Chile",2026-12-31,ORD-CL-202612-004157,197930,2027-01-01,Santiago
6.917.619-8,Cliente 6917619,"Calle Amunátegui 9103, Santiago, Chile",2026-12-31,ORD-CL-202612-004158,79391,2027-01-02,Recoleta
17.304.826-7,Cliente 17304826,"Calle Bandera 1249, Santiago, Chile",2026-12-31,ORD-CL-202612-004159,123015,2027-01-02,Estación Central
15.682.091-5,Cliente 15682091,"Avenida Tobalaba 3402, Santiago, Chile",2026-12-31,ORD-CL-202612-004160,100602,2027-01-04,Santiago
17.227.907-9,Cliente Nuevo 17227907,"Calle Compañía De Jesús 7495, Santiago, Chile",2026-12-31,ORD-CL-202612-004161,186365,2027-01-02,Estación Central
21.547.895-8,Cliente 21547895,"Calle San Diego 5264, Santiago, Chile",2026-12-31,ORD-CL-202612-004162,275460,2027-01-03,Santiago
16.582.233-7,Cliente Nuevo 16582233,"Calle Arturo Prat 9887, Santiago, Chile",2026-12-31,ORD-CL-202612-004163,167920,2027-01-02,Santiago
20.879.223-6,Cliente 20879223,"Calle Monjitas 9892, Santiago, Chile",2026-12-31,ORD-CL-202612-004164,104354,2027-01-03,Independencia
14.129.991-5,Cliente 14129991,"Avenida Matta 1637, Santiago, Chile",2026-12-31,ORD-CL-202612-004165,82571,2027-01-01,Estación Central
17.573.126-3,Cliente 17573126,"Calle San Antonio 1509, Santiago, Chile",2026-12-31,ORD-CL-202612-004166,143234,2027-01-04,Providencia
16.026.711-8,Cliente 16026711,"Calle Morandé 6482, Santiago, Chile",2026-12-31,ORD-CL-202612-004167,130384,2027-01-02,Estación Central
6.289.549-0,Cliente Nuevo 6289549,"Calle Catedral 4403, Santiago, Chile",2026-12-31,ORD-CL-202612-004168,204496,2027-01-02,Independencia
9.995.613-2,Cliente Nuevo 9995613,"Avenida Américo Vespucio 419, Santiago, Chile",2026-12-31,ORD-CL-202612-004169,141214,2027-01-03,Independencia
21.032.981-1,Cliente 21032981,"Calle Huérfanos 3562, Santiago, Chile",2026-12-31,ORD-CL-202612-004170,239246,2027-01-02,Lo Prado
14.310.620-8,Cliente Nuevo 14310620,"Calle Santo Domingo 5170, Santiago, Chile",2026-12-31,ORD-CL-202612-004171,164144,2027-01-02,Recoleta
14.775.032-2,Cliente 14775032,"Avenida Departamental 2113, Santiago, Chile",2026-12-31,ORD-CL-202612-004172,177125,2027-01-04,Estación Central
13.168.967-9,Cliente Nuevo 13168967,"Avenida Recoleta 6597, Santiago, Chile",2026-12-31,ORD-CL-202612-004173,242235,2027-01-05,La Reina
17.408.939-1,Cliente 17408939,"Avenida Independencia 5446, Santiago, Chile",2026-12-31,ORD-CL-202612-004174,122941,2027-01-03,San Miguel
5.433.342-8,Cliente 5433342,"Calle Arturo Prat 4641, Santiago, Chile",2026-12-31,ORD-CL-202612-004175,177132,2027-01-02,La Reina
21.020.259-3,Cliente 21020259,"Calle Arturo Prat 4349, Santiago, Chile",2026-12-31,ORD-CL-202612-004176,304776,2027-01-05,Independencia
14.299.456-2,Cliente Nuevo 14299456,"Calle San Antonio 8089, Santiago, Chile",2026-12-31,ORD-CL-202612-004177,181443,2027-01-01,La Reina
14.065.283-2,Cliente 14065283,"Avenida Macul 9885, Santiago, Chile",2026-12-31,ORD-CL-202612-004178,145162,2027-01-02,Quinta Normal
13.905.591-0,Cliente Nuevo 13905591,"Avenida Irarrázaval 7578, Santiago, Chile",2026-12-31,ORD-CL-202612-004179,192691,2027-01-02,Providencia
14.512.240-4,Cliente Nuevo 14512240,"Avenida Matta 5370, Santiago, Chile",2026-12-31,ORD-CL-202612-004180,66637,2027-01-03,Estación Central
